url,status,final_url,locale,title,h1,canonical,robots,x_robots_tag,content_sha256,visible_text_sha256,content_bytes,visible_text_chars,seconds,truncated,error,source_ids,canonical_duplicate_group,exact_text_duplicate_group,canonical_recommendation,canonical_recommendation_evidence,decision
https://psitrends.com/index.php?id=2&option=com_quix&view=page,200,https://psitrends.com/index.php?id=2&option=com_quix&view=page,en-gb,Home,[],[],[],,ff0e52032196b8bb9bd88b897ba329fd75e9fd369b79fde8b178889bb56a6b47,896eeff9b895399ef29f1909fde3faf711cf1bc5d35dcd4893d9ec73629a2db6,120362,9381,1.086,False,,"[{""type"": ""quix"", ""id"": ""2"", ""language"": ""*""}, {""type"": ""menu_exact"", ""id"": ""101"", ""language"": ""*""}]",,896eeff9b895399ef29f1909fde3faf711cf1bc5d35dcd4893d9ec73629a2db6,,,REVIEW_NEEDED
https://psitrends.com/index.php?id=3&option=com_quix&view=page,200,https://psitrends.com/index.php?id=3&option=com_quix&view=page,en-gb,Аcademy of archetypal consulting,[],[],[],,c9651fe74aa9f4326426909d5304fd768a1c40bef28c41d2730b94395070d7e9,74f79f06ddcdfe0282924e15355f53a1d7247a731a4738491579e2b6f9381d49,116205,3737,0.903,False,,"[{""type"": ""quix"", ""id"": ""3"", ""language"": ""*""}]",,,,,REVIEW_NEEDED
https://psitrends.com/index.php?id=4&option=com_quix&view=page,200,https://psitrends.com/index.php?id=4&option=com_quix&view=page,en-gb,Аcademy of archetypal consulting,"[""HOLISTIC HOUSE""]",[],[],,3006583fa6229e229eca79623cc561ec577732af79402ff78371325bf90e769a,ce9c3964f609952483bcd29bb95d7d12d6417a797311fc92418ff94e761ddd48,248538,5270,0.923,False,,"[{""type"": ""quix"", ""id"": ""4"", ""language"": ""en-GB""}, {""type"": ""menu_exact"", ""id"": ""202"", ""language"": ""en-GB""}]",,ce9c3964f609952483bcd29bb95d7d12d6417a797311fc92418ff94e761ddd48,https://psitrends.com/,Both queries and current root returned200 and identical normalized visible-text hash ce9c3964f609952483bcd29bb95d7d12d6417a797311fc92418ff94e761ddd48; all lack observed canonical.,REVIEW_NEEDED
https://psitrends.com/index.php?id=10&option=com_quix&view=page,200,https://psitrends.com/index.php?id=10&option=com_quix&view=page,en-gb,Аcademy of archetypal consulting,"[""CERTIFIED SHAMANIC ENERGY HEALER""]",[],[],,bf1c446031f449c59a7a10e86ec2a86b0fc510dff06b7c5f7a7a41537094b52b,ca8920185c5af2ccbfccbe213aad14b881bbd15340aea7601ff60b1410b7b5f0,129844,5260,0.873,False,,"[{""type"": ""quix"", ""id"": ""10"", ""language"": ""*""}]",,,,,REVIEW_NEEDED
https://psitrends.com/index.php?id=12&option=com_quix&view=page,200,https://psitrends.com/index.php?id=12&option=com_quix&view=page,en-gb,Аcademy of archetypal consulting,"[""AATA ACADEMYSpecialization #1MAGISTER OF SHAMANIC THERAPIES & TAO RY""]",[],[],,6f189ed4a80a8ba35154c77a17406b1f78ad03090e95949ff65d3d6bf0836a12,19cf7b73656ad205a3b7eb9035381049b41f33dc22b4177283d70a9aef0099fe,141189,7056,0.882,False,,"[{""type"": ""quix"", ""id"": ""12"", ""language"": ""*""}]",,,,,REVIEW_NEEDED
https://psitrends.com/index.php?id=13&option=com_quix&view=page,200,https://psitrends.com/index.php?id=13&option=com_quix&view=page,en-gb,Аcademy of archetypal consulting,"[""ACADEMY OF ANCIENT TEMPLE ARTS""]",[],[],,eeb5a1f5b211b8934b245061775f75f9350a970f3657720b0a1ee9371e8880d0,7bc3a61b416701a1615b82ec322c71510006bd1f4e1f5945beb0eea2a82b6d19,87735,5545,0.786,False,,"[{""type"": ""quix"", ""id"": ""13"", ""language"": ""*""}]",,,,,REVIEW_NEEDED
https://psitrends.com/index.php?id=14&option=com_quix&view=page,200,https://psitrends.com/index.php?id=14&option=com_quix&view=page,en-gb,Аcademy of archetypal consulting,"[""ВАРИАНТ 1. БЛИЦ-ДИАГНОСТИКА"", ""Вариант 2. Бизнес-консалтинг""]",[],[],,bce14b543a6d2cc10bc7b5bffcc7c9f1f016d6b1e93ac01eaeacded41ac506ec,be59c51de0b6e3a2083d2b4d174b473a2d89f59feac7b30bbc7953a14de04945,236919,4370,1.003,False,,"[{""type"": ""quix"", ""id"": ""14"", ""language"": ""*""}, {""type"": ""menu_exact"", ""id"": ""199"", ""language"": ""ru-RU""}]",,,,,REVIEW_NEEDED
https://psitrends.com/index.php?id=16&option=com_quix&view=page,200,https://psitrends.com/index.php?id=16&option=com_quix&view=page,en-gb,Business analysis,"[""BUSINESS ANALYSIS"", ""OPTION 1. BLITZ DIAGNOSTICS"", ""Option 2. Business consulting""]",[],[],,da07ae37e5cf98ea1ad5b97ac6deffd9a7d276c0848a32de7177ef8a3273c8c1,3f22d103a84a40f8b91c2ea8e167390abcb0c667bb762b2feb76613ccdd8a745,226420,4835,0.977,False,,"[{""type"": ""quix"", ""id"": ""16"", ""language"": ""*""}, {""type"": ""menu_exact"", ""id"": ""203"", ""language"": ""en-GB""}]",,3f22d103a84a40f8b91c2ea8e167390abcb0c667bb762b2feb76613ccdd8a745,,,REVIEW_NEEDED
https://psitrends.com/index.php?id=18&option=com_quix&view=page,200,https://psitrends.com/index.php?id=18&option=com_quix&view=page,en-gb,Аcademy of archetypal consulting,[],[],[],,5afb392fee31ae2148c12a3f79210fbcc1e68bfe2f649bb7e200c0a01518af6f,eef988f42d90d4642227ab384ea6ffe31e02ac5311fa0cc00f9ffab968ae9a0f,262434,5804,1.081,False,,"[{""type"": ""quix"", ""id"": ""18"", ""language"": ""*""}]",,,,,REVIEW_NEEDED
https://psitrends.com/index.php?id=20&option=com_quix&view=page,200,https://psitrends.com/index.php?id=20&option=com_quix&view=page,en-gb,Festival,[],[],[],,035702e4fe0c7c7ddebb5510aad3946df1d1591621f29f671352b24041552ec4,142e56cde8c7cc31d67e03448d75e7d9fd511213c76e10f984988e4651875d47,165162,6396,0.819,False,,"[{""type"": ""quix"", ""id"": ""20"", ""language"": ""*""}, {""type"": ""menu_exact"", ""id"": ""205"", ""language"": ""*""}]",,142e56cde8c7cc31d67e03448d75e7d9fd511213c76e10f984988e4651875d47,,,REVIEW_NEEDED
https://psitrends.com/index.php?id=23&option=com_quix&view=page,200,https://psitrends.com/index.php?id=23&option=com_quix&view=page,en-gb,Personal psychotherapy,[],[],[],,a39591817f18b2004202257497edc0b016acdd56a81a5a207b5204e78503f9f9,fb6884cd386514b230aad9d249acc41be9904668af532f71e00397cb487422fa,136844,7052,0.817,False,,"[{""type"": ""quix"", ""id"": ""23"", ""language"": ""*""}, {""type"": ""menu_exact"", ""id"": ""207"", ""language"": ""en-GB""}]",,fb6884cd386514b230aad9d249acc41be9904668af532f71e00397cb487422fa,,,REVIEW_NEEDED
https://psitrends.com/index.php?id=24&option=com_quix&view=page,200,https://psitrends.com/index.php?id=24&option=com_quix&view=page,en-gb,Спасибо за обращение,[],[],[],,12c2b414ff4a618ff234a67691e479f657f305e25d45846868a8e25a1c2dfd3e,8031a16aef5715a4fcbaefd4679b4b627194df815ded31879478c242da688686,24422,2182,0.558,False,,"[{""type"": ""quix"", ""id"": ""24"", ""language"": ""*""}, {""type"": ""menu_exact"", ""id"": ""200"", ""language"": ""*""}]",,8031a16aef5715a4fcbaefd4679b4b627194df815ded31879478c242da688686,,,REVIEW_NEEDED
https://psitrends.com/index.php?id=28&option=com_quix&view=page,200,https://psitrends.com/index.php?id=28&option=com_quix&view=page,en-gb,Аcademy of archetypal consulting,[],[],[],,64dc04d22fcfdc2e076af753c318dc254ac0579f6382c4618d3443e707d1ab69,11f71a91a67e688eb1cbc13a7baf2f78067a7647f6a86773d37e2dcc9c199ae8,157608,9223,0.796,False,,"[{""type"": ""quix"", ""id"": ""28"", ""language"": ""*""}, {""type"": ""menu_exact"", ""id"": ""324"", ""language"": ""ru-RU""}]",,,,,REVIEW_NEEDED
https://psitrends.com/index.php?id=29&option=com_quix&view=page,200,https://psitrends.com/index.php?id=29&option=com_quix&view=page,en-gb,PROGRAM 2. CONSTELLATIONS OF LOVE.,[],[],[],,916927dd7198a11f6600fab22daeddabf62e334c616fb00ae9e96f156f88ac22,2d9ff91b806dd32f003f1f04585494d8a81663f0e0d49351b7f9139867b0eb4c,181171,11640,0.811,False,,"[{""type"": ""quix"", ""id"": ""29"", ""language"": ""*""}, {""type"": ""menu_exact"", ""id"": ""211"", ""language"": ""*""}, {""type"": ""menu_exact"", ""id"": ""212"", ""language"": ""*""}]",,2d9ff91b806dd32f003f1f04585494d8a81663f0e0d49351b7f9139867b0eb4c,,,REVIEW_NEEDED
https://psitrends.com/index.php?id=30&option=com_quix&view=page,200,https://psitrends.com/index.php?id=30&option=com_quix&view=page,en-gb,Shamanic Reiki School - Academy Of Ancient Temple Arts,"[""SHAMANIC REIKI SCHOOL""]",[],[],,a99b43f97b6467196058a686addd2b8cb7140a32c84a1b590344bdd102d723f5,01c28ce57188df03bb2e19872d6c2d38d75b2f658069aed90e10a20fef20128e,156885,7955,0.846,False,,"[{""type"": ""quix"", ""id"": ""30"", ""language"": ""*""}, {""type"": ""menu_exact"", ""id"": ""213"", ""language"": ""en-GB""}]",,01c28ce57188df03bb2e19872d6c2d38d75b2f658069aed90e10a20fef20128e,,,REVIEW_NEEDED
https://psitrends.com/index.php?id=31&option=com_quix&view=page,200,https://psitrends.com/index.php?id=31&option=com_quix&view=page,en-gb,Program. Tao Reiki Yggdrasil - Academy Of Ancient Temple Arts,"[""PROGRAM. TAO REIKI YGGDRASIL""]",[],[],,a3bdca4a0cb8cd054d6c42209062f683c7d053f0fe632c8e1a04f61aee9e817e,9ed8127f6c59c8762e438b2b8b030d672d987acd9b8db19a52d6301339e34d81,205656,10755,0.874,False,,"[{""type"": ""quix"", ""id"": ""31"", ""language"": ""*""}, {""type"": ""menu_exact"", ""id"": ""214"", ""language"": ""en-GB""}]",,9ed8127f6c59c8762e438b2b8b030d672d987acd9b8db19a52d6301339e34d81,,,REVIEW_NEEDED
https://psitrends.com/index.php?id=32&option=com_quix&view=page,200,https://psitrends.com/index.php?id=32&option=com_quix&view=page,en-gb,Archetypal Diagnostics & Support Session,"[""ARCHETYPAL DIAGNOSTICS & SUPPORT SESSION.""]",[],[],,6b5de4ce1033b726d1ed985c58279d40d843e36976f881fb74e1df1c1105914c,38cfbc4bdcbd5cb7f7adc47f7bdaa9a0e464f6938d416c6242d870f16ef6284d,205890,9251,0.853,False,,"[{""type"": ""quix"", ""id"": ""32"", ""language"": ""*""}, {""type"": ""menu_exact"", ""id"": ""333"", ""language"": ""en-GB""}]",,38cfbc4bdcbd5cb7f7adc47f7bdaa9a0e464f6938d416c6242d870f16ef6284d,,,REVIEW_NEEDED
https://psitrends.com/index.php?id=33&option=com_quix&view=page,200,https://psitrends.com/index.php?id=33&option=com_quix&view=page,en-gb,Аcademy of archetypal consulting,[],[],[],,e553a8f0646d2278af421c32f7d33976f66ee128d7deb423cbc2b1f3fa09c1e2,966c8d3be6e04e1a824ee73bef6535fcce1f42ef08abd04e3c846615edc17805,230374,9188,1.236,False,,"[{""type"": ""quix"", ""id"": ""33"", ""language"": ""*""}, {""type"": ""menu_exact"", ""id"": ""320"", ""language"": ""ru-RU""}]",,,,,REVIEW_NEEDED
https://psitrends.com/index.php?id=34&option=com_quix&view=page,200,https://psitrends.com/index.php?id=34&option=com_quix&view=page,en-gb,Аcademy of archetypal consulting,[],[],[],,e54a7fb1a368dd080e1aa93b8fa1567ddc5c8288b49560101001d0d65b2743c2,a3a425ad28afab2d2690062550a496f75cc9968642e04cf7b90bf5f72ee00455,43437,2215,0.729,False,,"[{""type"": ""quix"", ""id"": ""34"", ""language"": ""*""}, {""type"": ""menu_exact"", ""id"": ""217"", ""language"": ""ru-RU""}]",,,,,REVIEW_NEEDED
https://psitrends.com/index.php?id=36&option=com_quix&view=page,200,https://psitrends.com/index.php?id=36&option=com_quix&view=page,en-gb,Аcademy of archetypal consulting,[],[],[],,32d3c835c28628231055750a1d61ce3871cbb43161efd7ed411d3c1f527acc17,be37557a2a5f8547ec9f15086139b865eaca4b2dcf58024927c2616734482f64,42947,2223,0.749,False,,"[{""type"": ""quix"", ""id"": ""36"", ""language"": ""*""}]",,,,,REVIEW_NEEDED
https://psitrends.com/index.php?id=37&option=com_quix&view=page,200,https://psitrends.com/index.php?id=37&option=com_quix&view=page,en-gb,Fest Details,[],[],[],,acd21311811e331e35d702bf0db2fdc28763d34fde6776cef92c33ce1c305a22,ec78ac49579b89c5ebb80499072703a0cbacb66ec547f3c5646fd42da131a81e,195846,12151,0.831,False,,"[{""type"": ""quix"", ""id"": ""37"", ""language"": ""*""}, {""type"": ""menu_exact"", ""id"": ""219"", ""language"": ""*""}]",,ec78ac49579b89c5ebb80499072703a0cbacb66ec547f3c5646fd42da131a81e,,,REVIEW_NEEDED
https://psitrends.com/index.php?id=38&option=com_quix&view=page,200,https://psitrends.com/index.php?id=38&option=com_quix&view=page,en-gb,About us - Academy Of Temple Arts,"[""ACADEMY OF TEMPLE ARTS""]",[],[],,1dee08a02bdc8d8312464b0e3de6e2d66027fd95e82f7d3a8a6b6e9f86f151a6,0d2fc353f9ef8b2bee3423b5642aa5a41d66b67e56711f4bdc0797e96ea9bbe4,228827,15213,0.954,False,,"[{""type"": ""quix"", ""id"": ""38"", ""language"": ""*""}, {""type"": ""menu_exact"", ""id"": ""220"", ""language"": ""en-GB""}]",,0d2fc353f9ef8b2bee3423b5642aa5a41d66b67e56711f4bdc0797e96ea9bbe4,,,REVIEW_NEEDED
https://psitrends.com/index.php?id=39&option=com_quix&view=page,200,https://psitrends.com/index.php?id=39&option=com_quix&view=page,en-gb,Archetypal Therapy Academy Nearest Events,"[""ARCHETYPAL THERAPY ACADEMY NEAREST EVENTS""]",[],[],,a2c23824fd7fe3a4880e1d1ea796835e0ecf0e2d29b1df7e9eaa4039293257c8,c0bee35e6cd9f0f47563a18c855cf6d597f09ba62f296a11dd18a9325b126266,159332,9492,0.846,False,,"[{""type"": ""quix"", ""id"": ""39"", ""language"": ""*""}, {""type"": ""menu_exact"", ""id"": ""221"", ""language"": ""*""}]",,c0bee35e6cd9f0f47563a18c855cf6d597f09ba62f296a11dd18a9325b126266,,,REVIEW_NEEDED
https://psitrends.com/index.php?id=40&option=com_quix&view=page,200,https://psitrends.com/index.php?id=40&option=com_quix&view=page,en-gb,Shamanic Program Master Of Reiki Yggdrasil - Academy Of Ancient Temple Arts,"[""SHAMANIC PROGRAM MASTER of REIKI YGGDRASIL""]",[],[],,c8d5ae32fa64234b748c5440da6a14417a74726c204246c7a24bef8b110853bf,98d03f88ea020a4299ca7b4cc1cfd530632e8c30aa37b2213381a793b9c1b0bc,244225,8650,0.941,False,,"[{""type"": ""quix"", ""id"": ""40"", ""language"": ""*""}, {""type"": ""menu_exact"", ""id"": ""222"", ""language"": ""en-GB""}]",,98d03f88ea020a4299ca7b4cc1cfd530632e8c30aa37b2213381a793b9c1b0bc,,,REVIEW_NEEDED
https://psitrends.com/index.php?id=41&option=com_quix&view=page,200,https://psitrends.com/index.php?id=41&option=com_quix&view=page,en-gb,Magister Of Shamanic Therapies - Academy Of Ancient Temple Arts,"[""MAGISTER of SHAMANIC THERAPIES""]",[],[],,d2366bc83f44799417e581d01d4c65ce6305f98d964ea0baf46717a38897d5d9,6f9899607f0058883fda221eb8b771af83e6516ac350d169a477df5cf615c63d,206113,7502,0.839,False,,"[{""type"": ""quix"", ""id"": ""41"", ""language"": ""*""}, {""type"": ""menu_exact"", ""id"": ""223"", ""language"": ""en-GB""}]",,6f9899607f0058883fda221eb8b771af83e6516ac350d169a477df5cf615c63d,,,REVIEW_NEEDED
https://psitrends.com/index.php?id=42&option=com_quix&view=page,200,https://psitrends.com/index.php?id=42&option=com_quix&view=page,en-gb,Studylast,[],[],[],,0df617a709988d104e0bf1049d771927bff7694fd14ecbedb96fdd21c13c1a07,cf53702ff6812ec3652d39b4c285bdc427759fb96be96e6e473b4380442b842f,21468,2167,0.574,False,,"[{""type"": ""quix"", ""id"": ""42"", ""language"": ""*""}, {""type"": ""menu_exact"", ""id"": ""225"", ""language"": ""*""}]",,cf53702ff6812ec3652d39b4c285bdc427759fb96be96e6e473b4380442b842f,,,REVIEW_NEEDED
https://psitrends.com/index.php?id=43&option=com_quix&view=page,200,https://psitrends.com/index.php?id=43&option=com_quix&view=page,en-gb,Аcademy of archetypal consulting,[],[],[],,5d2d327d2d77734db3f03aeab68f006173711cae787b27cadeb334ea8c9547bb,41b4a6900ba42d4c41861d92e9507a58b06d9bddf930816014a742bda87c3df7,38722,2600,0.599,False,,"[{""type"": ""quix"", ""id"": ""43"", ""language"": ""*""}]",,,,,REVIEW_NEEDED
https://psitrends.com/index.php?id=44&option=com_quix&view=page,200,https://psitrends.com/index.php?id=44&option=com_quix&view=page,en-gb,Runes & Buisiness - Academy Of Ancient Temple Arts,"[""RUNES & BUISINESS""]",[],[],,2e4d8624915979aa18c2c3c62152fec6a124ed25a44aefbc9df21eb47484856e,36a227def636ce68eb30bb89454511a14f9a90417c3fb796e16ca357c536c158,137443,6261,0.848,False,,"[{""type"": ""quix"", ""id"": ""44"", ""language"": ""*""}, {""type"": ""menu_exact"", ""id"": ""227"", ""language"": ""en-GB""}]",,36a227def636ce68eb30bb89454511a14f9a90417c3fb796e16ca357c536c158,,,REVIEW_NEEDED
https://psitrends.com/index.php?id=50&option=com_quix&view=page,200,https://psitrends.com/index.php?id=50&option=com_quix&view=page,en-gb,Tantra Reiki System - Academy Of Ancient Temple Arts,"[""TANTRA REIKI SYSTEM""]",[],[],,dc1a404e663ff609be5303db09d01f9f5c2cee5f8138d5e133cf7f735d74864c,7b22d0a5f9361f4fb7036d395b62a13c98601482f086ab1d9106738255608659,208258,10444,0.872,False,,"[{""type"": ""quix"", ""id"": ""50"", ""language"": ""*""}, {""type"": ""menu_exact"", ""id"": ""228"", ""language"": ""en-GB""}]",,7b22d0a5f9361f4fb7036d395b62a13c98601482f086ab1d9106738255608659,,,REVIEW_NEEDED
https://psitrends.com/index.php?id=52&option=com_quix&view=page,200,https://psitrends.com/index.php?id=52&option=com_quix&view=page,en-gb,Mysteries And Initiations - Academy Of Ancient Cultures,"[""mysteries and initiations""]",[],[],,b4ae2bef98205004048ded80544ff130f6a6ea7fa8b5e0460e9a4883204fd72f,5075de18dd468db0665fd712d67e04dbe94572908f525eacab0c56663efef926,92092,3372,0.734,False,,"[{""type"": ""quix"", ""id"": ""52"", ""language"": ""*""}, {""type"": ""menu_exact"", ""id"": ""229"", ""language"": ""en-GB""}]",,5075de18dd468db0665fd712d67e04dbe94572908f525eacab0c56663efef926,,,REVIEW_NEEDED
https://psitrends.com/index.php?id=53&option=com_quix&view=page,200,https://psitrends.com/index.php?id=53&option=com_quix&view=page,en-gb,Аcademy of archetypal consulting,[],[],[],,c3d38852957c69d258cd3f7459a83acbfe62335695883cba6bc32210a59c6e24,462d0348688cffc4b3e0d40fb67150ef6fe6837da56394835d33eead37fc6469,204718,9886,0.899,False,,"[{""type"": ""quix"", ""id"": ""53"", ""language"": ""*""}, {""type"": ""menu_exact"", ""id"": ""325"", ""language"": ""ru-RU""}]",,,,,REVIEW_NEEDED
https://psitrends.com/index.php?id=54&option=com_quix&view=page,200,https://psitrends.com/index.php?id=54&option=com_quix&view=page,en-gb,Runic Reiki FAQ,"[""RUNIC REIKI FAQ""]",[],[],,9bdff40924888e6cf77bdfea2541e0cb4353a606b1e0dfbfe39c7a1b8aef5757,e8ff7ecc4b1b5325ecd48217b61053df72604fefbda5b0cbeaa243bd670d4b8c,151435,12114,0.776,False,,"[{""type"": ""quix"", ""id"": ""54"", ""language"": ""*""}, {""type"": ""menu_exact"", ""id"": ""231"", ""language"": ""en-GB""}]",,e8ff7ecc4b1b5325ecd48217b61053df72604fefbda5b0cbeaa243bd670d4b8c,,,REVIEW_NEEDED
https://psitrends.com/index.php?id=55&option=com_quix&view=page,200,https://psitrends.com/index.php?id=55&option=com_quix&view=page,en-gb,Аcademy of archetypal consulting,[],[],[],,ea02ff1af22ae7ccd13dcaff62790181b236fb3449d238aca70158ce5f36b3b6,b3cb1e84e264c3867ad457c25ddc53bcddaf7e8b845850e5c5b7c0b68cf5d12c,21405,2190,0.547,False,,"[{""type"": ""quix"", ""id"": ""55"", ""language"": """"}]",,b3cb1e84e264c3867ad457c25ddc53bcddaf7e8b845850e5c5b7c0b68cf5d12c,,,REVIEW_NEEDED
https://psitrends.com/index.php?id=56&option=com_quix&view=page,200,https://psitrends.com/index.php?id=56&option=com_quix&view=page,en-gb,Course. Mysteries Of Love - Academy Of Ancient Cultures,"[""COURSE. MYSTERIES OF LOVE""]",[],[],,71a5b2d432fc1ba5c6ee08c4cdd79c271daeca79806e351fee3ad17d5ec3a4e5,942ff1a98a9cdda0d2cb573f6815042aa2b1c0eb19039d4bfdfcc317e0d501e1,201564,9907,0.799,False,,"[{""type"": ""quix"", ""id"": ""56"", ""language"": ""*""}, {""type"": ""menu_exact"", ""id"": ""312"", ""language"": ""en-GB""}]",,942ff1a98a9cdda0d2cb573f6815042aa2b1c0eb19039d4bfdfcc317e0d501e1,,,REVIEW_NEEDED
https://psitrends.com/index.php?id=57&option=com_quix&view=page,200,https://psitrends.com/index.php?id=57&option=com_quix&view=page,en-gb,Аcademy of archetypal consulting,[],[],[],,7c9de2c0b78a35a1727db9a0bfda2126b9541be7f2c52482f54a99f0a9f3efbe,fa717ae48453436aed3299becdde6b4a16039b16f101daf4263131066f6fee18,227244,9069,0.91,False,,"[{""type"": ""quix"", ""id"": ""57"", ""language"": ""*""}, {""type"": ""menu_exact"", ""id"": ""326"", ""language"": ""ru-RU""}]",,,,,REVIEW_NEEDED
https://psitrends.com/index.php?id=58&option=com_quix&view=page,200,https://psitrends.com/index.php?id=58&option=com_quix&view=page,en-gb,Аcademy of archetypal consulting,"[""archetypal correction of Initiation and dedication""]",[],[],,910ac550cb1d245269b9c486ffe8f8355a41ed17708b23083b0cfe000da57c95,d1d09c4cd212eecc5cc9ffa4b3b16a698b5e2bc790ccf476a86b93deeb78642a,197447,8895,0.932,False,,"[{""type"": ""quix"", ""id"": ""58"", ""language"": ""*""}]",,,,,REVIEW_NEEDED
https://psitrends.com/index.php?id=59&option=com_quix&view=page,200,https://psitrends.com/index.php?id=59&option=com_quix&view=page,en-gb,Аcademy of archetypal consulting,[],[],[],,88b1136a63845b1814f0be1cd592b5b0789d5eb1bdf6df5e782804a7d0aaac6c,9bc36d82835048ff10bea7d33a62c5c526b2b683f10be2c95c1db6e140504ce7,241866,10570,1.091,False,,"[{""type"": ""quix"", ""id"": ""59"", ""language"": ""*""}]",,,,,REVIEW_NEEDED
https://psitrends.com/index.php?id=60&option=com_quix&view=page,200,https://psitrends.com/index.php?id=60&option=com_quix&view=page,en-gb,Аcademy of archetypal consulting,[],[],[],,f25e51cabc01261640c0b73505615226be5a49122030135649cb9f09a29e7528,55aa7f7935ec7e1e85921db1334b50dfaa33d7d521f02f5502ddba7d113412c2,257099,11478,1.0,False,,"[{""type"": ""quix"", ""id"": ""60"", ""language"": ""*""}, {""type"": ""menu_exact"", ""id"": ""252"", ""language"": ""ru-RU""}]",,,,,REVIEW_NEEDED
https://psitrends.com/index.php?id=61&option=com_quix&view=page,200,https://psitrends.com/index.php?id=61&option=com_quix&view=page,en-gb,Аcademy of archetypal consulting,[],[],[],,1b4ee11fdef7702bb66f35abab121b96dbc2686c959a8a492c8a9bb186e4495f,5b54062eb3219311558ec5adb507bab624d38e79f9378301fe8c453dddeb32dc,125457,4358,0.889,False,,"[{""type"": ""quix"", ""id"": ""61"", ""language"": ""*""}, {""type"": ""menu_exact"", ""id"": ""254"", ""language"": ""ru-RU""}]",,,,,REVIEW_NEEDED
https://psitrends.com/index.php?id=62&option=com_quix&view=page,200,https://psitrends.com/index.php?id=62&option=com_quix&view=page,en-gb,Аcademy of archetypal consulting,[],[],[],,242c03e5dcf1b9c616c357d24142c09d8cdce0aa8451e82b5d79997aae6e2d3c,bbc8b05eb26677efaedff7e7e4ddae6ffb32e6fc4dcfda40d966b0187ea642b5,139561,6209,0.841,False,,"[{""type"": ""quix"", ""id"": ""62"", ""language"": ""*""}, {""type"": ""menu_exact"", ""id"": ""253"", ""language"": ""ru-RU""}]",,,,,REVIEW_NEEDED
https://psitrends.com/index.php?id=65&option=com_quix&view=page,200,https://psitrends.com/index.php?id=65&option=com_quix&view=page,en-gb,Аcademy of archetypal consulting,[],[],[],,7bc2984fc3e6463a137388f70cb348acf2d6234b9ec0a65f437bbcd29943d70e,503c91886c81d8bc2a16314498368ad165d0e92a2726cf0903534b6fd3288f72,145736,10013,0.841,False,,"[{""type"": ""quix"", ""id"": ""65"", ""language"": ""*""}, {""type"": ""menu_exact"", ""id"": ""256"", ""language"": ""ru-RU""}]",,,,,REVIEW_NEEDED
https://psitrends.com/index.php?id=66&option=com_quix&view=page,200,https://psitrends.com/index.php?id=66&option=com_quix&view=page,en-gb,Аcademy of archetypal consulting,[],[],[],,d249335d46e672cf60aaa3bc23b0e6d21feeb5f54ebfae00c2fdfc0ea0f78b63,67fdb1a8fcc5b11677da57118aa6cd31db3b917164c16f247270875a75590ed3,169350,6529,0.82,False,,"[{""type"": ""quix"", ""id"": ""66"", ""language"": ""*""}, {""type"": ""menu_exact"", ""id"": ""257"", ""language"": ""ru-RU""}]",,,,,REVIEW_NEEDED
https://psitrends.com/index.php?id=67&option=com_quix&view=page,200,https://psitrends.com/index.php?id=67&option=com_quix&view=page,en-gb,Аcademy of archetypal consulting,[],[],[],,2477b306dc7360eee799f22de56892764cc9000c28e0b948d28e215dfb0a550d,55ae19145bfd864223a9079f9c496855e548e05cbaeb3b38122254faf9679858,112378,6737,0.853,False,,"[{""type"": ""quix"", ""id"": ""67"", ""language"": ""*""}, {""type"": ""menu_exact"", ""id"": ""258"", ""language"": ""ru-RU""}]",,,,,REVIEW_NEEDED
https://psitrends.com/index.php?id=68&option=com_quix&view=page,200,https://psitrends.com/index.php?id=68&option=com_quix&view=page,en-gb,Аcademy of archetypal consulting,"[""Hypno-coaching Egyptian Course""]",[],[],,bfaca31f7b6b1c9754e689b1cf1ccc8f03142d4a1ed4ebaffcc88616e671619e,f2ff922e17aceaeee5f6f87a96b471f305c24e6ae33fdb256a7491ee46829eef,108447,6945,0.867,False,,"[{""type"": ""quix"", ""id"": ""68"", ""language"": ""*""}]",,,,,REVIEW_NEEDED
https://psitrends.com/index.php?id=70&option=com_quix&view=page,200,https://psitrends.com/index.php?id=70&option=com_quix&view=page,en-gb,"Видео-курс ""Подкачки""",[],[],[],,f335d10b5877eb1c4e5b0b885bd705c9000c37ec6181df337fb411b9a5753772,68c511f846d508f1a5cc57bb5795e83d947dcc182d0aec842ef743960dbb6573,105388,4811,0.817,False,,"[{""type"": ""quix"", ""id"": ""70"", ""language"": ""*""}, {""type"": ""menu_exact"", ""id"": ""260"", ""language"": ""*""}]",,68c511f846d508f1a5cc57bb5795e83d947dcc182d0aec842ef743960dbb6573,,,REVIEW_NEEDED
https://psitrends.com/index.php?id=71&option=com_quix&view=page,200,https://psitrends.com/index.php?id=71&option=com_quix&view=page,en-gb,Working With A Goal & Elemental Power - Academy Of Archetypal Technologies,"[""Working with a goal + Elemental Power""]",[],[],,b256dd5aea0aee2215be7c5ebe602f2dab55fd956f2c628e79b0d5e9df12efb0,73609ad59f5be9a47ff9b50f0d02e65f64ef08f22e30d162fac54bb4f70486b9,141327,10791,0.809,False,,"[{""type"": ""quix"", ""id"": ""71"", ""language"": ""*""}, {""type"": ""menu_exact"", ""id"": ""262"", ""language"": ""en-GB""}]",,73609ad59f5be9a47ff9b50f0d02e65f64ef08f22e30d162fac54bb4f70486b9,,,REVIEW_NEEDED
https://psitrends.com/index.php?id=72&option=com_quix&view=page,200,https://psitrends.com/index.php?id=72&option=com_quix&view=page,en-gb,Water Magic Course,[],[],[],,f2643bf788f46a115eda88c0edbd7d7c4783f2078cc0a7c86e8c6abda376946e,d564548fc4ba8b6526701fa9328745aa2945fe025f92b69139daf96e9f72e6e6,154134,8881,0.845,False,,"[{""type"": ""quix"", ""id"": ""72"", ""language"": ""*""}, {""type"": ""menu_exact"", ""id"": ""264"", ""language"": ""en-GB""}]",,d564548fc4ba8b6526701fa9328745aa2945fe025f92b69139daf96e9f72e6e6,,,REVIEW_NEEDED
https://psitrends.com/index.php?id=73&option=com_quix&view=page,200,https://psitrends.com/index.php?id=73&option=com_quix&view=page,en-gb,Аcademy of archetypal consulting,"[""Academyof archetypalconsulting""]",[],[],,c49b50cc532821fd20a256a8cf31b063673064901c56a42419fd885ba070c19a,7e84dea9003308173b134101469833ecc332caec8dcd4d6f1788275da7addd14,160538,3963,0.828,False,,"[{""type"": ""quix"", ""id"": ""73"", ""language"": ""*""}, {""type"": ""menu_exact"", ""id"": ""265"", ""language"": ""*""}, {""type"": ""menu_exact"", ""id"": ""302"", ""language"": ""en-GB""}]",,7e84dea9003308173b134101469833ecc332caec8dcd4d6f1788275da7addd14,,,REVIEW_NEEDED
https://psitrends.com/index.php?id=76&option=com_quix&view=page,200,https://psitrends.com/index.php?id=76&option=com_quix&view=page,en-gb,Studies,"[""Studies""]",[],[],,59cd0a2aabfc5fc9a6a51b97b2a4d07801f22acca3100a849c468d8995d4b6e8,622f883dc94865e40b753b7b06637843eabb7d3b1806173ff63ec9cf20421d6c,213574,5537,0.997,False,,"[{""type"": ""quix"", ""id"": ""76"", ""language"": ""*""}, {""type"": ""menu_exact"", ""id"": ""269"", ""language"": ""en-GB""}]",,622f883dc94865e40b753b7b06637843eabb7d3b1806173ff63ec9cf20421d6c,,,REVIEW_NEEDED
https://psitrends.com/index.php?id=77&option=com_quix&view=page,200,https://psitrends.com/index.php?id=77&option=com_quix&view=page,en-gb,Therapy,[],[],[],,90aee0df7fdb7e4165522755a4fb8f194acbbe8085d2986556e3611bd0385c50,1efe644e8f139d559a058c0e2be3382da731c0cd470d655dc4ce320c6ed71dfa,175928,4006,0.887,False,,"[{""type"": ""quix"", ""id"": ""77"", ""language"": ""*""}, {""type"": ""menu_exact"", ""id"": ""206"", ""language"": ""en-GB""}]",,1efe644e8f139d559a058c0e2be3382da731c0cd470d655dc4ce320c6ed71dfa,,,REVIEW_NEEDED
https://psitrends.com/index.php?id=80&option=com_quix&view=page,200,https://psitrends.com/index.php?id=80&option=com_quix&view=page,en-gb,Advanced program:,[],[],[],,c96ee94509e554307159f6b633e195a3c694234b0a768a2af24d053326a1e82c,c6fad6e3a30acf229df838948ae8d63e363b9b3ee912b59e0ba879bb2b269456,21478,2175,0.576,False,,"[{""type"": ""quix"", ""id"": ""80"", ""language"": ""*""}, {""type"": ""menu_exact"", ""id"": ""272"", ""language"": ""en-GB""}]",,c6fad6e3a30acf229df838948ae8d63e363b9b3ee912b59e0ba879bb2b269456,,,REVIEW_NEEDED
https://psitrends.com/index.php?id=81&option=com_quix&view=page,200,https://psitrends.com/index.php?id=81&option=com_quix&view=page,en-gb,Course,[],[],[],,16547740b5ae67eda5ac779ac677c356bf7c63d6c0115214f045e2bf64e3d330,aa5b6fae9d8a74c30e02087a28b35df809a9b2d86aec4ddab40dc28e00870495,21462,2164,0.591,False,,"[{""type"": ""quix"", ""id"": ""81"", ""language"": ""*""}, {""type"": ""menu_exact"", ""id"": ""273"", ""language"": ""*""}]",,aa5b6fae9d8a74c30e02087a28b35df809a9b2d86aec4ddab40dc28e00870495,,,REVIEW_NEEDED
https://psitrends.com/index.php?id=82&option=com_quix&view=page,200,https://psitrends.com/index.php?id=82&option=com_quix&view=page,en-gb,Artifacts and Talismans,[],[],[],,ae1bdc0c6dc659321db9e562607184f374383cd42bfbd1f59ff6f3ab6ea8bd62,57ad49f856f56d74ac92c5033e2afeda64258d78da632ae9841f861a7f5d571d,261870,7866,0.943,False,,"[{""type"": ""quix"", ""id"": ""82"", ""language"": ""*""}, {""type"": ""menu_exact"", ""id"": ""279"", ""language"": ""en-GB""}]",,57ad49f856f56d74ac92c5033e2afeda64258d78da632ae9841f861a7f5d571d,,,REVIEW_NEEDED
https://psitrends.com/index.php?id=83&option=com_quix&view=page,200,https://psitrends.com/index.php?id=83&option=com_quix&view=page,en-gb,Аcademy of archetypal consulting,[],[],[],,1da316816682a763b531730e184400bd4d122b9fed69adb85b42cab998f57b4c,fb428979087f3310159be547ec95162e4f3e153b9a0a63eeab9fd9400bfef845,160485,3920,0.924,False,,"[{""type"": ""quix"", ""id"": ""83"", ""language"": ""*""}, {""type"": ""menu_exact"", ""id"": ""210"", ""language"": ""ru-RU""}]",,,,,REVIEW_NEEDED
https://psitrends.com/index.php?id=84&option=com_quix&view=page,200,https://psitrends.com/index.php?id=84&option=com_quix&view=page,en-gb,Аcademy of archetypal consulting,[],[],[],,407f287ae8aa5fdeb75b7b84f6f5a9a7b410fc61573ef8a96c82be462d8ba8c4,6449e3d466d2ae051fa4042d36a16425589a5cc2c53a736f4b59f1461e7207e3,249523,8198,0.991,False,,"[{""type"": ""quix"", ""id"": ""84"", ""language"": ""*""}, {""type"": ""menu_exact"", ""id"": ""275"", ""language"": ""ru-RU""}]",,,,,REVIEW_NEEDED
https://psitrends.com/index.php?id=85&option=com_quix&view=page,200,https://psitrends.com/index.php?id=85&option=com_quix&view=page,en-gb,Аcademy of archetypal consulting,[],[],[],,5650c07108b8db985dadeeae0391190d3beda66ce81c1d7e6e13ddb2255ac02b,c2785a6d705615c56f462ea21860f0bc4d79473f6d51e9faa684d1ee3da0a203,158262,3968,0.831,False,,"[{""type"": ""quix"", ""id"": ""85"", ""language"": ""*""}, {""type"": ""menu_exact"", ""id"": ""318"", ""language"": ""ru-RU""}]",,,,,REVIEW_NEEDED
https://psitrends.com/index.php?id=86&option=com_quix&view=page,200,https://psitrends.com/index.php?id=86&option=com_quix&view=page,en-gb,Аcademy of archetypal consulting,[],[],[],,032ddc795899e2395304a5f4d48751ecafdf47eee5c9d771ab0cccf53750b599,b3cb1e84e264c3867ad457c25ddc53bcddaf7e8b845850e5c5b7c0b68cf5d12c,21492,2190,0.601,False,,"[{""type"": ""quix"", ""id"": ""86"", ""language"": ""*""}, {""type"": ""menu_exact"", ""id"": ""277"", ""language"": ""ru-RU""}]",,b3cb1e84e264c3867ad457c25ddc53bcddaf7e8b845850e5c5b7c0b68cf5d12c,,,REVIEW_NEEDED
https://psitrends.com/index.php?id=87&option=com_quix&view=page,200,https://psitrends.com/index.php?id=87&option=com_quix&view=page,en-gb,Аcademy of archetypal consulting,[],[],[],,2d5ffb2d5ffa38a1f447bd5b3ecbd0e4158fa10aaaf2825adc249b4c516c3b07,1eb55aedf6b0710b95db9a453a9cef5d274bf1110d4471aeee11beeb52881900,241122,15419,0.982,False,,"[{""type"": ""quix"", ""id"": ""87"", ""language"": ""*""}, {""type"": ""menu_exact"", ""id"": ""278"", ""language"": ""ru-RU""}]",,,,,REVIEW_NEEDED
https://psitrends.com/index.php?id=88&option=com_quix&view=page,200,https://psitrends.com/index.php?id=88&option=com_quix&view=page,en-gb,What is personality homeopathy (alchemy of the soul)?,"[""Psychic Alchemy""]",[],[],,4635756a3601949af7d7669afd6a1c800761cebce83af9192606aaf8cbd441a1,0c4d6c545a489bf027a83d5fb371ae0eb296637d1707854eac12910405070e30,188506,18581,0.866,False,,"[{""type"": ""quix"", ""id"": ""88"", ""language"": ""en-GB""}, {""type"": ""menu_exact"", ""id"": ""303"", ""language"": ""en-GB""}]",,0c4d6c545a489bf027a83d5fb371ae0eb296637d1707854eac12910405070e30,,,REVIEW_NEEDED
https://psitrends.com/index.php?id=89&option=com_quix&view=page,200,https://psitrends.com/index.php?id=89&option=com_quix&view=page,en-gb,Аcademy of archetypal consulting,"[""Сила Жизни""]",[],[],,011cf2e33602d5d1e1a4579eae694cb9aeec1bdbf4c4a23cfe8bff80cd22c5bd,2af71412f0cf85156fc84251ab5bb2912c442751e5f3d5196ab875a41f156fe6,191478,13604,0.958,False,,"[{""type"": ""quix"", ""id"": ""89"", ""language"": ""ru-RU""}, {""type"": ""menu_exact"", ""id"": ""323"", ""language"": ""ru-RU""}]",,,,,REVIEW_NEEDED
https://psitrends.com/index.php?id=91&option=com_quix&view=page,200,https://psitrends.com/index.php?id=91&option=com_quix&view=page,en-gb,Аcademy of archetypal consulting,"[""Школа Рейки Иггдрасиль""]",[],[],,5a0666d9200bd2a2160f9f6be85c8c30c734c05758bf67535c6bc69eee37da78,22e064a067151271a755e5a61cf9686effb528f3ec05ca5799cf7a4695a0caf5,173704,10681,0.876,False,,"[{""type"": ""quix"", ""id"": ""91"", ""language"": ""*""}, {""type"": ""menu_exact"", ""id"": ""283"", ""language"": ""ru-RU""}]",,,,,REVIEW_NEEDED
https://psitrends.com/index.php?id=93&option=com_quix&view=page,200,https://psitrends.com/index.php?id=93&option=com_quix&view=page,en-gb,Аcademy of archetypal consulting,"[""Наши книги""]",[],[],,f31355d13bd48e0e4c369911e0472a930714da5683551d9298a8c1913815fb66,65a22186ca665d49acf54a811765c0ceb597eae202bc3fac6b4dc4336c72321a,53948,2911,0.708,False,,"[{""type"": ""quix"", ""id"": ""93"", ""language"": ""*""}, {""type"": ""menu_exact"", ""id"": ""284"", ""language"": ""ru-RU""}]",,,,,REVIEW_NEEDED
https://psitrends.com/index.php?id=94&option=com_quix&view=page,200,https://psitrends.com/index.php?id=94&option=com_quix&view=page,en-gb,Аcademy of archetypal consulting,"[""Видео-курсы""]",[],[],,e6d9c43d179a601eeb0f4845a2afe6e85892acc7fc2419f49530d473a7ef8bc2,75606bffbfae38ccc09410285fdb723f8e881d6ac9bcda9aa39a4491403363fb,47816,2641,0.72,False,,"[{""type"": ""quix"", ""id"": ""94"", ""language"": ""*""}, {""type"": ""menu_exact"", ""id"": ""285"", ""language"": ""ru-RU""}]",,,,,REVIEW_NEEDED
https://psitrends.com/index.php?id=95&option=com_quix&view=page,200,https://psitrends.com/index.php?id=95&option=com_quix&view=page,en-gb,Аcademy of archetypal consulting,"[""Звезда Рождения""]",[],[],,015699d2a4e08e4331a3db74e7ddd59b34c0e271bc4ec645e803ace5a2f3d221,6f2d2b545ae88bb66685ef59dbfaa2e7a8a38e065a45851433b0130ae5e58797,92387,7013,0.773,False,,"[{""type"": ""quix"", ""id"": ""95"", ""language"": ""*""}]",,,,,REVIEW_NEEDED
https://psitrends.com/index.php?id=97&option=com_quix&view=page,200,https://psitrends.com/index.php?id=97&option=com_quix&view=page,en-gb,Аcademy of archetypal consulting,"[""Бесплатные материалы и услуги Академии""]",[],[],,bb099b27eebbdaecf36703db5169191f884294954d81c2d127f2f4a3455e224c,e504df49d46104aaa2d0e50c845ee8349b443057b1df3fe6dc355a3868a6c008,154186,3364,0.886,False,,"[{""type"": ""quix"", ""id"": ""97"", ""language"": ""ru-RU""}]",,,,,REVIEW_NEEDED
https://psitrends.com/index.php?id=98&option=com_quix&view=page,200,https://psitrends.com/index.php?id=98&option=com_quix&view=page,en-gb,Аcademy of archetypal consulting,"[""Медитации Солнца""]",[],[],,ba18020fb1c58e4d2d105ff427d9dcfeac635aea1f57836e9db4a600c66bb869,dcbafdb37cff94986c5553c02ebbd0648d33d5392bbe11b63f37b6e358d20ae2,60274,3522,0.716,False,,"[{""type"": ""quix"", ""id"": ""98"", ""language"": ""ru-RU""}, {""type"": ""menu_exact"", ""id"": ""288"", ""language"": ""ru-RU""}]",,,,,REVIEW_NEEDED
https://psitrends.com/index.php?id=99&option=com_quix&view=page,200,https://psitrends.com/index.php?id=99&option=com_quix&view=page,en-gb,Аcademy of archetypal consulting,"[""Курс Греческие Мистерии. Канал Деметры.""]",[],[],,bf4100c7384cae26fe135a0afc27bd36f1fb8f04c26cf2b1f021fb5a651af62f,57b6e9cfd027057621290c114052961ba74e4fd8f47f834b1812b729b71c775f,58761,2844,0.698,False,,"[{""type"": ""quix"", ""id"": ""99"", ""language"": ""ru-RU""}, {""type"": ""menu_exact"", ""id"": ""292"", ""language"": ""ru-RU""}]",,,,,REVIEW_NEEDED
https://psitrends.com/index.php?id=100&option=com_quix&view=page,200,https://psitrends.com/index.php?id=100&option=com_quix&view=page,en-gb,Аcademy of archetypal consulting,"[""Курс Сила Планет""]",[],[],,42ee12f38cc122bc4cd0a7b185165f3d582cbc1fad7275f0bde5cb94fe35f121,19b4713dfe2349c081b48e0579331fd151a5232cfa70b3c517ea5881b154ddfb,69795,2884,0.717,False,,"[{""type"": ""quix"", ""id"": ""100"", ""language"": ""ru-RU""}, {""type"": ""menu_exact"", ""id"": ""293"", ""language"": ""ru-RU""}]",,,,,REVIEW_NEEDED
https://psitrends.com/index.php?id=101&option=com_quix&view=page,200,https://psitrends.com/index.php?id=101&option=com_quix&view=page,en-gb,Аcademy of archetypal consulting,"[""Медитации Силы и Защиты""]",[],[],,6c398582f2553208d14ac79ef3591bfd77545f0b047f9eb581ccaffbc6088ea7,f122004c429d7ce826186e3a48e213d5df094ec6fa17b14d096ce8d17ef55738,64164,2712,0.684,False,,"[{""type"": ""quix"", ""id"": ""101"", ""language"": ""ru-RU""}, {""type"": ""menu_exact"", ""id"": ""294"", ""language"": ""ru-RU""}]",,,,,REVIEW_NEEDED
https://psitrends.com/index.php?id=102&option=com_quix&view=page,200,https://psitrends.com/index.php?id=102&option=com_quix&view=page,en-gb,Аcademy of archetypal consulting,"[""Архетипы Майя""]",[],[],,04fe47f0979f39da63a8cb250cf3b44ee9a21baa980892339961b46a3c8c5061,f3a8fe24e432da36e68e3fbffb3d22fffd392ca9bda7bcb15efcbfbcd076ddbe,59961,2724,0.662,False,,"[{""type"": ""quix"", ""id"": ""102"", ""language"": ""ru-RU""}, {""type"": ""menu_exact"", ""id"": ""295"", ""language"": ""ru-RU""}]",,,,,REVIEW_NEEDED
https://psitrends.com/index.php?id=103&option=com_quix&view=page,200,https://psitrends.com/index.php?id=103&option=com_quix&view=page,en-gb,Аcademy of archetypal consulting,"[""Курс Жречество Египта. Осирис""]",[],[],,e4a9618af495807850bb9ad2aa778954b7320ad45d6daa45b18a66d8c7c694a9,815672ca65e1f0184e2f4b0835832151313a2d3f0bb78dc574efb4cb16183ff0,64549,2923,0.679,False,,"[{""type"": ""quix"", ""id"": ""103"", ""language"": ""ru-RU""}, {""type"": ""menu_exact"", ""id"": ""296"", ""language"": ""ru-RU""}]",,,,,REVIEW_NEEDED
https://psitrends.com/index.php?id=104&option=com_quix&view=page,200,https://psitrends.com/index.php?id=104&option=com_quix&view=page,en-gb,Аcademy of archetypal consulting,"[""Курс Мистерии Диониса""]",[],[],,9c4b1a8ec9b8337391deba60fd725c83775131e6d35fa42be49c2ebd5d6d5cd3,820dac60be8ff25de9b53ccca0bfd0a8659a38d0a1c1f5f4e56f4bc6f15fd9f6,64504,2904,0.649,False,,"[{""type"": ""quix"", ""id"": ""104"", ""language"": ""ru-RU""}, {""type"": ""menu_exact"", ""id"": ""297"", ""language"": ""ru-RU""}]",,,,,REVIEW_NEEDED
https://psitrends.com/index.php?id=105&option=com_quix&view=page,200,https://psitrends.com/index.php?id=105&option=com_quix&view=page,en-gb,Аcademy of archetypal consulting,[],[],[],,044bf03805565eae184c82051eb62c25cea38f066e99c99d58ce66215a1bdb77,d260fcbda74f9c8648adf3b0991ce500730c7c91ee9bd34682cf3d1205f3cc64,252395,5375,1.027,False,,"[{""type"": ""quix"", ""id"": ""105"", ""language"": ""ru-RU""}]",,,,,REVIEW_NEEDED
https://psitrends.com/index.php?id=107&option=com_quix&view=page,200,https://psitrends.com/index.php?id=107&option=com_quix&view=page,en-gb,Аcademy of archetypal consulting,[],[],[],,8036dc2a94091ebe186988bf8b6fd97e59f97525bba3dff16667c58cba49992b,7b06e27c0419d1e64863b533cb04e8009cb1e36bdb207047aacae4d5c1cfaa9a,165790,4790,0.86,False,,"[{""type"": ""quix"", ""id"": ""107"", ""language"": ""ru-RU""}]",,,,,REVIEW_NEEDED
https://psitrends.com/index.php?id=108&option=com_quix&view=page,200,https://psitrends.com/index.php?id=108&option=com_quix&view=page,en-gb,About us - Academy Of Temple Arts,"[""Meditations of the Sun""]",[],[],,83e432dd02372e95f6225e40004e02b0f529d759a9a58ff9ee89c75482507d57,a2cbb9f67e2dd18eea719a8c457410fbaeee3307e53990b8a0c1927fb15df68b,51501,3436,0.671,False,,"[{""type"": ""quix"", ""id"": ""108"", ""language"": ""en-GB""}, {""type"": ""menu_exact"", ""id"": ""307"", ""language"": ""en-GB""}]",,a2cbb9f67e2dd18eea719a8c457410fbaeee3307e53990b8a0c1927fb15df68b,,,REVIEW_NEEDED
https://psitrends.com/index.php?id=109&option=com_quix&view=page,200,https://psitrends.com/index.php?id=109&option=com_quix&view=page,en-gb,About us - Academy Of Temple Arts,"[""Books""]",[],[],,39b9b514c78708315daeefd233bb4a58d1fa5a849596abb00a0d37c8a020ce3a,3892c5cc9f8af496a3358070954cc2b4a2a7d3695d2159beed134b73f7efe10f,53053,2862,0.697,False,,"[{""type"": ""quix"", ""id"": ""109"", ""language"": ""en-GB""}, {""type"": ""menu_exact"", ""id"": ""308"", ""language"": ""en-GB""}]",,3892c5cc9f8af496a3358070954cc2b4a2a7d3695d2159beed134b73f7efe10f,,,REVIEW_NEEDED
https://psitrends.com/index.php?id=110&option=com_quix&view=page,200,https://psitrends.com/index.php?id=110&option=com_quix&view=page,en-gb,Аcademy of archetypal consulting,"[""Birth Star""]",[],[],,2d5c527eaee4e68cd588cb60d89058b5498d709f3f6971071ce25e7429444726,4bbccd5476cf9d1093e3c87bbb78d33e012416ae0342190fa1b90ce603704fc4,85603,7134,0.732,False,,"[{""type"": ""quix"", ""id"": ""110"", ""language"": ""en-GB""}]",,,,,REVIEW_NEEDED
https://psitrends.com/index.php?id=111&option=com_quix&view=page,200,https://psitrends.com/index.php?id=111&option=com_quix&view=page,en-gb,Аcademy of archetypal consulting,"[""Мистерии Египта""]",[],[],,3cdaa9d2fb3e7defcac4e30a129d99c02014f8d422d917361b8d0cfc87a024ec,7ea112bc4da39ab2c7147a877ba07ff99f9809a0449b30388b1c13d09056e934,58750,3710,0.691,False,,"[{""type"": ""quix"", ""id"": ""111"", ""language"": ""ru-RU""}, {""type"": ""menu_exact"", ""id"": ""317"", ""language"": ""ru-RU""}]",,,,,REVIEW_NEEDED
https://psitrends.com/index.php?id=112&option=com_quix&view=page,200,https://psitrends.com/index.php?id=112&option=com_quix&view=page,en-gb,Аcademy of archetypal consulting,"[""Мистерии Греции""]",[],[],,db71d22fb51b01fa9be56e212515e06708ccc4b80a4f5b952844c7b9bf5f52df,3693c5cfac3ec9f55125f37fe6785c95daa40641b373126ca838115a13fd6af3,60667,4628,0.702,False,,"[{""type"": ""quix"", ""id"": ""112"", ""language"": ""ru-RU""}, {""type"": ""menu_exact"", ""id"": ""314"", ""language"": ""ru-RU""}]",,,,,REVIEW_NEEDED
https://psitrends.com/index.php?id=113&option=com_quix&view=page,200,https://psitrends.com/index.php?id=113&option=com_quix&view=page,en-gb,Аcademy of archetypal consulting,"[""Северная магия рун""]",[],[],,16290bed45464b2c94f2e601d7969a06479a2310962b1a3abbd61093c5c59dd3,ff5f0d0fdcbfa03d1a2be69a7c59cd4bb1b9b8a73e717d8dcc1990c93c65bea1,58255,3433,0.716,False,,"[{""type"": ""quix"", ""id"": ""113"", ""language"": ""ru-RU""}, {""type"": ""menu_exact"", ""id"": ""315"", ""language"": ""ru-RU""}]",,,,,REVIEW_NEEDED
https://psitrends.com/index.php?id=114&option=com_quix&view=page,200,https://psitrends.com/index.php?id=114&option=com_quix&view=page,en-gb,Аcademy of archetypal consulting,"[""Services""]",[],[],,4bbe65d05d66f4b920dcc4d2a71422aac2e8f2c8f3a2322184432dfcb6d4e24e,b4e36b9f6e63ffc5a4d3cadfb3ee6cb436342b19297438daf56587609721af33,118188,3114,0.9,False,,"[{""type"": ""quix"", ""id"": ""114"", ""language"": ""en-GB""}]",,,,,REVIEW_NEEDED
https://psitrends.com/index.php?id=115&option=com_quix&view=page,200,https://psitrends.com/index.php?id=115&option=com_quix&view=page,en-gb,Аcademy of archetypal consulting,"[""Free materials and services of the Academy""]",[],[],,6d069043365d081dd82cc19d4c5b5ff7ccccc6f863f6e704a0fa1d148e6d5d85,3d054b8849cf4ac9f497291332a6a274a4aeb69444b508621895c5bc4c98e40d,150735,3163,0.874,False,,"[{""type"": ""quix"", ""id"": ""115"", ""language"": ""en-GB""}]",,,,,REVIEW_NEEDED
https://psitrends.com/index.php?id=116&option=com_quix&view=page,200,https://psitrends.com/index.php?id=116&option=com_quix&view=page,en-gb,Аcademy of archetypal consulting,"[""ЛИЧНАЯ ДИАГНОСТИКА - В ПОДАРОК""]",[],[],,9b0e38e0603cba584ad44c35ed210618952a7134797f3749636e473e4c3f5e27,584e4e3c9ff609c32b4dc234432d3f951d43572e42d939fc73b52238a1008366,129839,4923,0.825,False,,"[{""type"": ""quix"", ""id"": ""116"", ""language"": ""ru-RU""}, {""type"": ""menu_exact"", ""id"": ""209"", ""language"": ""ru-RU""}]",,,,,REVIEW_NEEDED
https://psitrends.com/index.php?id=117&option=com_quix&view=page,200,https://psitrends.com/index.php?id=117&option=com_quix&view=page,en-gb,Diagnostics,"[""PERSONAL DIAGNOSTICS - AS A GIFT""]",[],[],,5856ba78a8e7be9501890da3c5437b90185e807b1b7074574596ae9c8c1809cb,c8c692efd4de23991782dd48ca7d7eab0af1230ed6efed1f097eb0fa8558739a,138407,5199,0.768,False,,"[{""type"": ""quix"", ""id"": ""117"", ""language"": ""en-GB""}, {""type"": ""menu_exact"", ""id"": ""208"", ""language"": ""en-GB""}]",,c8c692efd4de23991782dd48ca7d7eab0af1230ed6efed1f097eb0fa8558739a,,,REVIEW_NEEDED
https://psitrends.com/index.php?id=119&option=com_quix&view=page,200,https://psitrends.com/index.php?id=119&option=com_quix&view=page,en-gb,Аcademy of archetypal consulting,"[""МАНДАЛЫ И ТАЛИСМАНЫ""]",[],[],,81fcc32662b715a4b7afad77549311aeaf92b75d20fe609e868f1b33ad504f73,845465866841a4c4f3d5f95343c7505fe03712fa4fe9c94d9f1d5ae09b4d7f47,116094,7052,0.838,False,,"[{""type"": ""quix"", ""id"": ""119"", ""language"": ""ru-RU""}]",,,,,REVIEW_NEEDED
https://psitrends.com/index.php?id=120&option=com_quix&view=page,200,https://psitrends.com/index.php?id=120&option=com_quix&view=page,en-gb,Process support (mandala),"[""Mandalas and Talismans""]",[],[],,28bd65dce917eaacf80fd791b6beab710c20e0d9328461ba8a3fdb51beb10fd5,4ca52d856bc943712dce85eb59d2dc52ac5df61a74915bcb44900fa8f57415ea,114244,7504,0.802,False,,"[{""type"": ""quix"", ""id"": ""120"", ""language"": ""ru-RU""}, {""type"": ""menu_exact"", ""id"": ""330"", ""language"": ""en-GB""}]",,4ca52d856bc943712dce85eb59d2dc52ac5df61a74915bcb44900fa8f57415ea,,,REVIEW_NEEDED
https://psitrends.com/index.php?id=121&option=com_quix&view=page,200,https://psitrends.com/index.php?id=121&option=com_quix&view=page,en-gb,Аcademy of archetypal consulting,[],[],[],,a5d8f44557ff4aafcc77afbf7cafaac6a2bc05ead37df41708a4ac1ee1a9e6f6,15fb2878473b77af2034827232cbf7caa4a856c51f477868fd453980298a4912,179791,5754,0.782,False,,"[{""type"": ""quix"", ""id"": ""121"", ""language"": ""*""}, {""type"": ""menu_exact"", ""id"": ""327"", ""language"": ""ru-RU""}]",,,,,REVIEW_NEEDED
https://psitrends.com/index.php?id=122&option=com_quix&view=page,200,https://psitrends.com/index.php?id=122&option=com_quix&view=page,en-gb,Mysteries,[],[],[],,788bbe88826041a10ea67dcb38cfa1c98afb80991348269456b95892c2f55b58,b07a980de75ad0f8c39506cb2bc43171b6335bfd7f1843331fd7add90d04a4b5,160642,6004,0.802,False,,"[{""type"": ""quix"", ""id"": ""122"", ""language"": ""*""}, {""type"": ""menu_exact"", ""id"": ""332"", ""language"": ""en-GB""}]",,b07a980de75ad0f8c39506cb2bc43171b6335bfd7f1843331fd7add90d04a4b5,,,REVIEW_NEEDED
https://psitrends.com/index.php?id=123&option=com_quix&view=page,200,https://psitrends.com/index.php?id=123&option=com_quix&view=page,en-gb,Аcademy of archetypal consulting,"[""Терапия Личности""]",[],[],,7a8c266b04df414cdafb3ae2dd9f9999f37f3ab5d32b39eb9c61da1c16d98e2e,1e8604a35bedb76aa11dc4f6639d1280dfe206de22a6dfe673690567f9b5fa28,107934,9800,0.783,False,,"[{""type"": ""quix"", ""id"": ""123"", ""language"": ""ru-RU""}, {""type"": ""menu_exact"", ""id"": ""334"", ""language"": ""ru-RU""}]",,,,,REVIEW_NEEDED
https://psitrends.com/index.php?id=124&option=com_quix&view=page,200,https://psitrends.com/index.php?id=124&option=com_quix&view=page,en-gb,Аcademy of archetypal consulting,"[""Терапия Травм""]",[],[],,a665320c011b91147791edd819b5c42998d1b116df3836cdfe69f0674e9fe1ac,7bf017871e533832bbda4bae57535aa90d5b491ebc1d8190e189d82d6fd9ef92,118886,11899,0.853,False,,"[{""type"": ""quix"", ""id"": ""124"", ""language"": ""ru-RU""}, {""type"": ""menu_exact"", ""id"": ""335"", ""language"": ""ru-RU""}]",,,,,REVIEW_NEEDED
https://psitrends.com/index.php?id=125&option=com_quix&view=page,200,https://psitrends.com/index.php?id=125&option=com_quix&view=page,en-gb,Аcademy of archetypal consulting,"[""Терапия Опор""]",[],[],,f186e29db75e7aa1c865a4d529bb2e728fd0356e0bcbf5482ff49a540be75067,a3f014d53a1e69c6e98af843a704e0a8d0dcad54d6439d4be1f2bd4303ba5c5a,165091,15985,0.846,False,,"[{""type"": ""quix"", ""id"": ""125"", ""language"": ""ru-RU""}, {""type"": ""menu_exact"", ""id"": ""336"", ""language"": ""ru-RU""}]",,,,,REVIEW_NEEDED
https://psitrends.com/index.php?id=126&option=com_quix&view=page,200,https://psitrends.com/index.php?id=126&option=com_quix&view=page,en-gb,Аcademy of archetypal consulting,"[""Терапия Духа и Рода""]",[],[],,c2a2341eca9d67222f1ca43fb2eaf024c97b0e218f16b37cde419a6a42973266,2866deca424ed32496ebf66eefedd4fa22d00acf50b9d9b4d8f47a1100e29204,155275,14763,0.84,False,,"[{""type"": ""quix"", ""id"": ""126"", ""language"": ""ru-RU""}, {""type"": ""menu_exact"", ""id"": ""337"", ""language"": ""ru-RU""}]",,,,,REVIEW_NEEDED
https://psitrends.com/index.php?id=127&option=com_quix&view=page,200,https://psitrends.com/index.php?id=127&option=com_quix&view=page,en-gb,1st lvl. Personality Therapy (homeopathy),"[""Personality Therapy""]",[],[],,fbb1d9b9a8abe2b3c9b5e82944b0f1214cd7df7fe3c9d5e43aa420a0d3db94d1,ace24b9c0587006ce7814d01f860a8b858610da31b3aaa54863906a926bbef8e,95192,10403,0.68,False,,"[{""type"": ""quix"", ""id"": ""127"", ""language"": ""en-GB""}, {""type"": ""menu_exact"", ""id"": ""338"", ""language"": ""en-GB""}]",,ace24b9c0587006ce7814d01f860a8b858610da31b3aaa54863906a926bbef8e,,,REVIEW_NEEDED
https://psitrends.com/index.php?id=128&option=com_quix&view=page,200,https://psitrends.com/index.php?id=128&option=com_quix&view=page,en-gb,2nd lvl. Trauma Therapy (homeopathy of subpersonalities),"[""Trauma Therapy""]",[],[],,ed88287475193f204c568880f4feb09004cd4158f13a70adbcc87e8a820268ef,d31bbf253059782e6d1cb41a5953a83e1bb818e365371639ecec8631273851c6,112008,12893,0.81,False,,"[{""type"": ""quix"", ""id"": ""128"", ""language"": ""en-GB""}, {""type"": ""menu_exact"", ""id"": ""339"", ""language"": ""en-GB""}]",,d31bbf253059782e6d1cb41a5953a83e1bb818e365371639ecec8631273851c6,,,REVIEW_NEEDED
https://psitrends.com/index.php?id=129&option=com_quix&view=page,200,https://psitrends.com/index.php?id=129&option=com_quix&view=page,en-gb,3rd lvl. Support Therapy (deep homeopathy),"[""Support Therapy""]",[],[],,677c18bdfff00d9e009f8108f6de5774842bced9f8bdf39922a346e0d5408089,0e4dbd5988c43f20be54dfa238ad085ffc6bcdd4a8a4fc8e70e1a7bd9ba11770,155025,16882,0.806,False,,"[{""type"": ""quix"", ""id"": ""129"", ""language"": ""en-GB""}, {""type"": ""menu_exact"", ""id"": ""340"", ""language"": ""en-GB""}]",,0e4dbd5988c43f20be54dfa238ad085ffc6bcdd4a8a4fc8e70e1a7bd9ba11770,,,REVIEW_NEEDED
https://psitrends.com/index.php?id=130&option=com_quix&view=page,200,https://psitrends.com/index.php?id=130&option=com_quix&view=page,en-gb,4th level. Spirit and Family Therapy (sacred homeopathy),"[""Spirit and Family Therapy""]",[],[],,24a8811a94ecf8695b0083040bf4c84ede503269dfe834ac0db9a101112de61e,aa5a2fdf511d92a3e0c2209a1b98a9380001b330ac3a7fea13cc5b63447921fb,146047,15790,0.777,False,,"[{""type"": ""quix"", ""id"": ""130"", ""language"": ""en-GB""}, {""type"": ""menu_exact"", ""id"": ""341"", ""language"": ""en-GB""}]",,aa5a2fdf511d92a3e0c2209a1b98a9380001b330ac3a7fea13cc5b63447921fb,,,REVIEW_NEEDED
https://psitrends.com/index.php?id=131&option=com_quix&view=page,200,https://psitrends.com/index.php?id=131&option=com_quix&view=page,en-gb,Аcademy of archetypal consulting,"[""Мандалы и Артефакты""]",[],[],,64c6211ffcadcf0f7ac3078cb0eca88216c8b413bd380ee332780abf30f5445c,2e45f6c1dd47b6bec882705ebebc153136dde15cdd12dde0c9a99f16869ca391,49892,2798,0.717,False,,"[{""type"": ""quix"", ""id"": ""131"", ""language"": ""ru-RU""}, {""type"": ""menu_exact"", ""id"": ""342"", ""language"": ""ru-RU""}]",,,,,REVIEW_NEEDED
https://psitrends.com/index.php?id=132&option=com_quix&view=page,200,https://psitrends.com/index.php?id=132&option=com_quix&view=page,en-gb,Аcademy of archetypal consulting,"[""Мандала Великой Матери""]",[],[],,deec270ee92b580b8800b3f748a9a5140111d2247963ad890322560c10316de0,fd38570522523239967cdf6efee84995003b3d8608b79e97e02cdceeda362b74,83174,8402,0.712,False,,"[{""type"": ""quix"", ""id"": ""132"", ""language"": ""ru-RU""}, {""type"": ""menu_exact"", ""id"": ""343"", ""language"": ""ru-RU""}]",,,,,REVIEW_NEEDED
https://psitrends.com/index.php?id=133&option=com_quix&view=page,200,https://psitrends.com/index.php?id=133&option=com_quix&view=page,en-gb,Аcademy of archetypal consulting,"[""Мандала Великого Отца""]",[],[],,4353a7a8b40de262bba742718ab740c0c0f4c7c0f6c0a8029b5e7015d8e253a1,2fb0d0c6b03d6cbabcd334603eb480e67e1568042e040e753295b34f7d84ad5a,60089,4119,0.722,False,,"[{""type"": ""quix"", ""id"": ""133"", ""language"": ""ru-RU""}, {""type"": ""menu_exact"", ""id"": ""344"", ""language"": ""ru-RU""}]",,,,,REVIEW_NEEDED
https://psitrends.com/index.php?id=134&option=com_quix&view=page,200,https://psitrends.com/index.php?id=134&option=com_quix&view=page,en-gb,Аcademy of archetypal consulting,"[""Мандала Сила Рода""]",[],[],,5f2562b23f675b273883b91ff354350bc0377b590bb8d1f1f6aefd71c67b261d,ecd162ceb9c67d55b9400055c706073d160c6bc15d8f6ac09ddd1c82d4e1b461,53282,4462,0.71,False,,"[{""type"": ""quix"", ""id"": ""134"", ""language"": ""ru-RU""}, {""type"": ""menu_exact"", ""id"": ""345"", ""language"": ""ru-RU""}]",,,,,REVIEW_NEEDED
https://psitrends.com/index.php?id=135&option=com_quix&view=page,200,https://psitrends.com/index.php?id=135&option=com_quix&view=page,en-gb,Mandalas and Artifacts,"[""Mandalas and Artifacts""]",[],[],,d1690bb33fcee06b9038fc74794252030a021cbe9b80fc26f04822a64c8fe0cc,055e4b56b4f144a779170c07fc76384698b659aed9173812aaa9f3bca10765fb,49576,2824,0.659,False,,"[{""type"": ""quix"", ""id"": ""135"", ""language"": ""en-GB""}, {""type"": ""menu_exact"", ""id"": ""346"", ""language"": ""en-GB""}]",,055e4b56b4f144a779170c07fc76384698b659aed9173812aaa9f3bca10765fb,,,REVIEW_NEEDED
https://psitrends.com/index.php?id=136&option=com_quix&view=page,200,https://psitrends.com/index.php?id=136&option=com_quix&view=page,en-gb,Mandala of the Great Mother,"[""Mandala of the Great Mother""]",[],[],,cac2d8bc3984a69871323177aaf9325eaf5ee57210485b8d0771cc2b24cafbcc,16655d09839908ffcfa9cdbeb523caca20107db286e40fa1632b2455932dbedc,79005,9140,0.687,False,,"[{""type"": ""quix"", ""id"": ""136"", ""language"": ""en-GB""}, {""type"": ""menu_exact"", ""id"": ""347"", ""language"": ""en-GB""}]",,16655d09839908ffcfa9cdbeb523caca20107db286e40fa1632b2455932dbedc,,,REVIEW_NEEDED
https://psitrends.com/index.php?id=137&option=com_quix&view=page,200,https://psitrends.com/index.php?id=137&option=com_quix&view=page,en-gb,Mandala of the Great Father,"[""Mandala of the Great Father""]",[],[],,ecfc05a78bea30adb0b844aff13e882b99e8a578a396ecf6b15b22c3fe52f3ee,647c0a45a2cdd4f84ab1a9474d7f4968f656c5e5f90865ad15faee7dc7a4a5d7,58763,4274,0.74,False,,"[{""type"": ""quix"", ""id"": ""137"", ""language"": ""en-GB""}, {""type"": ""menu_exact"", ""id"": ""348"", ""language"": ""en-GB""}]",,647c0a45a2cdd4f84ab1a9474d7f4968f656c5e5f90865ad15faee7dc7a4a5d7,,,REVIEW_NEEDED
https://psitrends.com/index.php?id=138&option=com_quix&view=page,200,https://psitrends.com/index.php?id=138&option=com_quix&view=page,en-gb,Mandala Power of the Family,"[""Mandala Power of the Family""]",[],[],,139aeb1a755b93f6edcb8e3e3807c584d1596644289f3851df7e4cc36199fa6e,fed4c1ed1926b77ccfdb7541d6157a061a8ee97ecd87de1a5851a45ffd7de4a4,51786,4706,0.678,False,,"[{""type"": ""quix"", ""id"": ""138"", ""language"": ""en-GB""}, {""type"": ""menu_exact"", ""id"": ""349"", ""language"": ""en-GB""}]",,fed4c1ed1926b77ccfdb7541d6157a061a8ee97ecd87de1a5851a45ffd7de4a4,,,REVIEW_NEEDED
https://psitrends.com/index.php?id=139&option=com_quix&view=page,200,https://psitrends.com/index.php?id=139&option=com_quix&view=page,en-gb,Articles,"[""Academy of archetypal consulting Articles""]",[],[],,68d3af1f3b5ef2772fbcf1c6dd4ef1d2eb4a4f11474330aa1104ccde4e8ad62e,81cb467fff66718695b806f369b07ac4e972a36993f98cfccaca16798e6355df,129336,14159,0.776,False,,"[{""type"": ""quix"", ""id"": ""139"", ""language"": ""en-GB""}, {""type"": ""menu_exact"", ""id"": ""351"", ""language"": ""en-GB""}]",,81cb467fff66718695b806f369b07ac4e972a36993f98cfccaca16798e6355df,,,REVIEW_NEEDED
https://psitrends.com/index.php?id=140&option=com_quix&view=page,200,https://psitrends.com/index.php?id=140&option=com_quix&view=page,en-gb,Аcademy of archetypal consulting,"[""Статьи Академии архетипического консалтинга""]",[],[],,87b41a57434a4e1d873e9c0192fa31b6d6c01373f8066488d4d8825d8b019d47,67e2728737245b25ee8b9b1da9ef14c37f8f84a505b3ac7aaf9dc6913adebb96,136793,13109,0.842,False,,"[{""type"": ""quix"", ""id"": ""140"", ""language"": ""ru-RU""}, {""type"": ""menu_exact"", ""id"": ""350"", ""language"": ""ru-RU""}]",,,,,REVIEW_NEEDED
https://psitrends.com/index.php?id=141&option=com_quix&view=page,200,https://psitrends.com/index.php?id=141&option=com_quix&view=page,en-gb,Аcademy of archetypal consulting,[],[],[],,49c249d65a87c7d9f636a6bd639c5ac3227f84dcc6b0ea1e5e07990d49629c0a,0e2d3bfd1407cc9e1ffd89db3027d569e4529cd9c967af72e75a0ce34aee88cb,258264,5287,0.943,False,,"[{""type"": ""quix"", ""id"": ""141"", ""language"": ""ru-RU""}, {""type"": ""menu_exact"", ""id"": ""204"", ""language"": ""ru-RU""}]",,,,"Same published Quix record141 is mapped to Russian home menu204, but bare query currently renders html lang=en-gb and a different visible-text hash.",REVIEW_NEEDED
https://psitrends.com/index.php?id=1&option=com_content&view=article,200,https://psitrends.com/index.php?id=1&option=com_content&view=article,en-gb,Packages,"[""Packages""]",[],[],,05ad1bd9ddd383e22f4410da1d32cd9a4dc9ed9d5d08b09eae3b6c15690f9274,88e8b1979a1f4043a83c9cfe8cdd1b7fbe9ee09bfaa943162e27866fcc142a05,22049,2151,0.591,False,,"[{""type"": ""content"", ""id"": ""1"", ""language"": ""*""}, {""type"": ""menu_exact"", ""id"": ""120"", ""language"": ""*""}]",,88e8b1979a1f4043a83c9cfe8cdd1b7fbe9ee09bfaa943162e27866fcc142a05,,,REVIEW_NEEDED
https://psitrends.com/index.php?id=2&option=com_content&view=article,200,https://psitrends.com/index.php?id=2&option=com_content&view=article,en-gb,Region,"[""Region""]",[],[],,a98bc769b97ab2de293642136e4742e0b0c4ca697ba028fe8c8077b641f9e252,2c0b82eebb4907bdbfe8c593588718628d6f981a738522d1f0aa7296fc1a7b98,64060,2837,0.693,False,,"[{""type"": ""content"", ""id"": ""2"", ""language"": ""*""}]",,,,,REVIEW_NEEDED
https://psitrends.com/index.php?id=3&option=com_content&view=article,200,https://psitrends.com/index.php?id=3&option=com_content&view=article,en-gb,Italy,"[""Italy""]",[],[],,a007139ab5e0831b51709eb76213c86afe232d6bce37b70037efb01f2fe9e4d5,c7688a8f9279896a6d3ba1e9bd3e088d2417e13536c72d260f31d2980c87db65,38001,2413,0.656,False,,"[{""type"": ""content"", ""id"": ""3"", ""language"": ""*""}]",,,,,REVIEW_NEEDED
https://psitrends.com/index.php?id=4&option=com_content&view=article,200,https://psitrends.com/index.php?id=4&option=com_content&view=article,en-gb,Oceania,"[""Oceania""]",[],[],,b0198afa8c75839396e91375df52e7b216aa2686be62047feaa1789865c570ab,fc10590bd6001f52eb86b7fad0c130b213c64e5dba09b48d29049e5389141af4,46536,2495,0.736,False,,"[{""type"": ""content"", ""id"": ""4"", ""language"": ""*""}]",,,,,REVIEW_NEEDED
https://psitrends.com/index.php?id=5&option=com_content&view=article,200,https://psitrends.com/index.php?id=5&option=com_content&view=article,en-gb,Adventures,"[""Adventures""]",[],[],,d67844b48c25684c4eaa8543da05e8270cb67e6874043d396012cdd5678ba723,48528edfcfaecf34909635658f56326e2e68d90344ed114ca1d0f634698b7225,58884,2908,0.773,False,,"[{""type"": ""content"", ""id"": ""5"", ""language"": ""*""}]",,,,,REVIEW_NEEDED
https://psitrends.com/index.php?id=6&option=com_content&view=article,200,https://psitrends.com/index.php?id=6&option=com_content&view=article,en-gb,Rock Climbing,"[""Rock Climbing""]",[],[],,1e97e9f8fca030450e0156461827821090ee4925fba5ce1bf72d689340baaf66,fa0effff27a36369c1eee994f7af5b0227c3ddacdb15f2906ba6a14a0c91f232,83295,6588,0.759,False,,"[{""type"": ""content"", ""id"": ""6"", ""language"": ""*""}, {""type"": ""menu_exact"", ""id"": ""112"", ""language"": ""*""}]",,,,,REVIEW_NEEDED
https://psitrends.com/index.php?id=7&option=com_content&view=article,200,https://psitrends.com/index.php?id=7&option=com_content&view=article,en-gb,Rafting,"[""Rafting""]",[],[],,4e4f46e71a61c59c57d494035e86e02b7655c7a6687c5adb9475a7c9de5af147,d6b669f145f1ccba9aa2527d23ad2478725361d7cbc8865180d548cb7055309e,60112,4766,0.717,False,,"[{""type"": ""content"", ""id"": ""7"", ""language"": ""*""}, {""type"": ""menu_exact"", ""id"": ""111"", ""language"": ""*""}]",,d6b669f145f1ccba9aa2527d23ad2478725361d7cbc8865180d548cb7055309e,,,REVIEW_NEEDED
https://psitrends.com/index.php?id=8&option=com_content&view=article,200,https://psitrends.com/index.php?id=8&option=com_content&view=article,en-gb,Driving,"[""Driving""]",[],[],,839db36786bce9e172a6ecc4e17a272c4d5bbb56d42056b7649103f3b5798692,8938e9f6b7936d8ae6251435e9644468f123a735eeaf23ff34ae66958d04d9ea,49116,2601,0.724,False,,"[{""type"": ""content"", ""id"": ""8"", ""language"": ""*""}, {""type"": ""menu_exact"", ""id"": ""110"", ""language"": ""*""}]",,,,,REVIEW_NEEDED
https://psitrends.com/index.php?id=9&option=com_content&view=article,200,https://psitrends.com/index.php?id=9&option=com_content&view=article,en-gb,Enjoyable friends and family tour,"[""Enjoyable friends and family tour""]",[],[],,91f7cd871cf90a841acd60903102b4deeaecf0e74cd0c1c95f7442595e63ab17,878d5788facb90629f050b60712fa39cfe715e3d7c4d58ad2bd89f2b0a44d002,76203,5546,0.763,False,,"[{""type"": ""content"", ""id"": ""9"", ""language"": ""*""}]",,,,,REVIEW_NEEDED
https://psitrends.com/index.php?id=10&option=com_content&view=article,200,https://psitrends.com/index.php?id=10&option=com_content&view=article,en-gb,Enjoy your holiday with fun,"[""Enjoy your holiday with fun""]",[],[],,c28d5f78570ac8b67d73e8c9a0191aa3617f2d63ff0c81423046b48780ec77aa,3846f472f633d2195ad2e387e69ce6e9ca146348f9507fcd53adab9b560c95aa,76193,5534,0.768,False,,"[{""type"": ""content"", ""id"": ""10"", ""language"": ""*""}]",,,,,REVIEW_NEEDED
https://psitrends.com/index.php?id=11&option=com_content&view=article,200,https://psitrends.com/index.php?id=11&option=com_content&view=article,en-gb,Enjoy your vacation with your family,"[""Enjoy your vacation with your family""]",[],[],,63086c2330efe8dfe690261f00ac7cca03903bb9114679acf688256589282d49,98c0c7688a166d32d5badc732d23dab733ff84b59a69b651d89ec3a9b0fb04cf,82203,9668,0.762,False,,"[{""type"": ""content"", ""id"": ""11"", ""language"": ""*""}]",,,,,REVIEW_NEEDED
https://psitrends.com/index.php?id=12&option=com_content&view=article,200,https://psitrends.com/index.php?id=12&option=com_content&view=article,en-gb,Fall In Love With Portugal Places,"[""Fall In Love With Portugal Places""]",[],[],,e62e9e343a83d7eb3fca4ad223ddeb6f77527f2792ab477c5aedb6babfd8a875,ae9dee93aeb783508b600ee54c0e64b76d895d76bfb5020d04ae3a5fe703b194,76205,5546,0.733,False,,"[{""type"": ""content"", ""id"": ""12"", ""language"": ""*""}]",,,,,REVIEW_NEEDED
https://psitrends.com/index.php?id=13&option=com_content&view=article,200,https://psitrends.com/index.php?id=13&option=com_content&view=article,en-gb,What Everyone Want To Travel,"[""What Everyone Want To Travel""]",[],[],,a503451e9f54eceac91ebbffc78b63480656171744aef297de7b17e807eb940b,12f699bf7a8d240b6b61740ef55433f27ba7a0b5d174b7fe67954b5af91ca0ba,76194,5536,0.794,False,,"[{""type"": ""content"", ""id"": ""13"", ""language"": ""*""}]",,,,,REVIEW_NEEDED
https://psitrends.com/index.php?id=14&option=com_content&view=article,200,https://psitrends.com/index.php?id=14&option=com_content&view=article,en-gb,Canada,"[""Canada""]",[],[],,a28b3604e18235e86cd3ed49bf02629640781d87dac40e07968a69cfc47de7cf,10a886bb85821c91f6ac353fb8d5a2641341d2246186d994ba34b8a794504cb0,63980,4841,0.691,False,,"[{""type"": ""content"", ""id"": ""14"", ""language"": ""*""}, {""type"": ""menu_exact"", ""id"": ""106"", ""language"": ""*""}]",,10a886bb85821c91f6ac353fb8d5a2641341d2246186d994ba34b8a794504cb0,,,REVIEW_NEEDED
https://psitrends.com/index.php?id=16&option=com_content&view=article,200,https://psitrends.com/index.php?id=16&option=com_content&view=article,en-gb,The travel in Italy Mystery Revealed,"[""The travel in Italy Mystery Revealed""]",[],[],,61299309b8ff4e50982494590b922bcd5b728aed2650fc19a4db4e5a7afec6a4,a0d825d0852cfbe67d68ac5bb746f74d8493d707d8426afef2b8db247b81c5fe,22106,2207,0.609,False,,"[{""type"": ""content"", ""id"": ""16"", ""language"": ""*""}]",,a0d825d0852cfbe67d68ac5bb746f74d8493d707d8426afef2b8db247b81c5fe,,,REVIEW_NEEDED
https://psitrends.com/index.php?id=17&option=com_content&view=article,200,https://psitrends.com/index.php?id=17&option=com_content&view=article,en-gb,Fall in love with Canada places,"[""Fall in love with Canada places""]",[],[],,c9e0554fd9969d091027b50689bdfc5461dc5eab19dc214dd61cbf9980b2fa48,da871adcf727aefbf0a9fe64f0ca5b37531eab68ea3d01f8a5ec420efb9f5f6a,76243,5542,0.709,False,,"[{""type"": ""content"", ""id"": ""17"", ""language"": ""*""}]",,,,,REVIEW_NEEDED
https://psitrends.com/index.php?id=18&option=com_content&view=article,200,https://psitrends.com/index.php?id=18&option=com_content&view=article,en-gb,Alaska Rafting on the Tatshenshini River,"[""Alaska Rafting on the Tatshenshini River""]",[],[],,c58aec44ca7f42771604d16c324d382c3aa5a9c42a5d45d3eff3203a416764ed,83ed9560c74e42eeedfd5be51e3d9fd636e461490231ae7c320cc7cce8ba3044,76765,5611,0.701,False,,"[{""type"": ""content"", ""id"": ""18"", ""language"": ""*""}]",,,,,REVIEW_NEEDED
https://psitrends.com/index.php?id=19&option=com_content&view=article,200,https://psitrends.com/index.php?id=19&option=com_content&view=article,en-gb,Destinations,"[""Destinations""]",[],[],,5eb6841fdb2c13abe898d86a1e712ce2c2acbc162802490fa213e603cbb33fe1,f288039abab19a8b2bb43f7e87d78cc2766b0e19b173c1ad730bb7f7a1b66edf,64077,3079,0.769,False,,"[{""type"": ""content"", ""id"": ""19"", ""language"": ""*""}]",,,,,REVIEW_NEEDED
https://psitrends.com/index.php?id=20&option=com_content&view=article,200,https://psitrends.com/index.php?id=20&option=com_content&view=article,en-gb,The Ultimate Secret Of Australia beauty,"[""The Ultimate Secret Of Australia beauty""]",[],[],,9e174100eedc0077e8ba4fb088f83db3e9bc3e31a7f99b211ced1f18f5ff98a0,ef432e61f9f55a2719f2120aef9a9970ce3a5c4d5584e37d2c5aa0f070e33a79,76219,5558,0.723,False,,"[{""type"": ""content"", ""id"": ""20"", ""language"": ""*""}]",,,,,REVIEW_NEEDED
https://psitrends.com/index.php?id=21&option=com_content&view=article,200,https://psitrends.com/index.php?id=21&option=com_content&view=article,en-gb,The travel in Italy Mystery Revealed,"[""The travel in Italy Mystery Revealed""]",[],[],,efaaedc27108c1bdf7b5cddee29074e9e79f3083adbe27020d35db561da3f82d,a0d825d0852cfbe67d68ac5bb746f74d8493d707d8426afef2b8db247b81c5fe,22106,2207,0.643,False,,"[{""type"": ""content"", ""id"": ""21"", ""language"": ""*""}]",,a0d825d0852cfbe67d68ac5bb746f74d8493d707d8426afef2b8db247b81c5fe,,,REVIEW_NEEDED
https://psitrends.com/index.php?id=22&option=com_content&view=article,200,https://psitrends.com/index.php?id=22&option=com_content&view=article,en-gb,Refuse to die and unlived lift,"[""Refuse to die and unlived lift""]",[],[],,03066fd67948d25fa6c2ddd27eb465e3b5926f5f2d6398bf34fd7fc765a212da,88371d4ac6d7d8af8c5da1059ea8a0b7028bbb735da2ea6b99225aa91afa9041,22860,2945,0.598,False,,"[{""type"": ""content"", ""id"": ""22"", ""language"": ""*""}]",,,,,REVIEW_NEEDED
https://psitrends.com/index.php?id=23&option=com_content&view=article,200,https://psitrends.com/index.php?id=23&option=com_content&view=article,en-gb,10 Top US States to Visit for International Tourists,"[""10 Top US States to Visit for International Tourists""]",[],[],,5f8660b5981a5e91239dfe9cb2d0e5df475bd4150fae9d812d09849934738247,27b9196aac3453128df671858b529b825289f065f5b87f820aa4c20da2525845,23478,3556,0.609,False,,"[{""type"": ""content"", ""id"": ""23"", ""language"": ""*""}]",,,,,REVIEW_NEEDED
https://psitrends.com/index.php?id=24&option=com_content&view=article,200,https://psitrends.com/index.php?id=24&option=com_content&view=article,en-gb,6 Romantic Things To Do In Amsterdam,"[""6 Romantic Things To Do In Amsterdam""]",[],[],,808658dda42ebc96d34a374c33bd94bfb5b9ce30a1c8334cedb0cf4dc562feb4,324a2774129865ac2f458d84689c4173e8bb36f438a8c3ea60844aadbbd5263f,23202,3280,0.603,False,,"[{""type"": ""content"", ""id"": ""24"", ""language"": ""*""}]",,,,,REVIEW_NEEDED
https://psitrends.com/index.php?id=25&option=com_content&view=article,200,https://psitrends.com/index.php?id=25&option=com_content&view=article,en-gb,How To Get Strangers To Take Epic Travel Photos Of You,"[""How To Get Strangers To Take Epic Travel Photos Of You""]",[],[],,51f856f3858488aa6bb0235323659a2fb6b4558a60fe686fcd04001919a1e398,18ccf0955f34cb47794d74718af87075a904d6d600dff9c49be3f4216677fc67,23484,3560,0.601,False,,"[{""type"": ""content"", ""id"": ""25"", ""language"": ""*""}]",,,,,REVIEW_NEEDED
https://psitrends.com/index.php?id=26&option=com_content&view=article,200,https://psitrends.com/index.php?id=26&option=com_content&view=article,en-gb,5 things you have to know,"[""5 things you have to know""]",[],[],,31be8be8a9ddfe12b47eb5c24f2a9d4758508c0a8cdfe7f977468727e848f11c,59a20932917d96a6b7f2570ff03dd81d909d32c136cfc6ae72d9925d2168da8a,22768,2852,0.606,False,,"[{""type"": ""content"", ""id"": ""26"", ""language"": ""*""}]",,,,,REVIEW_NEEDED
https://psitrends.com/index.php?id=27&option=com_content&view=article,200,https://psitrends.com/index.php?id=27&option=com_content&view=article,en-gb,Believe In Your Mexico Beauty,"[""Believe In Your Mexico Beauty""]",[],[],,93e541a9fe0ce2e00db2b2102530519fa848eae0816bfde2f6c75cd1a6855c4a,9137dab3534d298d6b87f27f6efb23319384d019d6738a82ca40bd22c60ada58,22095,2193,0.56,False,,"[{""type"": ""content"", ""id"": ""27"", ""language"": ""*""}]",,,,,REVIEW_NEEDED
https://psitrends.com/index.php?id=28&option=com_content&view=article,200,https://psitrends.com/index.php?id=28&option=com_content&view=article,en-gb,Take The Stress Out Of,"[""Take The Stress Out Of""]",[],[],,e59968fdd1e7aeab50f948fdb704cec31fde99ce64893732561d3004306909af,1bafddb027d86fed70d3dace8b7b78399abf3caeb6da2d58abddf2e5bb5c7694,22078,2179,0.602,False,,"[{""type"": ""content"", ""id"": ""28"", ""language"": ""*""}]",,,,,REVIEW_NEEDED
https://psitrends.com/index.php?id=29&option=com_content&view=article,200,https://psitrends.com/index.php?id=29&option=com_content&view=article,en-gb,Reasons Why You Are Traveler,"[""Reasons Why You Are Traveler""]",[],[],,24d10f27190b275d97fa9ed8af14b3e6039f5bd7d10a6bedffdcddad08cec0af,e084e51b66ab9cbac9ebf117dfe8c522532d952e914d41c84843cfe97551f7c3,75497,5536,0.717,False,,"[{""type"": ""content"", ""id"": ""29"", ""language"": ""*""}]",,,,,REVIEW_NEEDED
https://psitrends.com/index.php?id=30&option=com_content&view=article,200,https://psitrends.com/index.php?id=30&option=com_content&view=article,en-gb,Win Friends And Influence People,"[""Win Friends And Influence People""]",[],[],,e3ea1b5c733268cca9ed3899d0e587ccd3c46a347776e7ca43cee715b0baf04b,4d3e210a350383bbbca9ff628367d0a44e4661118f0256bcacdb9ead718b929b,75504,5544,0.738,False,,"[{""type"": ""content"", ""id"": ""30"", ""language"": ""*""}]",,,,,REVIEW_NEEDED
https://psitrends.com/index.php?id=31&option=com_content&view=article,200,https://psitrends.com/index.php?id=31&option=com_content&view=article,en-gb,Realizations When You Need Vacation,"[""Realizations When You Need Vacation""]",[],[],,6b114de88813a3c7e28ff9a27fb3e0ac99c71fd30617af4d5ad05bb88b73d90a,374034452f990c80efd3c2db5823bc160ecf78d6d7c8ee1d673045521724bc0a,75509,5550,0.705,False,,"[{""type"": ""content"", ""id"": ""31"", ""language"": ""*""}]",,,,,REVIEW_NEEDED
https://psitrends.com/index.php?id=32&option=com_content&view=article,200,https://psitrends.com/index.php?id=32&option=com_content&view=article,en-gb,Enjoy your vacation with your friends,"[""Enjoy your vacation with your friends""]",[],[],,d8e9ff57af6dfc2f0225e923ffa242d26c7c509777e4d5b064583815c9883ff6,89430a13dc00304f02b054310ffc618abd91b73ffff00c7cd22cdeaea0ed142e,75362,5554,0.725,False,,"[{""type"": ""content"", ""id"": ""32"", ""language"": ""*""}]",,,,,REVIEW_NEEDED
https://psitrends.com/index.php?id=33&option=com_content&view=article,200,https://psitrends.com/index.php?id=33&option=com_content&view=article,en-gb,Summer Vacation in Malayang,"[""Summer Vacation in Malayang""]",[],[],,6018744a63277f45c7e68b6cc6d8d3814c844bdf74bc5bbeca3969ec47374557,3bc5f91370c87bf6318937825cbc43141ee500b1961eee5db278425a4e2ea569,76192,5534,0.713,False,,"[{""type"": ""content"", ""id"": ""33"", ""language"": ""*""}]",,,,,REVIEW_NEEDED
https://psitrends.com/index.php?id=34&option=com_content&view=article,200,https://psitrends.com/index.php?id=34&option=com_content&view=article,en-gb,What Everyone Ought To Know,"[""What Everyone Ought To Know""]",[],[],,008de212de8d56a4204870625af1e5749d318df01f772c34c39c47e49d2aed7c,998b12db855fb114f98dbad33e4af8b8c9a4250835ab58d5fe3680e5a69b7202,76236,5534,0.733,False,,"[{""type"": ""content"", ""id"": ""34"", ""language"": ""*""}]",,,,,REVIEW_NEEDED
https://psitrends.com/index.php?id=35&option=com_content&view=article,200,https://psitrends.com/index.php?id=35&option=com_content&view=article,en-gb,Fall In Love With Greece Places,"[""Fall In Love With Greece Places""]",[],[],,d3d5c70b27edeca48db0e6bb76d4f95b07dbdc4b653bbfee625a6fd1bed2f004,c7713d42e0af3777fdebc1c3b2ce591bc3a8d18c8bc558941b96a816b7b3492c,76201,5542,0.716,False,,"[{""type"": ""content"", ""id"": ""35"", ""language"": ""*""}]",,,,,REVIEW_NEEDED
https://psitrends.com/index.php?id=36&option=com_content&view=article,200,https://psitrends.com/index.php?id=36&option=com_content&view=article,en-gb,The travel in Italy Mystery Places,"[""The travel in Italy Mystery Places""]",[],[],,34720c079e14d570feebfd66a6b2101482922ce1f151fe57aacb13fd03fcc2b8,23c174211578f9de626c16303924ac591eecbc16fc17b3ce181bb94658f4ceb6,76207,5548,0.717,False,,"[{""type"": ""content"", ""id"": ""36"", ""language"": ""*""}]",,,,,REVIEW_NEEDED
https://psitrends.com/index.php?id=37&option=com_content&view=article,200,https://psitrends.com/index.php?id=37&option=com_content&view=article,en-gb,Alaska Rafting on the Tatshenshini,"[""Alaska Rafting on the Tatshenshini""]",[],[],,19bcd29d392cf90e31639d84b05f1d0a4f1e39b463f659eff3fd940f47e2e9da,a025083ad5f9626f1eb903335e03760a53675173df0f7525444bb5804148e43f,76428,5548,0.727,False,,"[{""type"": ""content"", ""id"": ""37"", ""language"": ""*""}]",,,,,REVIEW_NEEDED
https://psitrends.com/index.php?id=38&option=com_content&view=article,500,https://psitrends.com/index.php?id=38&option=com_content&view=article,en-gb,"Error: 0 QuixNxt\AssetManagers\StyleManager::background(): Argument #2 ($field) must be of type ?array, string given, called in /var/www/html/libraries/quixnxt/vendor/twig/twig/src/Extension/CoreExtension.php on line 1570","[""0""]",[],[],,d2117521ca874982533c225372f266860c271dc4a719aa9ce3a1e95f91d3029d,0079128f7a86eeb33c1d2acbe70abcfa6d96530423b103cc899acda063f8f027,1930,446,0.439,False,,"[{""type"": ""content"", ""id"": ""38"", ""language"": ""*""}, {""type"": ""menu_exact"", ""id"": ""124"", ""language"": ""*""}]",,,,,REVIEW_NEEDED
https://psitrends.com/index.php?id=39&option=com_content&view=article,500,https://psitrends.com/index.php?id=39&option=com_content&view=article,en-gb,"Error: 0 QuixNxt\AssetManagers\StyleManager::background(): Argument #2 ($field) must be of type ?array, string given, called in /var/www/html/libraries/quixnxt/vendor/twig/twig/src/Extension/CoreExtension.php on line 1570","[""0""]",[],[],,d2117521ca874982533c225372f266860c271dc4a719aa9ce3a1e95f91d3029d,0079128f7a86eeb33c1d2acbe70abcfa6d96530423b103cc899acda063f8f027,1930,446,0.434,False,,"[{""type"": ""content"", ""id"": ""39"", ""language"": ""*""}]",,,,,REVIEW_NEEDED
https://psitrends.com/index.php?id=40&option=com_content&view=article,500,https://psitrends.com/index.php?id=40&option=com_content&view=article,en-gb,"Error: 0 QuixNxt\AssetManagers\StyleManager::background(): Argument #2 ($field) must be of type ?array, string given, called in /var/www/html/libraries/quixnxt/vendor/twig/twig/src/Extension/CoreExtension.php on line 1570","[""0""]",[],[],,d2117521ca874982533c225372f266860c271dc4a719aa9ce3a1e95f91d3029d,0079128f7a86eeb33c1d2acbe70abcfa6d96530423b103cc899acda063f8f027,1930,446,0.459,False,,"[{""type"": ""content"", ""id"": ""40"", ""language"": ""*""}]",,,,,REVIEW_NEEDED
https://psitrends.com/index.php?id=41&option=com_content&view=article,500,https://psitrends.com/index.php?id=41&option=com_content&view=article,en-gb,"Error: 0 QuixNxt\AssetManagers\StyleManager::background(): Argument #2 ($field) must be of type ?array, string given, called in /var/www/html/libraries/quixnxt/vendor/twig/twig/src/Extension/CoreExtension.php on line 1570","[""0""]",[],[],,d2117521ca874982533c225372f266860c271dc4a719aa9ce3a1e95f91d3029d,0079128f7a86eeb33c1d2acbe70abcfa6d96530423b103cc899acda063f8f027,1930,446,0.457,False,,"[{""type"": ""content"", ""id"": ""41"", ""language"": ""*""}, {""type"": ""menu_exact"", ""id"": ""121"", ""language"": ""*""}]",,,,,REVIEW_NEEDED
https://psitrends.com/index.php?id=42&option=com_content&view=article,500,https://psitrends.com/index.php?id=42&option=com_content&view=article,en-gb,"Error: 0 QuixNxt\AssetManagers\StyleManager::background(): Argument #2 ($field) must be of type ?array, string given, called in /var/www/html/libraries/quixnxt/vendor/twig/twig/src/Extension/CoreExtension.php on line 1570","[""0""]",[],[],,d2117521ca874982533c225372f266860c271dc4a719aa9ce3a1e95f91d3029d,0079128f7a86eeb33c1d2acbe70abcfa6d96530423b103cc899acda063f8f027,1930,446,0.472,False,,"[{""type"": ""content"", ""id"": ""42"", ""language"": ""*""}]",,,,,REVIEW_NEEDED
https://psitrends.com/index.php?id=43&option=com_content&view=article,500,https://psitrends.com/index.php?id=43&option=com_content&view=article,en-gb,"Error: 0 QuixNxt\AssetManagers\StyleManager::background(): Argument #2 ($field) must be of type ?array, string given, called in /var/www/html/libraries/quixnxt/vendor/twig/twig/src/Extension/CoreExtension.php on line 1570","[""0""]",[],[],,d2117521ca874982533c225372f266860c271dc4a719aa9ce3a1e95f91d3029d,0079128f7a86eeb33c1d2acbe70abcfa6d96530423b103cc899acda063f8f027,1930,446,0.464,False,,"[{""type"": ""content"", ""id"": ""43"", ""language"": ""*""}, {""type"": ""menu_exact"", ""id"": ""123"", ""language"": ""*""}]",,,,,REVIEW_NEEDED
https://psitrends.com/index.php?id=44&option=com_content&view=article,500,https://psitrends.com/index.php?id=44&option=com_content&view=article,en-gb,"Error: 0 QuixNxt\AssetManagers\StyleManager::background(): Argument #2 ($field) must be of type ?array, string given, called in /var/www/html/libraries/quixnxt/vendor/twig/twig/src/Extension/CoreExtension.php on line 1570","[""0""]",[],[],,d2117521ca874982533c225372f266860c271dc4a719aa9ce3a1e95f91d3029d,0079128f7a86eeb33c1d2acbe70abcfa6d96530423b103cc899acda063f8f027,1930,446,0.446,False,,"[{""type"": ""content"", ""id"": ""44"", ""language"": ""*""}, {""type"": ""menu_exact"", ""id"": ""122"", ""language"": ""*""}]",,,,,REVIEW_NEEDED
https://psitrends.com/index.php?id=45&option=com_content&view=article,200,https://psitrends.com/index.php?id=45&option=com_content&view=article,en-gb,Region: Canada,"[""Region: Canada""]",[],[],,546a5735b63dd2ac286ba13d72399fc4c57c062326c0fe6995b54df974cb912d,311e7f92018b7f7b1665593e0ac5950e1cd261baeb773639637de610911fe70d,24208,2163,0.61,False,,"[{""type"": ""content"", ""id"": ""45"", ""language"": ""*""}]",,,,,REVIEW_NEEDED
https://psitrends.com/index.php?id=46&option=com_content&view=article,200,https://psitrends.com/index.php?id=46&option=com_content&view=article,en-gb,Norway,"[""Norway""]",[],[],,ea344cf28b76272133b5c43ee853faead94bbbcce1d976586bf8ed4393487816,e739c4671a492296ae93a24dccb98f27500f773e68b09c49d220018c70c64c85,68341,3790,0.709,False,,"[{""type"": ""content"", ""id"": ""46"", ""language"": ""*""}, {""type"": ""menu_exact"", ""id"": ""108"", ""language"": ""*""}]",,e739c4671a492296ae93a24dccb98f27500f773e68b09c49d220018c70c64c85,,,REVIEW_NEEDED
https://psitrends.com/index.php?id=47&option=com_content&view=article,200,https://psitrends.com/index.php?id=47&option=com_content&view=article,en-gb,Portugal,"[""Portugal""]",[],[],,957752eb41fd15d58cb04c24bf34e2c4e520b8d1d8308751f27ff128d9d9bb64,9c78d149e5a61183c4620195400f926af87820eef3924673f7bca3e37c052cdf,63363,5761,0.736,False,,"[{""type"": ""content"", ""id"": ""47"", ""language"": ""*""}, {""type"": ""menu_exact"", ""id"": ""109"", ""language"": ""*""}]",,9c78d149e5a61183c4620195400f926af87820eef3924673f7bca3e37c052cdf,,,REVIEW_NEEDED
https://psitrends.com/index.php?id=48&option=com_content&view=article,200,https://psitrends.com/index.php?id=48&option=com_content&view=article,en-gb,Switzerland,"[""Switzerland""]",[],[],,8249096dc59ac407cca90023f6670f765f87b763aa3c560bc5d40e924ad9223e,b7a35948712f2a1b178b3826bc97f1cf6665378af0b3c8f2193f4d65871e8fa2,64456,5773,0.739,False,,"[{""type"": ""content"", ""id"": ""48"", ""language"": ""*""}, {""type"": ""menu_exact"", ""id"": ""107"", ""language"": ""*""}]",,b7a35948712f2a1b178b3826bc97f1cf6665378af0b3c8f2193f4d65871e8fa2,,,REVIEW_NEEDED
https://psitrends.com/index.php?id=50&option=com_content&view=article,200,https://psitrends.com/index.php?id=50&option=com_content&view=article,en-gb,Архетипическая диагностика и поддержка.,"[""Архетипическая диагностика и поддержка.""]",[],[],,f5dbaca59a40ea8220dc4eba33aa714e95757cb7e5a49769cd9aacfe59594d3a,d61cc7db03b1a8bc96c53dd60033d2576ec04195d8f759fe1840312593666f32,22560,2224,0.616,False,,"[{""type"": ""content"", ""id"": ""50"", ""language"": ""*""}]",,,,,REVIEW_NEEDED
https://psitrends.com/index.php?Itemid=101&id=2&option=com_quix&view=page,200,https://psitrends.com/index.php?Itemid=101&id=2&option=com_quix&view=page,en-gb,Home,[],[],[],,355c20d3cfd87a013839efbac62f47a9f34c4298fa00eed7bf3848d2c11cf0e5,896eeff9b895399ef29f1909fde3faf711cf1bc5d35dcd4893d9ec73629a2db6,120353,9381,0.843,False,,"[{""type"": ""menu_context"", ""id"": ""101"", ""language"": ""*""}]",,896eeff9b895399ef29f1909fde3faf711cf1bc5d35dcd4893d9ec73629a2db6,,,REVIEW_NEEDED
https://psitrends.com/index.php?Itemid=106&id=14&option=com_content&view=article,200,https://psitrends.com/index.php?Itemid=106&id=14&option=com_content&view=article,en-gb,Canada,"[""Canada""]",[],[],,eabecb11c9e66378fa4deb36005ff42b6970ed68a477a3de2c2010addcc8e4f2,10a886bb85821c91f6ac353fb8d5a2641341d2246186d994ba34b8a794504cb0,63900,4841,0.666,False,,"[{""type"": ""menu_context"", ""id"": ""106"", ""language"": ""*""}]",,10a886bb85821c91f6ac353fb8d5a2641341d2246186d994ba34b8a794504cb0,,,REVIEW_NEEDED
https://psitrends.com/index.php?Itemid=107&id=48&option=com_content&view=article,200,https://psitrends.com/index.php?Itemid=107&id=48&option=com_content&view=article,en-gb,Switzerland,"[""Switzerland""]",[],[],,6d4a3b73e6465a7765f4fe123e293eb1c72868f5d42513ec60d5dce5e6e3de2c,b7a35948712f2a1b178b3826bc97f1cf6665378af0b3c8f2193f4d65871e8fa2,64381,5773,0.699,False,,"[{""type"": ""menu_context"", ""id"": ""107"", ""language"": ""*""}]",,b7a35948712f2a1b178b3826bc97f1cf6665378af0b3c8f2193f4d65871e8fa2,,,REVIEW_NEEDED
https://psitrends.com/index.php?Itemid=108&id=46&option=com_content&view=article,200,https://psitrends.com/index.php?Itemid=108&id=46&option=com_content&view=article,en-gb,Norway,"[""Norway""]",[],[],,bc3da0542d19de25d4ec89274e5b81466dde7a4980c1e5a6201f4cc8e61a42d1,e739c4671a492296ae93a24dccb98f27500f773e68b09c49d220018c70c64c85,68261,3790,0.772,False,,"[{""type"": ""menu_context"", ""id"": ""108"", ""language"": ""*""}]",,e739c4671a492296ae93a24dccb98f27500f773e68b09c49d220018c70c64c85,,,REVIEW_NEEDED
https://psitrends.com/index.php?Itemid=109&id=47&option=com_content&view=article,200,https://psitrends.com/index.php?Itemid=109&id=47&option=com_content&view=article,en-gb,Portugal,"[""Portugal""]",[],[],,628bee447e77f3753f4923bfbb0beb36011d3cb485e21c7bbe1824ca954303a3,9c78d149e5a61183c4620195400f926af87820eef3924673f7bca3e37c052cdf,63285,5761,0.743,False,,"[{""type"": ""menu_context"", ""id"": ""109"", ""language"": ""*""}]",,9c78d149e5a61183c4620195400f926af87820eef3924673f7bca3e37c052cdf,,,REVIEW_NEEDED
https://psitrends.com/index.php?Itemid=110&id=8&option=com_content&view=article,200,https://psitrends.com/index.php?Itemid=110&id=8&option=com_content&view=article,en-gb,Diving,"[""Driving""]",[],[],,d9ba7eac024ed0d26b4fa76912ea2957c18547181f1a3f7514ed9a8ced8a6b7d,cbd9035e50d022ec35df309072775d4c5826c266cc42b238741afb3c62e858d8,49035,2600,0.73,False,,"[{""type"": ""menu_context"", ""id"": ""110"", ""language"": ""*""}]",,,,,REVIEW_NEEDED
https://psitrends.com/index.php?Itemid=111&id=7&option=com_content&view=article,200,https://psitrends.com/index.php?Itemid=111&id=7&option=com_content&view=article,en-gb,Rafting,"[""Rafting""]",[],[],,c545408876ce2be4514bc0af54aeacf205010d4836e10a107df6ee00b0453ae8,d6b669f145f1ccba9aa2527d23ad2478725361d7cbc8865180d548cb7055309e,60033,4766,0.73,False,,"[{""type"": ""menu_context"", ""id"": ""111"", ""language"": ""*""}]",,d6b669f145f1ccba9aa2527d23ad2478725361d7cbc8865180d548cb7055309e,,,REVIEW_NEEDED
https://psitrends.com/index.php?Itemid=112&id=6&option=com_content&view=article,200,https://psitrends.com/index.php?Itemid=112&id=6&option=com_content&view=article,en-gb,Clambing,"[""Rock Climbing""]",[],[],,093d8d8dff6d848a0c1699a022724615000835ddc0324045c0debd9ef63c9953,f0160c9cd80212717cb915d20fa885d467f26d941faca3e8b36b45a1f83a746b,83217,6583,0.726,False,,"[{""type"": ""menu_context"", ""id"": ""112"", ""language"": ""*""}]",,,,,REVIEW_NEEDED
https://psitrends.com/index.php?Itemid=120&id=1&option=com_content&view=article,200,https://psitrends.com/index.php?Itemid=120&id=1&option=com_content&view=article,en-gb,Packages,"[""Packages""]",[],[],,828919f87a42a6e6c15e0d01a428970af4baa53cce92950616957b2c7d415f12,88e8b1979a1f4043a83c9cfe8cdd1b7fbe9ee09bfaa943162e27866fcc142a05,21971,2151,0.581,False,,"[{""type"": ""menu_context"", ""id"": ""120"", ""language"": ""*""}]",,88e8b1979a1f4043a83c9cfe8cdd1b7fbe9ee09bfaa943162e27866fcc142a05,,,REVIEW_NEEDED
https://psitrends.com/index.php?Itemid=121&id=41&option=com_content&view=article,500,https://psitrends.com/index.php?Itemid=121&id=41&option=com_content&view=article,en-gb,"Error: 0 QuixNxt\AssetManagers\StyleManager::background(): Argument #2 ($field) must be of type ?array, string given, called in /var/www/html/libraries/quixnxt/vendor/twig/twig/src/Extension/CoreExtension.php on line 1570","[""0""]",[],[],,d2117521ca874982533c225372f266860c271dc4a719aa9ce3a1e95f91d3029d,0079128f7a86eeb33c1d2acbe70abcfa6d96530423b103cc899acda063f8f027,1930,446,0.66,False,,"[{""type"": ""menu_context"", ""id"": ""121"", ""language"": ""*""}]",,,,,REVIEW_NEEDED
https://psitrends.com/index.php?Itemid=122&id=44&option=com_content&view=article,500,https://psitrends.com/index.php?Itemid=122&id=44&option=com_content&view=article,en-gb,"Error: 0 QuixNxt\AssetManagers\StyleManager::background(): Argument #2 ($field) must be of type ?array, string given, called in /var/www/html/libraries/quixnxt/vendor/twig/twig/src/Extension/CoreExtension.php on line 1570","[""0""]",[],[],,d2117521ca874982533c225372f266860c271dc4a719aa9ce3a1e95f91d3029d,0079128f7a86eeb33c1d2acbe70abcfa6d96530423b103cc899acda063f8f027,1930,446,0.517,False,,"[{""type"": ""menu_context"", ""id"": ""122"", ""language"": ""*""}]",,,,,REVIEW_NEEDED
https://psitrends.com/index.php?Itemid=123&id=43&option=com_content&view=article,500,https://psitrends.com/index.php?Itemid=123&id=43&option=com_content&view=article,en-gb,"Error: 0 QuixNxt\AssetManagers\StyleManager::background(): Argument #2 ($field) must be of type ?array, string given, called in /var/www/html/libraries/quixnxt/vendor/twig/twig/src/Extension/CoreExtension.php on line 1570","[""0""]",[],[],,d2117521ca874982533c225372f266860c271dc4a719aa9ce3a1e95f91d3029d,0079128f7a86eeb33c1d2acbe70abcfa6d96530423b103cc899acda063f8f027,1930,446,0.515,False,,"[{""type"": ""menu_context"", ""id"": ""123"", ""language"": ""*""}]",,,,,REVIEW_NEEDED
https://psitrends.com/index.php?Itemid=124&id=38&option=com_content&view=article,500,https://psitrends.com/index.php?Itemid=124&id=38&option=com_content&view=article,en-gb,"Error: 0 QuixNxt\AssetManagers\StyleManager::background(): Argument #2 ($field) must be of type ?array, string given, called in /var/www/html/libraries/quixnxt/vendor/twig/twig/src/Extension/CoreExtension.php on line 1570","[""0""]",[],[],,d2117521ca874982533c225372f266860c271dc4a719aa9ce3a1e95f91d3029d,0079128f7a86eeb33c1d2acbe70abcfa6d96530423b103cc899acda063f8f027,1930,446,0.499,False,,"[{""type"": ""menu_context"", ""id"": ""124"", ""language"": ""*""}]",,,,,REVIEW_NEEDED
https://psitrends.com/index.php?Itemid=199&id=14&lang=ru&option=com_quix&view=page,200,https://psitrends.com/index.php?Itemid=199&id=14&lang=ru&option=com_quix&view=page,ru-ru,Консалтинг / бизнес-анализ,"[""ВАРИАНТ 1. БЛИЦ-ДИАГНОСТИКА"", ""Вариант 2. Бизнес-консалтинг""]",[],[],,ff390bc75e26a62c504f2b45ecd6880e0949aa39e01ca1c5a5927da17c6419dd,17442800a4619ebfc5d713a7aea3e2ee0e884a5fc3281b808b8953d3436b0b9a,241761,4355,0.96,False,,"[{""type"": ""menu_context"", ""id"": ""199"", ""language"": ""ru-RU""}]",,,,,REVIEW_NEEDED
https://psitrends.com/index.php?Itemid=200&id=24&option=com_quix&view=page,200,https://psitrends.com/index.php?Itemid=200&id=24&option=com_quix&view=page,en-gb,Спасибо за обращение,[],[],[],,1fb3156ece1f3ac48e0786dfd707929a5939f2cd6f7e4ae90dc936d5a91f7937,8031a16aef5715a4fcbaefd4679b4b627194df815ded31879478c242da688686,24422,2182,0.585,False,,"[{""type"": ""menu_context"", ""id"": ""200"", ""language"": ""*""}]",,8031a16aef5715a4fcbaefd4679b4b627194df815ded31879478c242da688686,,,REVIEW_NEEDED
https://psitrends.com/index.php?Itemid=202&id=4&lang=en&option=com_quix&view=page,200,https://psitrends.com/index.php?Itemid=202&id=4&lang=en&option=com_quix&view=page,en-gb,Аcademy of archetypal consulting,"[""HOLISTIC HOUSE""]",[],[],,72821b1f2ccdf605b27e6c800113000e416e0983a3c9ffc4d898240a79a2426a,ce9c3964f609952483bcd29bb95d7d12d6417a797311fc92418ff94e761ddd48,248557,5270,0.99,False,,"[{""type"": ""menu_context"", ""id"": ""202"", ""language"": ""en-GB""}]",,ce9c3964f609952483bcd29bb95d7d12d6417a797311fc92418ff94e761ddd48,https://psitrends.com/,Both queries and current root returned200 and identical normalized visible-text hash ce9c3964f609952483bcd29bb95d7d12d6417a797311fc92418ff94e761ddd48; all lack observed canonical.,REVIEW_NEEDED
https://psitrends.com/index.php?Itemid=203&id=16&lang=en&option=com_quix&view=page,200,https://psitrends.com/index.php?Itemid=203&id=16&lang=en&option=com_quix&view=page,en-gb,Business analysis,"[""BUSINESS ANALYSIS"", ""OPTION 1. BLITZ DIAGNOSTICS"", ""Option 2. Business consulting""]",[],[],,b5cb7b2adf1d346724712e5c529e4ee10e8c965f487e392b70277de5e33c9c8a,3f22d103a84a40f8b91c2ea8e167390abcb0c667bb762b2feb76613ccdd8a745,226487,4835,0.958,False,,"[{""type"": ""menu_context"", ""id"": ""203"", ""language"": ""en-GB""}]",,3f22d103a84a40f8b91c2ea8e167390abcb0c667bb762b2feb76613ccdd8a745,,,REVIEW_NEEDED
https://psitrends.com/index.php?Itemid=204&id=141&lang=ru&option=com_quix&view=page,200,https://psitrends.com/index.php?Itemid=204&id=141&lang=ru&option=com_quix&view=page,ru-ru,Главная,[],[],[],,eefc58c230a9f8846b23b708713b55b93f4a4ec2d3f9fe933a7b148b5faecc25,c8c8909971bf67680527c1bf25198cf1529f4e3db8dfeff4dd3251107948fb29,263236,5253,0.942,False,,"[{""type"": ""menu_context"", ""id"": ""204"", ""language"": ""ru-RU""}]",,c8c8909971bf67680527c1bf25198cf1529f4e3db8dfeff4dd3251107948fb29,https://psitrends.com/ru/,"Russian menu-context query and /ru/ returned200, locale ru-ru, identical normalized visible-text hash c8c8909971bf67680527c1bf25198cf1529f4e3db8dfeff4dd3251107948fb29; neither declares canonical.",REVIEW_NEEDED
https://psitrends.com/index.php?Itemid=205&id=20&option=com_quix&view=page,200,https://psitrends.com/index.php?Itemid=205&id=20&option=com_quix&view=page,en-gb,Festival,[],[],[],,3e46a43d2efbcc344bb6870e239593dea6ce83d1a2661acebe22aa8a20341c16,142e56cde8c7cc31d67e03448d75e7d9fd511213c76e10f984988e4651875d47,165157,6396,0.806,False,,"[{""type"": ""menu_context"", ""id"": ""205"", ""language"": ""*""}]",,142e56cde8c7cc31d67e03448d75e7d9fd511213c76e10f984988e4651875d47,,,REVIEW_NEEDED
https://psitrends.com/index.php?Itemid=206&id=77&lang=en&option=com_quix&view=page,200,https://psitrends.com/index.php?Itemid=206&id=77&lang=en&option=com_quix&view=page,en-gb,Therapy,[],[],[],,523b2a488baa8ed2fd48ab3d8b124d2a6405e9f44c7bce3a7e34af0832e2edba,1efe644e8f139d559a058c0e2be3382da731c0cd470d655dc4ce320c6ed71dfa,175981,4006,0.985,False,,"[{""type"": ""menu_context"", ""id"": ""206"", ""language"": ""en-GB""}]",,1efe644e8f139d559a058c0e2be3382da731c0cd470d655dc4ce320c6ed71dfa,,,REVIEW_NEEDED
https://psitrends.com/index.php?Itemid=207&id=23&lang=en&option=com_quix&view=page,200,https://psitrends.com/index.php?Itemid=207&id=23&lang=en&option=com_quix&view=page,en-gb,Personal psychotherapy,[],[],[],,98668899703b220d6fb417c9acf18b19eef92530dfa57a2b089696d3166b89a0,fb6884cd386514b230aad9d249acc41be9904668af532f71e00397cb487422fa,136911,7052,0.805,False,,"[{""type"": ""menu_context"", ""id"": ""207"", ""language"": ""en-GB""}]",,fb6884cd386514b230aad9d249acc41be9904668af532f71e00397cb487422fa,,,REVIEW_NEEDED
https://psitrends.com/index.php?Itemid=208&id=117&lang=en&option=com_quix&view=page,200,https://psitrends.com/index.php?Itemid=208&id=117&lang=en&option=com_quix&view=page,en-gb,Diagnostics,"[""PERSONAL DIAGNOSTICS - AS A GIFT""]",[],[],,0ec93a4d3e1c3794c821be357f158dea6553606453fa41623df8f15e927b31da,c8c692efd4de23991782dd48ca7d7eab0af1230ed6efed1f097eb0fa8558739a,138460,5199,0.828,False,,"[{""type"": ""menu_context"", ""id"": ""208"", ""language"": ""en-GB""}]",,c8c692efd4de23991782dd48ca7d7eab0af1230ed6efed1f097eb0fa8558739a,,,REVIEW_NEEDED
https://psitrends.com/index.php?Itemid=209&id=116&lang=ru&option=com_quix&view=page,200,https://psitrends.com/index.php?Itemid=209&id=116&lang=ru&option=com_quix&view=page,ru-ru,Диагностика,"[""ЛИЧНАЯ ДИАГНОСТИКА - В ПОДАРОК""]",[],[],,e034839e8296e72cfc44d82b02f3720b93b3523a5a1a016191e89358391377cc,60c34839556bdeb74092efb249d634bcf93b42c9983a77914a2ea40a2dd76525,134643,4893,0.844,False,,"[{""type"": ""menu_context"", ""id"": ""209"", ""language"": ""ru-RU""}]",,,,,REVIEW_NEEDED
https://psitrends.com/index.php?Itemid=210&id=83&lang=ru&option=com_quix&view=page,200,https://psitrends.com/index.php?Itemid=210&id=83&lang=ru&option=com_quix&view=page,ru-ru,Развитие человека,[],[],[],,c36a6434e877d23a149705f653deeded2f1e01f483ad3ea6889de41192aaeb74,d95a5b029af6c8162502ab595fd5e22585e5509addf930c7594fd3707065b2b7,165298,3896,0.813,False,,"[{""type"": ""menu_context"", ""id"": ""210"", ""language"": ""ru-RU""}]",,,,,REVIEW_NEEDED
https://psitrends.com/index.php?Itemid=211&id=29&option=com_quix&view=page,200,https://psitrends.com/index.php?Itemid=211&id=29&option=com_quix&view=page,en-gb,PROGRAM 2. CONSTELLATIONS OF LOVE.,[],[],[],,44b7398e939a941fc7c33f38faf6a76a924d2e23da8a2af490d21008ea43e5e0,2d9ff91b806dd32f003f1f04585494d8a81663f0e0d49351b7f9139867b0eb4c,181176,11640,0.942,False,,"[{""type"": ""menu_context"", ""id"": ""211"", ""language"": ""*""}]",,2d9ff91b806dd32f003f1f04585494d8a81663f0e0d49351b7f9139867b0eb4c,,,REVIEW_NEEDED
https://psitrends.com/index.php?Itemid=212&id=29&option=com_quix&view=page,200,https://psitrends.com/index.php?Itemid=212&id=29&option=com_quix&view=page,en-gb,PROGRAM 2. CONSTELLATIONS OF LOVE.,[],[],[],,2c036bc4761a763c871537dc5ffa7c37de8c63f4a774b2d94376fd5d83c0e553,2d9ff91b806dd32f003f1f04585494d8a81663f0e0d49351b7f9139867b0eb4c,181172,11640,0.841,False,,"[{""type"": ""menu_context"", ""id"": ""212"", ""language"": ""*""}]",,2d9ff91b806dd32f003f1f04585494d8a81663f0e0d49351b7f9139867b0eb4c,,,REVIEW_NEEDED
https://psitrends.com/index.php?Itemid=213&id=30&lang=en&option=com_quix&view=page,200,https://psitrends.com/index.php?Itemid=213&id=30&lang=en&option=com_quix&view=page,en-gb,Shamanic Reiki School - Academy Of Ancient Temple Arts,"[""SHAMANIC REIKI SCHOOL""]",[],[],,c0a6dbda859d4a425c26224c580269d51b52330ac7c4bc73954922e49640c881,01c28ce57188df03bb2e19872d6c2d38d75b2f658069aed90e10a20fef20128e,156966,7955,1.573,False,,"[{""type"": ""menu_context"", ""id"": ""213"", ""language"": ""en-GB""}]",,01c28ce57188df03bb2e19872d6c2d38d75b2f658069aed90e10a20fef20128e,,,REVIEW_NEEDED
https://psitrends.com/index.php?Itemid=214&id=31&lang=en&option=com_quix&view=page,200,https://psitrends.com/index.php?Itemid=214&id=31&lang=en&option=com_quix&view=page,en-gb,Program. Tao Reiki Yggdrasil - Academy Of Ancient Temple Arts,"[""PROGRAM. TAO REIKI YGGDRASIL""]",[],[],,266116a6663f87b1bc62c55ad517b39a7c28d4aab48974928b95e269ef377a40,9ed8127f6c59c8762e438b2b8b030d672d987acd9b8db19a52d6301339e34d81,205737,10755,0.793,False,,"[{""type"": ""menu_context"", ""id"": ""214"", ""language"": ""en-GB""}]",,9ed8127f6c59c8762e438b2b8b030d672d987acd9b8db19a52d6301339e34d81,,,REVIEW_NEEDED
https://psitrends.com/index.php?Itemid=217&id=34&lang=ru&option=com_quix&view=page,200,https://psitrends.com/index.php?Itemid=217&id=34&lang=ru&option=com_quix&view=page,ru-ru,Отзывы Мистов Курс МААТ,[],[],[],,958777ca464ce67c1af7097af29bcaabe7249037f859940521519179de894d46,8be8728b4425fce86e3b5c8d87d3c56fa2e326e598cba3cc29092709fef42225,48319,2197,0.649,False,,"[{""type"": ""menu_context"", ""id"": ""217"", ""language"": ""ru-RU""}]",,,,,REVIEW_NEEDED
https://psitrends.com/index.php?Itemid=219&id=37&option=com_quix&view=page,200,https://psitrends.com/index.php?Itemid=219&id=37&option=com_quix&view=page,en-gb,Fest Details,[],[],[],,edfb620dde03757b3eb9c35a2f4c01bf7cb3647acd5378cbac0b4d7ec145b350,ec78ac49579b89c5ebb80499072703a0cbacb66ec547f3c5646fd42da131a81e,195849,12151,0.896,False,,"[{""type"": ""menu_context"", ""id"": ""219"", ""language"": ""*""}]",,ec78ac49579b89c5ebb80499072703a0cbacb66ec547f3c5646fd42da131a81e,,,REVIEW_NEEDED
https://psitrends.com/index.php?Itemid=220&id=38&lang=en&option=com_quix&view=page,200,https://psitrends.com/index.php?Itemid=220&id=38&lang=en&option=com_quix&view=page,en-gb,About us - Academy Of Temple Arts,"[""ACADEMY OF TEMPLE ARTS""]",[],[],,de3023381f888f1a982cd9b0e4a65b3bda42f27378f5e380aa03ee2b7987dc9d,0d2fc353f9ef8b2bee3423b5642aa5a41d66b67e56711f4bdc0797e96ea9bbe4,228894,15213,1.045,False,,"[{""type"": ""menu_context"", ""id"": ""220"", ""language"": ""en-GB""}]",,0d2fc353f9ef8b2bee3423b5642aa5a41d66b67e56711f4bdc0797e96ea9bbe4,,,REVIEW_NEEDED
https://psitrends.com/index.php?Itemid=221&id=39&option=com_quix&view=page,200,https://psitrends.com/index.php?Itemid=221&id=39&option=com_quix&view=page,en-gb,Archetypal Therapy Academy Nearest Events,"[""ARCHETYPAL THERAPY ACADEMY NEAREST EVENTS""]",[],[],,d06473e5687f3c9d864c93ecc9cf93958914511bf3923696a743b289430b89e3,c0bee35e6cd9f0f47563a18c855cf6d597f09ba62f296a11dd18a9325b126266,159344,9492,0.797,False,,"[{""type"": ""menu_context"", ""id"": ""221"", ""language"": ""*""}]",,c0bee35e6cd9f0f47563a18c855cf6d597f09ba62f296a11dd18a9325b126266,,,REVIEW_NEEDED
https://psitrends.com/index.php?Itemid=222&id=40&lang=en&option=com_quix&view=page,200,https://psitrends.com/index.php?Itemid=222&id=40&lang=en&option=com_quix&view=page,en-gb,Shamanic Program Master Of Reiki Yggdrasil - Academy Of Ancient Temple Arts,"[""SHAMANIC PROGRAM MASTER of REIKI YGGDRASIL""]",[],[],,4fb30c07c7b8ab8e48f89f7f0e4c544fe6e3fdb630652d96f3a4155055e86fdd,98d03f88ea020a4299ca7b4cc1cfd530632e8c30aa37b2213381a793b9c1b0bc,244292,8650,0.937,False,,"[{""type"": ""menu_context"", ""id"": ""222"", ""language"": ""en-GB""}]",,98d03f88ea020a4299ca7b4cc1cfd530632e8c30aa37b2213381a793b9c1b0bc,,,REVIEW_NEEDED
https://psitrends.com/index.php?Itemid=223&id=41&lang=en&option=com_quix&view=page,200,https://psitrends.com/index.php?Itemid=223&id=41&lang=en&option=com_quix&view=page,en-gb,Magister Of Shamanic Therapies - Academy Of Ancient Temple Arts,"[""MAGISTER of SHAMANIC THERAPIES""]",[],[],,9f24999726b0e4c95a9dec6f77c78f31df867170f97461575a2f0dde267d930c,6f9899607f0058883fda221eb8b771af83e6516ac350d169a477df5cf615c63d,206180,7502,0.861,False,,"[{""type"": ""menu_context"", ""id"": ""223"", ""language"": ""en-GB""}]",,6f9899607f0058883fda221eb8b771af83e6516ac350d169a477df5cf615c63d,,,REVIEW_NEEDED
https://psitrends.com/index.php?Itemid=225&id=42&option=com_quix&view=page,200,https://psitrends.com/index.php?Itemid=225&id=42&option=com_quix&view=page,en-gb,Studylast,[],[],[],,1946855369bbade665ec5cf98ad765573efcb552b5b18f1c49b69ca7632d8376,cf53702ff6812ec3652d39b4c285bdc427759fb96be96e6e473b4380442b842f,21468,2167,0.579,False,,"[{""type"": ""menu_context"", ""id"": ""225"", ""language"": ""*""}]",,cf53702ff6812ec3652d39b4c285bdc427759fb96be96e6e473b4380442b842f,,,REVIEW_NEEDED
https://psitrends.com/index.php?Itemid=227&id=44&lang=en&option=com_quix&view=page,200,https://psitrends.com/index.php?Itemid=227&id=44&lang=en&option=com_quix&view=page,en-gb,Runes & Buisiness - Academy Of Ancient Temple Arts,"[""RUNES & BUISINESS""]",[],[],,e22a2aa13442aa5e148c9bbca3f90a72218fb77bbecb74c14e6fe4b59064bce5,36a227def636ce68eb30bb89454511a14f9a90417c3fb796e16ca357c536c158,137524,6261,0.892,False,,"[{""type"": ""menu_context"", ""id"": ""227"", ""language"": ""en-GB""}]",,36a227def636ce68eb30bb89454511a14f9a90417c3fb796e16ca357c536c158,,,REVIEW_NEEDED
https://psitrends.com/index.php?Itemid=228&id=50&lang=en&option=com_quix&view=page,200,https://psitrends.com/index.php?Itemid=228&id=50&lang=en&option=com_quix&view=page,en-gb,Tantra Reiki System - Academy Of Ancient Temple Arts,"[""TANTRA REIKI SYSTEM""]",[],[],,b6f05a165ab5bef49f62803aeb8f5d919b1980b45bf25ba56d8ec8b1179917b5,7b22d0a5f9361f4fb7036d395b62a13c98601482f086ab1d9106738255608659,208325,10444,0.86,False,,"[{""type"": ""menu_context"", ""id"": ""228"", ""language"": ""en-GB""}]",,7b22d0a5f9361f4fb7036d395b62a13c98601482f086ab1d9106738255608659,,,REVIEW_NEEDED
https://psitrends.com/index.php?Itemid=229&id=52&lang=en&option=com_quix&view=page,200,https://psitrends.com/index.php?Itemid=229&id=52&lang=en&option=com_quix&view=page,en-gb,Mysteries And Initiations - Academy Of Ancient Cultures,"[""mysteries and initiations""]",[],[],,86ee4009919c5210bbe2b8af4a93093037034d57262e04b8aaa93396ccb7c7b0,5075de18dd468db0665fd712d67e04dbe94572908f525eacab0c56663efef926,92173,3372,0.708,False,,"[{""type"": ""menu_context"", ""id"": ""229"", ""language"": ""en-GB""}]",,5075de18dd468db0665fd712d67e04dbe94572908f525eacab0c56663efef926,,,REVIEW_NEEDED
https://psitrends.com/index.php?Itemid=231&id=54&lang=en&option=com_quix&view=page,200,https://psitrends.com/index.php?Itemid=231&id=54&lang=en&option=com_quix&view=page,en-gb,Runic Reiki FAQ,"[""RUNIC REIKI FAQ""]",[],[],,416223eed12d4c56468d4fb7d259016269e47902b315a9aa22344097f032d292,e8ff7ecc4b1b5325ecd48217b61053df72604fefbda5b0cbeaa243bd670d4b8c,151516,12114,0.829,False,,"[{""type"": ""menu_context"", ""id"": ""231"", ""language"": ""en-GB""}]",,e8ff7ecc4b1b5325ecd48217b61053df72604fefbda5b0cbeaa243bd670d4b8c,,,REVIEW_NEEDED
https://psitrends.com/index.php?Itemid=252&id=60&lang=ru&option=com_quix&view=page,200,https://psitrends.com/index.php?Itemid=252&id=60&lang=ru&option=com_quix&view=page,ru-ru,Система Тантра Рэйки,[],[],[],,21ce97efff83e89d7f1e982946aca6dce7b0b04cc59d8db9c66b0677b3861cc3,fb4628c25213544fa3966ee8036ce75df50b19ec6909c8c44218395b8305adeb,261972,11457,0.974,False,,"[{""type"": ""menu_context"", ""id"": ""252"", ""language"": ""ru-RU""}]",,,,,REVIEW_NEEDED
https://psitrends.com/index.php?Itemid=253&id=62&lang=ru&option=com_quix&view=page,200,https://psitrends.com/index.php?Itemid=253&id=62&lang=ru&option=com_quix&view=page,ru-ru,Руны & Бизнес,[],[],[],,edca19bf6ab93960454c9a7147c8bd2993931adb53b3fc1dcb79e9ecd098ce60,ff5ac8aaa3a44494858dbbfcb15950689ce9653e119dd84f4f80f971e7e786d1,144430,6181,0.82,False,,"[{""type"": ""menu_context"", ""id"": ""253"", ""language"": ""ru-RU""}]",,,,,REVIEW_NEEDED
https://psitrends.com/index.php?Itemid=254&id=61&lang=ru&option=com_quix&view=page,200,https://psitrends.com/index.php?Itemid=254&id=61&lang=ru&option=com_quix&view=page,ru-ru,Мистерии & Инициации,[],[],[],,ce5677268636c3a3bad5dcaf38fa91c9c4c6de596988e48c0d65fe6cdfc957d7,618966055431c05ee3ad21313770ae6e7e08b96a0b11da6a6c2001c5fd2fd0e1,130330,4337,0.842,False,,"[{""type"": ""menu_context"", ""id"": ""254"", ""language"": ""ru-RU""}]",,,,,REVIEW_NEEDED
https://psitrends.com/index.php?Itemid=256&id=65&lang=ru&option=com_quix&view=page,200,https://psitrends.com/index.php?Itemid=256&id=65&lang=ru&option=com_quix&view=page,ru-ru,Магия Стихий,[],[],[],,3e615aced3d002bb7966d5679a6549b047e7091cd7d23c8cf46fcb29f380d164,b7e91b52ce781d0b4db6f422aafb7b827451340981e03cfd37e5153f18e7d756,150591,9984,0.815,False,,"[{""type"": ""menu_context"", ""id"": ""256"", ""language"": ""ru-RU""}]",,,,,REVIEW_NEEDED
https://psitrends.com/index.php?Itemid=257&id=66&lang=ru&option=com_quix&view=page,200,https://psitrends.com/index.php?Itemid=257&id=66&lang=ru&option=com_quix&view=page,ru-ru,Гипно-Коучинг Любви,[],[],[],,610211983bf00f64e9eacb6fa3b9cfcfde040ee1aa385e9eb764f40adceb5c0b,23008fe71a6213c05f38090785e6d4efd63011a54a1671bbe779199150c358cd,174224,6507,0.823,False,,"[{""type"": ""menu_context"", ""id"": ""257"", ""language"": ""ru-RU""}]",,,,,REVIEW_NEEDED
https://psitrends.com/index.php?Itemid=258&id=67&lang=ru&option=com_quix&view=page,200,https://psitrends.com/index.php?Itemid=258&id=67&lang=ru&option=com_quix&view=page,ru-ru,Гипно-Коучинг Египетский Курс,[],[],[],,c6f6d680dd99f91befe73364890830d7a397c65432113b6e4ce522a6b911f530,00078b69e831b3275914778d1eaf44f1d7540101e97aaa7ffd3ddd1dcd010e18,117269,6725,0.758,False,,"[{""type"": ""menu_context"", ""id"": ""258"", ""language"": ""ru-RU""}]",,,,,REVIEW_NEEDED
https://psitrends.com/index.php?Itemid=260&id=70&option=com_quix&view=page,200,https://psitrends.com/index.php?Itemid=260&id=70&option=com_quix&view=page,en-gb,"Видео-курс ""Подкачки""",[],[],[],,4058eab0e701f54542baefaa60300b2ab2fe64122006a58e87473a2127a9d734,68c511f846d508f1a5cc57bb5795e83d947dcc182d0aec842ef743960dbb6573,105391,4811,0.802,False,,"[{""type"": ""menu_context"", ""id"": ""260"", ""language"": ""*""}]",,68c511f846d508f1a5cc57bb5795e83d947dcc182d0aec842ef743960dbb6573,,,REVIEW_NEEDED
https://psitrends.com/index.php?Itemid=262&id=71&lang=en&option=com_quix&view=page,200,https://psitrends.com/index.php?Itemid=262&id=71&lang=en&option=com_quix&view=page,en-gb,Working With A Goal & Elemental Power - Academy Of Archetypal Technologies,"[""Working with a goal + Elemental Power""]",[],[],,e080712325b92b83fc5e18db3249fba62497d7879aa6cf11d7b5a56822e7c598,73609ad59f5be9a47ff9b50f0d02e65f64ef08f22e30d162fac54bb4f70486b9,141408,10791,0.775,False,,"[{""type"": ""menu_context"", ""id"": ""262"", ""language"": ""en-GB""}]",,73609ad59f5be9a47ff9b50f0d02e65f64ef08f22e30d162fac54bb4f70486b9,,,REVIEW_NEEDED
https://psitrends.com/index.php?option=com_wrapper&view=wrapper,200,https://psitrends.com/index.php?option=com_wrapper&view=wrapper,en-gb,Аcademy of archetypal consulting,[],[],[],,c4a9f041098e1b7c9553fd2f08a33a6ba53e2dec34b4ae79bebfcd9bcd72fbe7,7352a0d3e817c7ef608f7293f9c0e6d52cce04a2a9c2cf06f46de731da7e771e,21879,2263,0.577,False,,"[{""type"": ""menu_exact"", ""id"": ""263"", ""language"": ""ru-RU""}]",,,,,REVIEW_NEEDED
https://psitrends.com/index.php?Itemid=263&lang=ru&option=com_wrapper&view=wrapper,200,https://psitrends.com/index.php?Itemid=263&lang=ru&option=com_wrapper&view=wrapper,ru-ru,Архетипическая Поддержка,[],[],[],,ebe8dceaf1f1b56953a78fa8dbaa2f665fa250a9b55dbfc5501add20620a0197,bca97092a8f028f066e4292e4db866929b6a39ff2709153224ed6dc50ce8c2d4,26780,2228,0.589,False,,"[{""type"": ""menu_context"", ""id"": ""263"", ""language"": ""ru-RU""}]",,,,,REVIEW_NEEDED
https://psitrends.com/index.php?Itemid=264&id=72&lang=en&option=com_quix&view=page,200,https://psitrends.com/index.php?Itemid=264&id=72&lang=en&option=com_quix&view=page,en-gb,Water Magic Course,[],[],[],,3495c3b6a003d33d6b2823aa21b11ab66f2170a6dcf9c0da6441fd299086fef2,d564548fc4ba8b6526701fa9328745aa2945fe025f92b69139daf96e9f72e6e6,154215,8881,0.821,False,,"[{""type"": ""menu_context"", ""id"": ""264"", ""language"": ""en-GB""}]",,d564548fc4ba8b6526701fa9328745aa2945fe025f92b69139daf96e9f72e6e6,,,REVIEW_NEEDED
https://psitrends.com/index.php?Itemid=265&id=73&option=com_quix&view=page,200,https://psitrends.com/index.php?Itemid=265&id=73&option=com_quix&view=page,en-gb,Аcademy of archetypal consulting,"[""Academyof archetypalconsulting""]",[],[],,cd3a08fc0c3e9bb32e47859eafb9254534cd5c0937c8499c9473abd1114d69b8,7e84dea9003308173b134101469833ecc332caec8dcd4d6f1788275da7addd14,160539,3963,0.883,False,,"[{""type"": ""menu_context"", ""id"": ""265"", ""language"": ""*""}]",,7e84dea9003308173b134101469833ecc332caec8dcd4d6f1788275da7addd14,,,REVIEW_NEEDED
https://psitrends.com/index.php?id=74&option=com_quix&view=page,200,https://psitrends.com/index.php?id=74&option=com_quix&view=page,en-gb,Therapy,[],[],[],,1e266086f732e03b16e2678c1acbad6f9cf62d5d752054b57683fdd447d352f4,90da627ffe9bc9af89a3459a7870afe888815eacd8eefa46cd1c7f921256a9ce,21226,2141,0.544,False,,"[{""type"": ""menu_exact"", ""id"": ""267"", ""language"": ""*""}]",,90da627ffe9bc9af89a3459a7870afe888815eacd8eefa46cd1c7f921256a9ce,,,REVIEW_NEEDED
https://psitrends.com/index.php?Itemid=267&id=74&option=com_quix&view=page,200,https://psitrends.com/index.php?Itemid=267&id=74&option=com_quix&view=page,en-gb,Therapy,[],[],[],,0f8b8d5b13f8b500b976afb0c3ccba69e0cd6ff0571655655d8a942839ec62b7,90da627ffe9bc9af89a3459a7870afe888815eacd8eefa46cd1c7f921256a9ce,21236,2141,0.574,False,,"[{""type"": ""menu_context"", ""id"": ""267"", ""language"": ""*""}]",,90da627ffe9bc9af89a3459a7870afe888815eacd8eefa46cd1c7f921256a9ce,,,REVIEW_NEEDED
https://psitrends.com/index.php?id=75&option=com_quix&view=page,200,https://psitrends.com/index.php?id=75&option=com_quix&view=page,en-gb,Сategories Training,[],[],[],,3d20be09e501a580af432df2956f2a265c781aa72382e05e4df286d89e135952,00443da05e3d9f66c534a3a069b4fac096394701cc9fba9173cf9ec0a3087d87,21239,2153,0.578,False,,"[{""type"": ""menu_exact"", ""id"": ""268"", ""language"": ""*""}]",,00443da05e3d9f66c534a3a069b4fac096394701cc9fba9173cf9ec0a3087d87,,,REVIEW_NEEDED
https://psitrends.com/index.php?Itemid=268&id=75&option=com_quix&view=page,200,https://psitrends.com/index.php?Itemid=268&id=75&option=com_quix&view=page,en-gb,Сategories Training,[],[],[],,c3e615afb405af799a318c36ad39c5399e5fa4d7059920053371212c36f8c0ad,00443da05e3d9f66c534a3a069b4fac096394701cc9fba9173cf9ec0a3087d87,21247,2153,0.574,False,,"[{""type"": ""menu_context"", ""id"": ""268"", ""language"": ""*""}]",,00443da05e3d9f66c534a3a069b4fac096394701cc9fba9173cf9ec0a3087d87,,,REVIEW_NEEDED
https://psitrends.com/index.php?Itemid=269&id=76&lang=en&option=com_quix&view=page,200,https://psitrends.com/index.php?Itemid=269&id=76&lang=en&option=com_quix&view=page,en-gb,Studies,"[""Studies""]",[],[],,96c0e387fe1925a76baf1b6ccfc22469819c2c6e8dfc20b0a65ec037071c4e07,622f883dc94865e40b753b7b06637843eabb7d3b1806173ff63ec9cf20421d6c,213627,5537,0.822,False,,"[{""type"": ""menu_context"", ""id"": ""269"", ""language"": ""en-GB""}]",,622f883dc94865e40b753b7b06637843eabb7d3b1806173ff63ec9cf20421d6c,,,REVIEW_NEEDED
https://psitrends.com/index.php?Itemid=272&id=80&lang=en&option=com_quix&view=page,200,https://psitrends.com/index.php?Itemid=272&id=80&lang=en&option=com_quix&view=page,en-gb,Advanced program:,[],[],[],,a785d328ad0714dd9cd0d00d726da638c8ba70e9bbc478dfcdb57477ef994079,c6fad6e3a30acf229df838948ae8d63e363b9b3ee912b59e0ba879bb2b269456,21545,2175,0.539,False,,"[{""type"": ""menu_context"", ""id"": ""272"", ""language"": ""en-GB""}]",,c6fad6e3a30acf229df838948ae8d63e363b9b3ee912b59e0ba879bb2b269456,,,REVIEW_NEEDED
https://psitrends.com/index.php?Itemid=273&id=81&option=com_quix&view=page,200,https://psitrends.com/index.php?Itemid=273&id=81&option=com_quix&view=page,en-gb,Course,[],[],[],,d732015ed92b73d24a410fe24f85ace6e2a8089b8c0ad4cc000b2468fc08e75f,aa5b6fae9d8a74c30e02087a28b35df809a9b2d86aec4ddab40dc28e00870495,21459,2164,0.56,False,,"[{""type"": ""menu_context"", ""id"": ""273"", ""language"": ""*""}]",,aa5b6fae9d8a74c30e02087a28b35df809a9b2d86aec4ddab40dc28e00870495,,,REVIEW_NEEDED
https://psitrends.com/index.php?Itemid=275&id=84&lang=ru&option=com_quix&view=page,200,https://psitrends.com/index.php?Itemid=275&id=84&lang=ru&option=com_quix&view=page,ru-ru,Обучение,[],[],[],,ece02cde35d8b198b41ac284f073a9c0359f69f5d09549062e6c22f5b27e5e3f,06826e44c98f9746f3299e6f51feb4997d5f5267e23df141d0229e91248aed8d,254323,8165,0.921,False,,"[{""type"": ""menu_context"", ""id"": ""275"", ""language"": ""ru-RU""}]",,,,,REVIEW_NEEDED
https://psitrends.com/index.php?Itemid=277&id=86&lang=ru&option=com_quix&view=page,200,https://psitrends.com/index.php?Itemid=277&id=86&lang=ru&option=com_quix&view=page,ru-ru,Другое,[],[],[],,9d4073b944b016b21a56abcff554d4fbdb190052850c96e7ed5fc1fa4cba5ee7,65a7677204eb2b33f734ae35f3df0a11f5f7b52dfe1e0be5bdd0bb17192f34df,26314,2155,0.579,False,,"[{""type"": ""menu_context"", ""id"": ""277"", ""language"": ""ru-RU""}]",,,,,REVIEW_NEEDED
https://psitrends.com/index.php?Itemid=278&id=87&lang=ru&option=com_quix&view=page,200,https://psitrends.com/index.php?Itemid=278&id=87&lang=ru&option=com_quix&view=page,ru-ru,About us - Academy Of Temple Arts,[],[],[],,825a2c796709ba6fcb4930c4305d5b900f563fd4f68f2236cbbfbb97c1b8ad7b,3590e03b89d4f059281a295c3635a759f7bc5ddf4c67a7f3225422cf2150392b,245965,15411,0.899,False,,"[{""type"": ""menu_context"", ""id"": ""278"", ""language"": ""ru-RU""}]",,,,,REVIEW_NEEDED
https://psitrends.com/index.php?Itemid=279&id=82&lang=en&option=com_quix&view=page,200,https://psitrends.com/index.php?Itemid=279&id=82&lang=en&option=com_quix&view=page,en-gb,Artifacts and Talismans,[],[],[],,c8d7c5198eb1e9bbc3264ca87bfc16c43147a2e44790b4fc6ece4522db6d3dc5,57ad49f856f56d74ac92c5033e2afeda64258d78da632ae9841f861a7f5d571d,261951,7866,1.248,False,,"[{""type"": ""menu_context"", ""id"": ""279"", ""language"": ""en-GB""}]",,57ad49f856f56d74ac92c5033e2afeda64258d78da632ae9841f861a7f5d571d,,,REVIEW_NEEDED
https://psitrends.com/index.php?Itemid=283&id=91&lang=ru&option=com_quix&view=page,200,https://psitrends.com/index.php?Itemid=283&id=91&lang=ru&option=com_quix&view=page,ru-ru,Program. Tao Reiki Yggdrasil - Academy Of Ancient Temple Arts,"[""Школа Рейки Иггдрасиль""]",[],[],,e432d3e655917540fee789fd9bc43bf4bd4e09387c93858fe11ff0bcf42f27d9,02839874c1cce7170ccf7256a244d03e5ec087ed6debe095b846938853548e99,178586,10701,0.809,False,,"[{""type"": ""menu_context"", ""id"": ""283"", ""language"": ""ru-RU""}]",,,,,REVIEW_NEEDED
https://psitrends.com/index.php?Itemid=284&id=93&lang=ru&option=com_quix&view=page,200,https://psitrends.com/index.php?Itemid=284&id=93&lang=ru&option=com_quix&view=page,ru-ru,About us - Academy Of Temple Arts,"[""Наши книги""]",[],[],,7351ebec39b764ed1557db359e66818637a41d10f86690381b53943854d073ab,99ea7487f2b136d98186de2b3589ba6e2b96d681e1503f5beedc4f2ec215e15f,58811,2903,0.653,False,,"[{""type"": ""menu_context"", ""id"": ""284"", ""language"": ""ru-RU""}]",,,,,REVIEW_NEEDED
https://psitrends.com/index.php?Itemid=285&id=94&lang=ru&option=com_quix&view=page,200,https://psitrends.com/index.php?Itemid=285&id=94&lang=ru&option=com_quix&view=page,ru-ru,About us - Academy Of Temple Arts,"[""Видео-курсы""]",[],[],,51c41afd5d76c2cce072b5a36acd7203b841650c66e9832e0a95d267a08d2dfb,e35a55cc51e215e885b5420dc7c622c61ec0b4f7afceba7f6463a1591b337802,52632,2633,0.647,False,,"[{""type"": ""menu_context"", ""id"": ""285"", ""language"": ""ru-RU""}]",,,,,REVIEW_NEEDED
https://psitrends.com/index.php?Itemid=288&id=98&lang=ru&option=com_quix&view=page,200,https://psitrends.com/index.php?Itemid=288&id=98&lang=ru&option=com_quix&view=page,ru-ru,About us - Academy Of Temple Arts,"[""Медитации Солнца""]",[],[],,bf9906b31a26e6281a11c407469947f5c71e1facb09cc5d70cb2fd10742aafaf,a0b99037406565c5c63132679a8438b49c864fbd3f3ab54d87fb135f521833ae,65123,3514,0.679,False,,"[{""type"": ""menu_context"", ""id"": ""288"", ""language"": ""ru-RU""}]",,,,,REVIEW_NEEDED
https://psitrends.com/index.php?Itemid=292&id=99&lang=ru&option=com_quix&view=page,200,https://psitrends.com/index.php?Itemid=292&id=99&lang=ru&option=com_quix&view=page,ru-ru,About us - Academy Of Temple Arts,"[""Курс Греческие Мистерии. Канал Деметры.""]",[],[],,371df7a9a0b5504df5b592e10083c23f5346fc8d8e014e7bc9fbb9f6e5d635b5,cca9a23ff8e7800cb0127dad7556908a5c74cf154d57dd27ff2ee31ef490391b,63630,2836,0.667,False,,"[{""type"": ""menu_context"", ""id"": ""292"", ""language"": ""ru-RU""}]",,,,,REVIEW_NEEDED
https://psitrends.com/index.php?Itemid=293&id=100&lang=ru&option=com_quix&view=page,200,https://psitrends.com/index.php?Itemid=293&id=100&lang=ru&option=com_quix&view=page,ru-ru,About us - Academy Of Temple Arts,"[""Курс Сила Планет""]",[],[],,308d89461198283037c4169f90d43bbc63f489933d5cbfac4c493d424bd1a0b7,0b24c712306c172ad1570698bd7adf9a4ed9aba911500f663209a1eb431322ad,74642,2876,0.639,False,,"[{""type"": ""menu_context"", ""id"": ""293"", ""language"": ""ru-RU""}]",,,,,REVIEW_NEEDED
https://psitrends.com/index.php?Itemid=294&id=101&lang=ru&option=com_quix&view=page,200,https://psitrends.com/index.php?Itemid=294&id=101&lang=ru&option=com_quix&view=page,ru-ru,About us - Academy Of Temple Arts,"[""Медитации Силы и Защиты""]",[],[],,7e5a2a0cfc5213c941e7f8e6783dfe84911d9bed4e6619bfabeb310546b54972,a3085c6dc2659007b6ba625be3283f57c0ccfcd74c1838a1c1c998bbdb7a9f38,69022,2704,0.693,False,,"[{""type"": ""menu_context"", ""id"": ""294"", ""language"": ""ru-RU""}]",,,,,REVIEW_NEEDED
https://psitrends.com/index.php?Itemid=295&id=102&lang=ru&option=com_quix&view=page,200,https://psitrends.com/index.php?Itemid=295&id=102&lang=ru&option=com_quix&view=page,ru-ru,About us - Academy Of Temple Arts,"[""Архетипы Майя""]",[],[],,ced10056b694af4aeb2e457aff01483a94a157601a423031f748be73acf45e9f,c058cda9e4fa1440eecb97d069ba427f59e36ed1bb592d596c3a79bcdcd444f0,64807,2716,0.679,False,,"[{""type"": ""menu_context"", ""id"": ""295"", ""language"": ""ru-RU""}]",,,,,REVIEW_NEEDED
https://psitrends.com/index.php?Itemid=296&id=103&lang=ru&option=com_quix&view=page,200,https://psitrends.com/index.php?Itemid=296&id=103&lang=ru&option=com_quix&view=page,ru-ru,About us - Academy Of Temple Arts,"[""Курс Жречество Египта. Осирис""]",[],[],,bd728a0b376b23cbe6f86bc21748e3fa7ab740fe692b1f065306074c157b91d3,814c1383d288f5a9bd2a2b4cb59dc528280dfe0d6b03557ae3af3f8b3862d58f,69410,2915,0.652,False,,"[{""type"": ""menu_context"", ""id"": ""296"", ""language"": ""ru-RU""}]",,,,,REVIEW_NEEDED
https://psitrends.com/index.php?Itemid=297&id=104&lang=ru&option=com_quix&view=page,200,https://psitrends.com/index.php?Itemid=297&id=104&lang=ru&option=com_quix&view=page,ru-ru,About us - Academy Of Temple Arts,"[""Курс Мистерии Диониса""]",[],[],,1b7b600ecd53146be974d0632dd676936912a5b5bb8f1694502b7f961fe199be,50e84fd694590def9fbad586354285c40002b50ce4309ae654d85333cefbeb10,69356,2896,0.689,False,,"[{""type"": ""menu_context"", ""id"": ""297"", ""language"": ""ru-RU""}]",,,,,REVIEW_NEEDED
https://psitrends.com/index.php?Itemid=302&id=73&lang=en&option=com_quix&view=page,200,https://psitrends.com/index.php?Itemid=302&id=73&lang=en&option=com_quix&view=page,en-gb,Аcademy of archetypal consulting,"[""Academyof archetypalconsulting""]",[],[],,d499aa05070aa5be558c31d116a0e7620094a32cd245e0de283741ae87eb496f,7e84dea9003308173b134101469833ecc332caec8dcd4d6f1788275da7addd14,160591,3963,0.802,False,,"[{""type"": ""menu_context"", ""id"": ""302"", ""language"": ""en-GB""}]",,7e84dea9003308173b134101469833ecc332caec8dcd4d6f1788275da7addd14,,,REVIEW_NEEDED
https://psitrends.com/index.php?Itemid=303&id=88&lang=en&option=com_quix&view=page,200,https://psitrends.com/index.php?Itemid=303&id=88&lang=en&option=com_quix&view=page,en-gb,What is personality homeopathy (alchemy of the soul)?,"[""Psychic Alchemy""]",[],[],,a0691c13246e070a2babefe2a0dfbcc88278c337ed7535422b26019b3655ec3b,0c4d6c545a489bf027a83d5fb371ae0eb296637d1707854eac12910405070e30,188573,18581,0.821,False,,"[{""type"": ""menu_context"", ""id"": ""303"", ""language"": ""en-GB""}]",,0c4d6c545a489bf027a83d5fb371ae0eb296637d1707854eac12910405070e30,,,REVIEW_NEEDED
https://psitrends.com/index.php?Itemid=307&id=108&lang=en&option=com_quix&view=page,200,https://psitrends.com/index.php?Itemid=307&id=108&lang=en&option=com_quix&view=page,en-gb,About us - Academy Of Temple Arts,"[""Meditations of the Sun""]",[],[],,89aecb5e000af7663f70ac1a38ef403e20c44c88e45c7ca9aa162452b71201c2,a2cbb9f67e2dd18eea719a8c457410fbaeee3307e53990b8a0c1927fb15df68b,51568,3436,0.695,False,,"[{""type"": ""menu_context"", ""id"": ""307"", ""language"": ""en-GB""}]",,a2cbb9f67e2dd18eea719a8c457410fbaeee3307e53990b8a0c1927fb15df68b,,,REVIEW_NEEDED
https://psitrends.com/index.php?Itemid=308&id=109&lang=en&option=com_quix&view=page,200,https://psitrends.com/index.php?Itemid=308&id=109&lang=en&option=com_quix&view=page,en-gb,About us - Academy Of Temple Arts,"[""Books""]",[],[],,60774f011749a7351915127adf97fcf8dbde1a7b21f8ba3fb65c9b11518ec4d2,3892c5cc9f8af496a3358070954cc2b4a2a7d3695d2159beed134b73f7efe10f,53120,2862,0.685,False,,"[{""type"": ""menu_context"", ""id"": ""308"", ""language"": ""en-GB""}]",,3892c5cc9f8af496a3358070954cc2b4a2a7d3695d2159beed134b73f7efe10f,,,REVIEW_NEEDED
https://psitrends.com/index.php?Itemid=312&id=56&lang=en&option=com_quix&view=page,200,https://psitrends.com/index.php?Itemid=312&id=56&lang=en&option=com_quix&view=page,en-gb,Course. Mysteries Of Love - Academy Of Ancient Cultures,"[""COURSE. MYSTERIES OF LOVE""]",[],[],,0f056e29f2630b956896807a14932d42e6f7071a734f9448feeb41d5396a25d4,942ff1a98a9cdda0d2cb573f6815042aa2b1c0eb19039d4bfdfcc317e0d501e1,201631,9907,0.855,False,,"[{""type"": ""menu_context"", ""id"": ""312"", ""language"": ""en-GB""}]",,942ff1a98a9cdda0d2cb573f6815042aa2b1c0eb19039d4bfdfcc317e0d501e1,,,REVIEW_NEEDED
https://psitrends.com/index.php?Itemid=314&id=112&lang=ru&option=com_quix&view=page,200,https://psitrends.com/index.php?Itemid=314&id=112&lang=ru&option=com_quix&view=page,ru-ru,Мистерии Греции,"[""Мистерии Греции""]",[],[],,0942a2049475ef0f3f6749e61256539803db840d36af46cd3732964160577daf,483f8dda57fa4aff101aa8aa82f4a5c37f5be589a92c2c2a85584edf3c41532a,65531,4602,0.732,False,,"[{""type"": ""menu_context"", ""id"": ""314"", ""language"": ""ru-RU""}]",,,,,REVIEW_NEEDED
https://psitrends.com/index.php?Itemid=315&id=113&lang=ru&option=com_quix&view=page,200,https://psitrends.com/index.php?Itemid=315&id=113&lang=ru&option=com_quix&view=page,ru-ru,Северная магия рун,"[""Северная магия рун""]",[],[],,6c9714f06892686a4e18aaf5c622385b6356576087e48bf20e83486125f19fe8,62d90cf3ceb1871a118a6b67979dc7ba1909d141debbf9fc8552969c2855f38b,63128,3410,0.7,False,,"[{""type"": ""menu_context"", ""id"": ""315"", ""language"": ""ru-RU""}]",,,,,REVIEW_NEEDED
https://psitrends.com/index.php?Itemid=317&id=111&lang=ru&option=com_quix&view=page,200,https://psitrends.com/index.php?Itemid=317&id=111&lang=ru&option=com_quix&view=page,ru-ru,Мистерии Египта,"[""Мистерии Египта""]",[],[],,08ca9e7343e74d0c9f9af23ddad02ce498e9e8965a01c52938927369923e392b,a4bdb80f81fb1c10904d36a028db4514b15eb27a0ae21dd44abf7060fe2827e3,63613,3684,0.801,False,,"[{""type"": ""menu_context"", ""id"": ""317"", ""language"": ""ru-RU""}]",,,,,REVIEW_NEEDED
https://psitrends.com/index.php?Itemid=318&id=85&lang=ru&option=com_quix&view=page,200,https://psitrends.com/index.php?Itemid=318&id=85&lang=ru&option=com_quix&view=page,ru-ru,Аcademy of archetypal consulting,[],[],[],,078f25d30ee19074180fec39c5f708e0f91eb72d5937b3c595a316a1b0718de6,8ac66ea960394dc541600c74384b2ea320fac2f1cafeebcca0952c72ba615bca,163073,3959,0.847,False,,"[{""type"": ""menu_context"", ""id"": ""318"", ""language"": ""ru-RU""}]",,,,,REVIEW_NEEDED
https://psitrends.com/index.php?Itemid=320&id=33&lang=ru&option=com_quix&view=page,200,https://psitrends.com/index.php?Itemid=320&id=33&lang=ru&option=com_quix&view=page,ru-ru,Подсказки Богов,[],[],[],,7227ab784018fddee8a54455b1e5dae821a57eecbeb0813e1386b2bd02c30ecc,a876cb979056c7cfc2ead5103f5c71a541b895fe8ed5f3a1625dc225519d18a8,235213,9162,0.937,False,,"[{""type"": ""menu_context"", ""id"": ""320"", ""language"": ""ru-RU""}]",,,,,REVIEW_NEEDED
https://psitrends.com/index.php?Itemid=323&id=89&lang=ru&option=com_quix&view=page,200,https://psitrends.com/index.php?Itemid=323&id=89&lang=ru&option=com_quix&view=page,ru-ru,Что такое гомеопатия личности (алхимия души)?,"[""Сила Жизни""]",[],[],,a40b56eaaaeffb3464f2fe6bdd63b5f80255e6a0a19c8f2bb0d7ec31af96dd6a,f2b0af80c26f9e0fb351bbb6032cca97ca2f1eef2a58ed339aa1cc1f7ea817d3,196384,13608,0.816,False,,"[{""type"": ""menu_context"", ""id"": ""323"", ""language"": ""ru-RU""}]",,,,,REVIEW_NEEDED
https://psitrends.com/index.php?Itemid=324&id=28&lang=ru&option=com_quix&view=page,200,https://psitrends.com/index.php?Itemid=324&id=28&lang=ru&option=com_quix&view=page,ru-ru,Образная психотерапия,[],[],[],,bd414103a80ae8498b48d31e3b08e8cb5d6388911a0cecf3d5d29d63cc001b08,1c516f4b7b1658a6b3f6f9fc40fad0d16e54c9bf4b663ba7a9a40efa2557c658,162468,9203,0.776,False,,"[{""type"": ""menu_context"", ""id"": ""324"", ""language"": ""ru-RU""}]",,,,,REVIEW_NEEDED
https://psitrends.com/index.php?Itemid=325&id=53&lang=ru&option=com_quix&view=page,200,https://psitrends.com/index.php?Itemid=325&id=53&lang=ru&option=com_quix&view=page,ru-ru,Малые мистерии: Архетипы любви,[],[],[],,22a715c4afd8ed7b85f760ee632fcd5803ad83784b5d4e092e932b7e7b961226,cf687cced2e17199ac8eb38bbf64e80a02e5ae2e92de153ad63daf7692b9c698,209600,9875,0.816,False,,"[{""type"": ""menu_context"", ""id"": ""325"", ""language"": ""ru-RU""}]",,,,,REVIEW_NEEDED
https://psitrends.com/index.php?Itemid=326&id=57&lang=ru&option=com_quix&view=page,200,https://psitrends.com/index.php?Itemid=326&id=57&lang=ru&option=com_quix&view=page,ru-ru,Большие Мистерии: Архетипы Богов,[],[],[],,3d89b2ba27bd725a9306e413a746c83628eb51edcf2dfa0e69c4d84b2ebbcead,4e2df0687f35a8033df6002a2c4211c1f5e52cbec5e986c8cd47ac201d855f25,232131,9060,0.93,False,,"[{""type"": ""menu_context"", ""id"": ""326"", ""language"": ""ru-RU""}]",,,,,REVIEW_NEEDED
https://psitrends.com/index.php?Itemid=327&id=121&lang=ru&option=com_quix&view=page,200,https://psitrends.com/index.php?Itemid=327&id=121&lang=ru&option=com_quix&view=page,ru-ru,Мистерии,[],[],[],,d8d8092782d45daac8d8c5917b50d2cd37c49e1c3c5683df57dd9757b1a9319b,bdb697481aee4a1719818cf1f965bb70f9576df9bef5c156882e52cba51d5c3f,184587,5721,0.835,False,,"[{""type"": ""menu_context"", ""id"": ""327"", ""language"": ""ru-RU""}]",,,,,REVIEW_NEEDED
https://psitrends.com/index.php?Itemid=330&id=120&lang=en&option=com_quix&view=page,200,https://psitrends.com/index.php?Itemid=330&id=120&lang=en&option=com_quix&view=page,en-gb,Process support (mandala),"[""Mandalas and Talismans""]",[],[],,c77c6541b034d4b765ebffcc38fc9ce145f55227a6911eb8662a8939b2e73883,4ca52d856bc943712dce85eb59d2dc52ac5df61a74915bcb44900fa8f57415ea,114311,7504,0.921,False,,"[{""type"": ""menu_context"", ""id"": ""330"", ""language"": ""en-GB""}]",,4ca52d856bc943712dce85eb59d2dc52ac5df61a74915bcb44900fa8f57415ea,,,REVIEW_NEEDED
https://psitrends.com/index.php?Itemid=332&id=122&lang=en&option=com_quix&view=page,200,https://psitrends.com/index.php?Itemid=332&id=122&lang=en&option=com_quix&view=page,en-gb,Mysteries,[],[],[],,07dc70cb18884841f2f3b2145a11b6bafd1a3f7a370b6677f6adbd24734c0f58,b07a980de75ad0f8c39506cb2bc43171b6335bfd7f1843331fd7add90d04a4b5,160695,6004,0.877,False,,"[{""type"": ""menu_context"", ""id"": ""332"", ""language"": ""en-GB""}]",,b07a980de75ad0f8c39506cb2bc43171b6335bfd7f1843331fd7add90d04a4b5,,,REVIEW_NEEDED
https://psitrends.com/index.php?Itemid=333&id=32&lang=en&option=com_quix&view=page,200,https://psitrends.com/index.php?Itemid=333&id=32&lang=en&option=com_quix&view=page,en-gb,Archetypal Diagnostics & Support Session,"[""ARCHETYPAL DIAGNOSTICS & SUPPORT SESSION.""]",[],[],,327884890353c22b32ce0ca27300ea40795029307186d02686afc527485d7216,38cfbc4bdcbd5cb7f7adc47f7bdaa9a0e464f6938d416c6242d870f16ef6284d,205957,9251,1.164,False,,"[{""type"": ""menu_context"", ""id"": ""333"", ""language"": ""en-GB""}]",,38cfbc4bdcbd5cb7f7adc47f7bdaa9a0e464f6938d416c6242d870f16ef6284d,,,REVIEW_NEEDED
https://psitrends.com/index.php?Itemid=334&id=123&lang=ru&option=com_quix&view=page,200,https://psitrends.com/index.php?Itemid=334&id=123&lang=ru&option=com_quix&view=page,ru-ru,1 ур. Терапия Личности (гомеопатия),"[""Терапия Личности""]",[],[],,e7fb5b92367afb787bba6e08c3f8a42589d4ddd251c801302d86a942270b1ade,c54b86c50706898acb9f6f7d71ae30bc42d748b8b8ff734f59aed4011973155d,112826,9794,0.793,False,,"[{""type"": ""menu_context"", ""id"": ""334"", ""language"": ""ru-RU""}]",,,,,REVIEW_NEEDED
https://psitrends.com/index.php?Itemid=335&id=124&lang=ru&option=com_quix&view=page,200,https://psitrends.com/index.php?Itemid=335&id=124&lang=ru&option=com_quix&view=page,ru-ru,2 ур. Терапия Травм (гомеопатия субличностей),"[""Терапия Травм""]",[],[],,7632245aa3320cdbcf1ed36ea22dd25c79af210c4912312b69576fa38e59173b,e3d3423010126cb7f42ee8574a14091dde92f9fdefb39b25cb1c83cae8f7ee61,123807,11903,0.87,False,,"[{""type"": ""menu_context"", ""id"": ""335"", ""language"": ""ru-RU""}]",,,,,REVIEW_NEEDED
https://psitrends.com/index.php?Itemid=336&id=125&lang=ru&option=com_quix&view=page,200,https://psitrends.com/index.php?Itemid=336&id=125&lang=ru&option=com_quix&view=page,ru-ru,3 ур. Терапия Опор (глубинная гомеопатия),"[""Терапия Опор""]",[],[],,20a80931d750157cefb0a732e2a2ff0bdc15a13c2faade2e3c61a11cf3553dd8,b4846c908b9c8235b2bef68c25912ccec18cea81baa9f56a17f14cb7574c67c3,170000,15985,0.838,False,,"[{""type"": ""menu_context"", ""id"": ""336"", ""language"": ""ru-RU""}]",,,,,REVIEW_NEEDED
https://psitrends.com/index.php?Itemid=337&id=126&lang=ru&option=com_quix&view=page,200,https://psitrends.com/index.php?Itemid=337&id=126&lang=ru&option=com_quix&view=page,ru-ru,4 ур. Терапия Духа и Рода (сакральная гомеопатия),"[""Терапия Духа и Рода""]",[],[],,d2026059d5756d6035cf9428b74ff8fb7f96cc33d2db1e7e4379c00ffa4d5105,0d5161625ce627cdc53329e3d99797848c567f58d0749889fef268dffa2b5a40,160206,14771,0.844,False,,"[{""type"": ""menu_context"", ""id"": ""337"", ""language"": ""ru-RU""}]",,,,,REVIEW_NEEDED
https://psitrends.com/index.php?Itemid=338&id=127&lang=en&option=com_quix&view=page,200,https://psitrends.com/index.php?Itemid=338&id=127&lang=en&option=com_quix&view=page,en-gb,1st lvl. Personality Therapy (homeopathy),"[""Personality Therapy""]",[],[],,ad80d19d4d585e7ee44e47fe40fa815b77f04fb8a17b3cb46e58b507aa4bf956,ace24b9c0587006ce7814d01f860a8b858610da31b3aaa54863906a926bbef8e,95259,10403,0.724,False,,"[{""type"": ""menu_context"", ""id"": ""338"", ""language"": ""en-GB""}]",,ace24b9c0587006ce7814d01f860a8b858610da31b3aaa54863906a926bbef8e,,,REVIEW_NEEDED
https://psitrends.com/index.php?Itemid=339&id=128&lang=en&option=com_quix&view=page,200,https://psitrends.com/index.php?Itemid=339&id=128&lang=en&option=com_quix&view=page,en-gb,2nd lvl. Trauma Therapy (homeopathy of subpersonalities),"[""Trauma Therapy""]",[],[],,a798f6d5c9662b0c8ac722f8884a94cedfb6d85034687fd9bfdda154e059552c,d31bbf253059782e6d1cb41a5953a83e1bb818e365371639ecec8631273851c6,112075,12893,0.873,False,,"[{""type"": ""menu_context"", ""id"": ""339"", ""language"": ""en-GB""}]",,d31bbf253059782e6d1cb41a5953a83e1bb818e365371639ecec8631273851c6,,,REVIEW_NEEDED
https://psitrends.com/index.php?Itemid=340&id=129&lang=en&option=com_quix&view=page,200,https://psitrends.com/index.php?Itemid=340&id=129&lang=en&option=com_quix&view=page,en-gb,3rd lvl. Support Therapy (deep homeopathy),"[""Support Therapy""]",[],[],,5dad4db8a200c5ea914049a660cebecae51398f7bfa557b5b48a38e10913fa01,0e4dbd5988c43f20be54dfa238ad085ffc6bcdd4a8a4fc8e70e1a7bd9ba11770,155092,16882,0.818,False,,"[{""type"": ""menu_context"", ""id"": ""340"", ""language"": ""en-GB""}]",,0e4dbd5988c43f20be54dfa238ad085ffc6bcdd4a8a4fc8e70e1a7bd9ba11770,,,REVIEW_NEEDED
https://psitrends.com/index.php?Itemid=341&id=130&lang=en&option=com_quix&view=page,200,https://psitrends.com/index.php?Itemid=341&id=130&lang=en&option=com_quix&view=page,en-gb,4th level. Spirit and Family Therapy (sacred homeopathy),"[""Spirit and Family Therapy""]",[],[],,fddbdef29355a30fa54a8d8424e20f403c529a130d7adf2dfcc3fa8cd3f70691,aa5a2fdf511d92a3e0c2209a1b98a9380001b330ac3a7fea13cc5b63447921fb,146114,15790,0.843,False,,"[{""type"": ""menu_context"", ""id"": ""341"", ""language"": ""en-GB""}]",,aa5a2fdf511d92a3e0c2209a1b98a9380001b330ac3a7fea13cc5b63447921fb,,,REVIEW_NEEDED
https://psitrends.com/index.php?Itemid=342&id=131&lang=ru&option=com_quix&view=page,200,https://psitrends.com/index.php?Itemid=342&id=131&lang=ru&option=com_quix&view=page,ru-ru,Мандалы и артефакты,"[""Мандалы и Артефакты""]",[],[],,2bc83ac54efae0a166bf231a980b63cf680d893cbc46c29164e5ad284df1fbbd,58963e7bc11ae2333ce425bca7af6dee739059b46b38828b2f45668162d65cac,54719,2776,0.686,False,,"[{""type"": ""menu_context"", ""id"": ""342"", ""language"": ""ru-RU""}]",,,,,REVIEW_NEEDED
https://psitrends.com/index.php?Itemid=343&id=132&lang=ru&option=com_quix&view=page,200,https://psitrends.com/index.php?Itemid=343&id=132&lang=ru&option=com_quix&view=page,ru-ru,Мандала Великой Матери,"[""Мандала Великой Матери""]",[],[],,00bb1bcb3fe17d184d12258bbb1fc677fd7ba3cb43fe4f65d88e439e6c82da53,37c62e99ee86c2a6b8048bc09fc385d6766dbb78a91a2be2a48c621c2b4a5d33,88044,8383,0.715,False,,"[{""type"": ""menu_context"", ""id"": ""343"", ""language"": ""ru-RU""}]",,,,,REVIEW_NEEDED
https://psitrends.com/index.php?Itemid=344&id=133&lang=ru&option=com_quix&view=page,200,https://psitrends.com/index.php?Itemid=344&id=133&lang=ru&option=com_quix&view=page,ru-ru,Мандала Великого Отца,"[""Мандала Великого Отца""]",[],[],,bf489fd0aa2601720cec19cf42ea41a09d1651417050a000dc2ab35bf1f0ea6d,8048800978c8ccd3cb15b39129f6d65f1571e7ea902e97aa7422050900b399d5,64957,4099,0.766,False,,"[{""type"": ""menu_context"", ""id"": ""344"", ""language"": ""ru-RU""}]",,,,,REVIEW_NEEDED
https://psitrends.com/index.php?Itemid=345&id=134&lang=ru&option=com_quix&view=page,200,https://psitrends.com/index.php?Itemid=345&id=134&lang=ru&option=com_quix&view=page,ru-ru,Мандала Сила Рода,"[""Мандала Сила Рода""]",[],[],,0289dd680f42874da8be363e4b82f3a7b541cc5ce809400af92e7e7bb55f1993,73ba66351933fabac41feff0156bd4c8f16deb9141f4d296b11f6d552b723d1d,58137,4438,0.727,False,,"[{""type"": ""menu_context"", ""id"": ""345"", ""language"": ""ru-RU""}]",,,,,REVIEW_NEEDED
https://psitrends.com/index.php?Itemid=346&id=135&lang=en&option=com_quix&view=page,200,https://psitrends.com/index.php?Itemid=346&id=135&lang=en&option=com_quix&view=page,en-gb,Mandalas and Artifacts,"[""Mandalas and Artifacts""]",[],[],,0a3d6faf0d8ea884babd45e999a8c6416531119a25c2145382c1c68e9fc01101,055e4b56b4f144a779170c07fc76384698b659aed9173812aaa9f3bca10765fb,49629,2824,0.7,False,,"[{""type"": ""menu_context"", ""id"": ""346"", ""language"": ""en-GB""}]",,055e4b56b4f144a779170c07fc76384698b659aed9173812aaa9f3bca10765fb,,,REVIEW_NEEDED
https://psitrends.com/index.php?Itemid=347&id=136&lang=en&option=com_quix&view=page,200,https://psitrends.com/index.php?Itemid=347&id=136&lang=en&option=com_quix&view=page,en-gb,Mandala of the Great Mother,"[""Mandala of the Great Mother""]",[],[],,fdb8a9ca1730910d106976d3771e45fb239dbded4165a691c77fab09d0d14607,16655d09839908ffcfa9cdbeb523caca20107db286e40fa1632b2455932dbedc,79072,9140,0.703,False,,"[{""type"": ""menu_context"", ""id"": ""347"", ""language"": ""en-GB""}]",,16655d09839908ffcfa9cdbeb523caca20107db286e40fa1632b2455932dbedc,,,REVIEW_NEEDED
https://psitrends.com/index.php?Itemid=348&id=137&lang=en&option=com_quix&view=page,200,https://psitrends.com/index.php?Itemid=348&id=137&lang=en&option=com_quix&view=page,en-gb,Mandala of the Great Father,"[""Mandala of the Great Father""]",[],[],,f1782577dfd4b43905803c0aeda9358dd5aaae672a0e1be6f6c0fed9a1e98366,647c0a45a2cdd4f84ab1a9474d7f4968f656c5e5f90865ad15faee7dc7a4a5d7,58830,4274,0.709,False,,"[{""type"": ""menu_context"", ""id"": ""348"", ""language"": ""en-GB""}]",,647c0a45a2cdd4f84ab1a9474d7f4968f656c5e5f90865ad15faee7dc7a4a5d7,,,REVIEW_NEEDED
https://psitrends.com/index.php?Itemid=349&id=138&lang=en&option=com_quix&view=page,200,https://psitrends.com/index.php?Itemid=349&id=138&lang=en&option=com_quix&view=page,en-gb,Mandala Power of the Family,"[""Mandala Power of the Family""]",[],[],,ad49bb41fd6adf75f8118ab071ba178ded8cb278aa245daa21689fcf40a60f04,fed4c1ed1926b77ccfdb7541d6157a061a8ee97ecd87de1a5851a45ffd7de4a4,51853,4706,0.709,False,,"[{""type"": ""menu_context"", ""id"": ""349"", ""language"": ""en-GB""}]",,fed4c1ed1926b77ccfdb7541d6157a061a8ee97ecd87de1a5851a45ffd7de4a4,,,REVIEW_NEEDED
https://psitrends.com/index.php?Itemid=350&id=140&lang=ru&option=com_quix&view=page,200,https://psitrends.com/index.php?Itemid=350&id=140&lang=ru&option=com_quix&view=page,ru-ru,Статьи,"[""Статьи Академии архетипического консалтинга""]",[],[],,c1655b08fe41a5aec40f00c1245792aa704c93ab3163a54be544e5c229d725f4,f1539985e33600183c613bcadaded44f476b6ab51c6c263e0c4dc53bcd7f56d1,141605,13074,0.757,False,,"[{""type"": ""menu_context"", ""id"": ""350"", ""language"": ""ru-RU""}]",,,,,REVIEW_NEEDED
https://psitrends.com/index.php?Itemid=351&id=139&lang=en&option=com_quix&view=page,200,https://psitrends.com/index.php?Itemid=351&id=139&lang=en&option=com_quix&view=page,en-gb,Articles,"[""Academy of archetypal consulting Articles""]",[],[],,a769fdbeab573baf20446da8fd5d0bb0ead46bedde8f39cd5dc2604a6ddab9bf,81cb467fff66718695b806f369b07ac4e972a36993f98cfccaca16798e6355df,129403,14159,0.849,False,,"[{""type"": ""menu_context"", ""id"": ""351"", ""language"": ""en-GB""}]",,81cb467fff66718695b806f369b07ac4e972a36993f98cfccaca16798e6355df,,,REVIEW_NEEDED
https://psitrends.com/,200,https://psitrends.com/,en-gb,Аcademy of archetypal consulting,"[""HOLISTIC HOUSE""]",[],[],,09c67b075d7f5a675011a6e76cef38268e76071f17f631964882630385f655cf,ce9c3964f609952483bcd29bb95d7d12d6417a797311fc92418ff94e761ddd48,248498,5270,0.935,False,,"[{""type"": ""current_home_reference""}]",,ce9c3964f609952483bcd29bb95d7d12d6417a797311fc92418ff94e761ddd48,,,REVIEW_NEEDED
https://psitrends.com/ru/,200,https://psitrends.com/ru/,ru-ru,Главная,[],[],[],,bf52e88df81316e40fab32c0489b0da41c0fc5ccfd8cbf007502f33df8dda6d5,c8c8909971bf67680527c1bf25198cf1529f4e3db8dfeff4dd3251107948fb29,263178,5253,0.96,False,,"[{""type"": ""current_home_reference""}]",,c8c8909971bf67680527c1bf25198cf1529f4e3db8dfeff4dd3251107948fb29,,,REVIEW_NEEDED
