old_url,new_url,action,locale,status,final_url,cms_ids,content_state,current_cta,internal_inlinks,gsc,ga4,backlinks,decision_status,owner,release_batch,release_gate,reason,evidence,before_after_checks,rollback
https://psitrends.com/,https://psitrends.com/,UPDATE,en,200,https://psitrends.com/,,CURRENT OFFER,Telegram | WhatsApp,24,PROCESSING—property verified2026-09-22,NOT EXPORTED—do not infer zero,NOT AVAILABLE,PRESERVE; individual editorial review pending,PsiTrends site steward,native-client-layer,"Native preview, supported save, ACL and paired rollback pass",Replace client homepage in place; retain original Quix records,public crawl2026-09-22,"HTTP status, visible content, locale and links",Private client release journal and paired backup
https://psitrends.com/ru/,https://psitrends.com/ru/,UPDATE,ru,200,https://psitrends.com/ru/,,CURRENT OFFER,Telegram,104,PROCESSING—property verified2026-09-22,NOT EXPORTED—do not infer zero,NOT AVAILABLE,PRESERVE; individual editorial review pending,PsiTrends site steward,native-client-layer,"Native preview, supported save, ACL and paired rollback pass",Replace client homepage in place; retain original Quix records,public crawl2026-09-22,"HTTP status, visible content, locale and links",Private client release journal and paired backup
https://psitrends.com/home1,https://psitrends.com/home1,KEEP,en,200,https://psitrends.com/home1,,EDUCATIONAL RESOURCE,,1,PROCESSING—property verified2026-09-22,NOT EXPORTED—do not infer zero,NOT AVAILABLE,PRESERVE; individual editorial review pending,PsiTrends site steward,legacy-preservation,No relocation or deletion authorized by missing metrics,Preserve existing URL and useful content; review claims in context,public crawl2026-09-22,"HTTP status, visible content, locale and links",No mutation; retain paired private pre-release backup
https://psitrends.com/canada,https://psitrends.com/canada,KEEP,en,200,https://psitrends.com/canada,,CLAIM REVIEW,,3,PROCESSING—property verified2026-09-22,NOT EXPORTED—do not infer zero,NOT AVAILABLE,PRESERVE; individual editorial review pending,PsiTrends site steward,legacy-preservation,No relocation or deletion authorized by missing metrics,Preserve existing URL and useful content; review claims in context,public crawl2026-09-22,"HTTP status, visible content, locale and links",No mutation; retain paired private pre-release backup
https://psitrends.com/switzerland,https://psitrends.com/switzerland,KEEP,en,200,https://psitrends.com/switzerland,,EDUCATIONAL RESOURCE,,3,PROCESSING—property verified2026-09-22,NOT EXPORTED—do not infer zero,NOT AVAILABLE,PRESERVE; individual editorial review pending,PsiTrends site steward,legacy-preservation,No relocation or deletion authorized by missing metrics,Preserve existing URL and useful content; review claims in context,public crawl2026-09-22,"HTTP status, visible content, locale and links",No mutation; retain paired private pre-release backup
https://psitrends.com/norway,https://psitrends.com/norway,KEEP,en,200,https://psitrends.com/norway,,CLAIM REVIEW,,3,PROCESSING—property verified2026-09-22,NOT EXPORTED—do not infer zero,NOT AVAILABLE,PRESERVE; individual editorial review pending,PsiTrends site steward,legacy-preservation,No relocation or deletion authorized by missing metrics,Preserve existing URL and useful content; review claims in context,public crawl2026-09-22,"HTTP status, visible content, locale and links",No mutation; retain paired private pre-release backup
https://psitrends.com/portugal,https://psitrends.com/portugal,KEEP,en,200,https://psitrends.com/portugal,,EDUCATIONAL RESOURCE,,3,PROCESSING—property verified2026-09-22,NOT EXPORTED—do not infer zero,NOT AVAILABLE,PRESERVE; individual editorial review pending,PsiTrends site steward,legacy-preservation,No relocation or deletion authorized by missing metrics,Preserve existing URL and useful content; review claims in context,public crawl2026-09-22,"HTTP status, visible content, locale and links",No mutation; retain paired private pre-release backup
https://psitrends.com/diving,https://psitrends.com/diving,KEEP,en,200,https://psitrends.com/diving,,CLAIM REVIEW,,2,PROCESSING—property verified2026-09-22,NOT EXPORTED—do not infer zero,NOT AVAILABLE,PRESERVE; individual editorial review pending,PsiTrends site steward,legacy-preservation,No relocation or deletion authorized by missing metrics,Preserve existing URL and useful content; review claims in context,public crawl2026-09-22,"HTTP status, visible content, locale and links",No mutation; retain paired private pre-release backup
https://psitrends.com/rafting,https://psitrends.com/rafting,KEEP,en,200,https://psitrends.com/rafting,,EDUCATIONAL RESOURCE,,2,PROCESSING—property verified2026-09-22,NOT EXPORTED—do not infer zero,NOT AVAILABLE,PRESERVE; individual editorial review pending,PsiTrends site steward,legacy-preservation,No relocation or deletion authorized by missing metrics,Preserve existing URL and useful content; review claims in context,public crawl2026-09-22,"HTTP status, visible content, locale and links",No mutation; retain paired private pre-release backup
https://psitrends.com/rock-clambing,https://psitrends.com/rock-clambing,KEEP,en,200,https://psitrends.com/rock-clambing,,EDUCATIONAL RESOURCE,,2,PROCESSING—property verified2026-09-22,NOT EXPORTED—do not infer zero,NOT AVAILABLE,PRESERVE; individual editorial review pending,PsiTrends site steward,legacy-preservation,No relocation or deletion authorized by missing metrics,Preserve existing URL and useful content; review claims in context,public crawl2026-09-22,"HTTP status, visible content, locale and links",No mutation; retain paired private pre-release backup
https://psitrends.com/packages,https://psitrends.com/packages,KEEP,en,200,https://psitrends.com/packages,,EDUCATIONAL RESOURCE,,2,PROCESSING—property verified2026-09-22,NOT EXPORTED—do not infer zero,NOT AVAILABLE,PRESERVE; individual editorial review pending,PsiTrends site steward,legacy-preservation,No relocation or deletion authorized by missing metrics,Preserve existing URL and useful content; review claims in context,public crawl2026-09-22,"HTTP status, visible content, locale and links",No mutation; retain paired private pre-release backup
https://psitrends.com/greenland-tour,,KEEP,en,HTTP Error 500: Internal Server Error,,,EDUCATIONAL RESOURCE,,1,PROCESSING—property verified2026-09-22,NOT EXPORTED—do not infer zero,NOT AVAILABLE,PRESERVE; individual editorial review pending,PsiTrends site steward,legacy-preservation,No relocation or deletion authorized by missing metrics,Preserve observed existing redirect; no new redirect,public crawl2026-09-22,"HTTP status, visible content, locale and links",No mutation; retain paired private pre-release backup
https://psitrends.com/blue-ice-experience,,KEEP,en,HTTP Error 500: Internal Server Error,,,EDUCATIONAL RESOURCE,,1,PROCESSING—property verified2026-09-22,NOT EXPORTED—do not infer zero,NOT AVAILABLE,PRESERVE; individual editorial review pending,PsiTrends site steward,legacy-preservation,No relocation or deletion authorized by missing metrics,Preserve observed existing redirect; no new redirect,public crawl2026-09-22,"HTTP status, visible content, locale and links",No mutation; retain paired private pre-release backup
https://psitrends.com/glacier-walk-combo,,KEEP,en,HTTP Error 500: Internal Server Error,,,EDUCATIONAL RESOURCE,,1,PROCESSING—property verified2026-09-22,NOT EXPORTED—do not infer zero,NOT AVAILABLE,PRESERVE; individual editorial review pending,PsiTrends site steward,legacy-preservation,No relocation or deletion authorized by missing metrics,Preserve observed existing redirect; no new redirect,public crawl2026-09-22,"HTTP status, visible content, locale and links",No mutation; retain paired private pre-release backup
https://psitrends.com/laugavegur-trek,,KEEP,en,HTTP Error 500: Internal Server Error,,,EDUCATIONAL RESOURCE,,0,PROCESSING—property verified2026-09-22,NOT EXPORTED—do not infer zero,NOT AVAILABLE,PRESERVE; individual editorial review pending,PsiTrends site steward,legacy-preservation,No relocation or deletion authorized by missing metrics,Preserve observed existing redirect; no new redirect,public crawl2026-09-22,"HTTP status, visible content, locale and links",No mutation; retain paired private pre-release backup
https://psitrends.com/your-profile,https://psitrends.com/your-profile?view=login,KEEP,en,200,https://psitrends.com/your-profile?view=login,,EDUCATIONAL RESOURCE,,0,PROCESSING—property verified2026-09-22,NOT EXPORTED—do not infer zero,NOT AVAILABLE,PRESERVE; individual editorial review pending,PsiTrends site steward,legacy-preservation,No relocation or deletion authorized by missing metrics,Preserve observed existing redirect; no new redirect,public crawl2026-09-22,"HTTP status, visible content, locale and links",No mutation; retain paired private pre-release backup
https://psitrends.com/submit-an-article,https://psitrends.com/submit-an-article,KEEP,en,200,https://psitrends.com/submit-an-article,,EDUCATIONAL RESOURCE,,1,PROCESSING—property verified2026-09-22,NOT EXPORTED—do not infer zero,NOT AVAILABLE,PRESERVE; individual editorial review pending,PsiTrends site steward,legacy-preservation,No relocation or deletion authorized by missing metrics,Preserve existing URL and useful content; review claims in context,public crawl2026-09-22,"HTTP status, visible content, locale and links",No mutation; retain paired private pre-release backup
https://psitrends.com/template-settings,,KEEP,en,HTTP Error 403: Forbidden,,,EDUCATIONAL RESOURCE,,0,PROCESSING—property verified2026-09-22,NOT EXPORTED—do not infer zero,NOT AVAILABLE,PRESERVE; individual editorial review pending,PsiTrends site steward,legacy-preservation,No relocation or deletion authorized by missing metrics,Preserve observed existing redirect; no new redirect,public crawl2026-09-22,"HTTP status, visible content, locale and links",No mutation; retain paired private pre-release backup
https://psitrends.com/site-settings,,KEEP,en,HTTP Error 403: Forbidden,,,EDUCATIONAL RESOURCE,,0,PROCESSING—property verified2026-09-22,NOT EXPORTED—do not infer zero,NOT AVAILABLE,PRESERVE; individual editorial review pending,PsiTrends site steward,legacy-preservation,No relocation or deletion authorized by missing metrics,Preserve observed existing redirect; no new redirect,public crawl2026-09-22,"HTTP status, visible content, locale and links",No mutation; retain paired private pre-release backup
https://psitrends.com/ru/biznes/biznes-analiz,https://psitrends.com/ru/biznes/biznes-analiz,KEEP,ru,200,https://psitrends.com/ru/biznes/biznes-analiz,,CLAIM REVIEW,Google Form | Telegram | WhatsApp,65,PROCESSING—property verified2026-09-22,NOT EXPORTED—do not infer zero,NOT AVAILABLE,PRESERVE; individual editorial review pending,PsiTrends site steward,legacy-preservation,No relocation or deletion authorized by missing metrics,Preserve existing URL and useful content; review claims in context,public crawl2026-09-22,"HTTP status, visible content, locale and links",No mutation; retain paired private pre-release backup
https://psitrends.com/thank-you,https://psitrends.com/thank-you,KEEP,en,200,https://psitrends.com/thank-you,,EDUCATIONAL RESOURCE,,2,PROCESSING—property verified2026-09-22,NOT EXPORTED—do not infer zero,NOT AVAILABLE,PRESERVE; individual editorial review pending,PsiTrends site steward,legacy-preservation,No relocation or deletion authorized by missing metrics,Preserve existing URL and useful content; review claims in context,public crawl2026-09-22,"HTTP status, visible content, locale and links",No mutation; retain paired private pre-release backup
https://psitrends.com/home,https://psitrends.com/home,KEEP,en,200,https://psitrends.com/home,,CLAIM REVIEW,Telegram | WhatsApp,1,PROCESSING—property verified2026-09-22,NOT EXPORTED—do not infer zero,NOT AVAILABLE,PRESERVE; individual editorial review pending,PsiTrends site steward,legacy-preservation,No relocation or deletion authorized by missing metrics,Preserve existing URL and useful content; review claims in context,public crawl2026-09-22,"HTTP status, visible content, locale and links",No mutation; retain paired private pre-release backup
https://psitrends.com/business/business-analysis,https://psitrends.com/business/business-analysis,KEEP,en,200,https://psitrends.com/business/business-analysis,,CLAIM REVIEW,Telegram | WhatsApp,81,PROCESSING—property verified2026-09-22,NOT EXPORTED—do not infer zero,NOT AVAILABLE,PRESERVE; individual editorial review pending,PsiTrends site steward,legacy-preservation,No relocation or deletion authorized by missing metrics,Preserve existing URL and useful content; review claims in context,public crawl2026-09-22,"HTTP status, visible content, locale and links",No mutation; retain paired private pre-release backup
https://psitrends.com/ru/ru,https://psitrends.com/ru/ru,KEEP,ru,200,https://psitrends.com/ru/ru,,CLAIM REVIEW,Telegram,1,PROCESSING—property verified2026-09-22,NOT EXPORTED—do not infer zero,NOT AVAILABLE,PRESERVE; individual editorial review pending,PsiTrends site steward,legacy-preservation,No relocation or deletion authorized by missing metrics,Preserve existing URL and useful content; review claims in context,public crawl2026-09-22,"HTTP status, visible content, locale and links",No mutation; retain paired private pre-release backup
https://psitrends.com/fest,https://psitrends.com/fest,KEEP,en,200,https://psitrends.com/fest,,CLAIM REVIEW,Google Form | Telegram,2,PROCESSING—property verified2026-09-22,NOT EXPORTED—do not infer zero,NOT AVAILABLE,PRESERVE; individual editorial review pending,PsiTrends site steward,legacy-preservation,No relocation or deletion authorized by missing metrics,Preserve existing URL and useful content; review claims in context,public crawl2026-09-22,"HTTP status, visible content, locale and links",No mutation; retain paired private pre-release backup
https://psitrends.com/therapy,https://psitrends.com/therapy,KEEP,en,200,https://psitrends.com/therapy,,CLAIM REVIEW,WhatsApp,80,PROCESSING—property verified2026-09-22,NOT EXPORTED—do not infer zero,NOT AVAILABLE,PRESERVE; individual editorial review pending,PsiTrends site steward,legacy-preservation,No relocation or deletion authorized by missing metrics,Preserve existing URL and useful content; review claims in context,public crawl2026-09-22,"HTTP status, visible content, locale and links",No mutation; retain paired private pre-release backup
https://psitrends.com/therapy/image-psychotherapy,https://psitrends.com/therapy/image-psychotherapy,KEEP,en,200,https://psitrends.com/therapy/image-psychotherapy,,CLAIM REVIEW,Telegram | WhatsApp,80,PROCESSING—property verified2026-09-22,NOT EXPORTED—do not infer zero,NOT AVAILABLE,PRESERVE; individual editorial review pending,PsiTrends site steward,legacy-preservation,No relocation or deletion authorized by missing metrics,Preserve existing URL and useful content; review claims in context,public crawl2026-09-22,"HTTP status, visible content, locale and links",No mutation; retain paired private pre-release backup
https://psitrends.com/express,https://psitrends.com/express,KEEP,en,200,https://psitrends.com/express,,CLAIM REVIEW,Telegram | WhatsApp,85,PROCESSING—property verified2026-09-22,NOT EXPORTED—do not infer zero,NOT AVAILABLE,PRESERVE; individual editorial review pending,PsiTrends site steward,legacy-preservation,No relocation or deletion authorized by missing metrics,Preserve existing URL and useful content; review claims in context,public crawl2026-09-22,"HTTP status, visible content, locale and links",No mutation; retain paired private pre-release backup
https://psitrends.com/ru/express-ru,https://psitrends.com/ru/express-ru,KEEP,ru,200,https://psitrends.com/ru/express-ru,,CLAIM REVIEW,Telegram | WhatsApp,65,PROCESSING—property verified2026-09-22,NOT EXPORTED—do not infer zero,NOT AVAILABLE,PRESERVE; individual editorial review pending,PsiTrends site steward,legacy-preservation,No relocation or deletion authorized by missing metrics,Preserve existing URL and useful content; review claims in context,public crawl2026-09-22,"HTTP status, visible content, locale and links",No mutation; retain paired private pre-release backup
https://psitrends.com/ru/thrpy-ru,https://psitrends.com/ru/thrpy-ru,KEEP,ru,200,https://psitrends.com/ru/thrpy-ru,,CLAIM REVIEW,Telegram,65,PROCESSING—property verified2026-09-22,NOT EXPORTED—do not infer zero,NOT AVAILABLE,PRESERVE; individual editorial review pending,PsiTrends site steward,legacy-preservation,No relocation or deletion authorized by missing metrics,Preserve existing URL and useful content; review claims in context,public crawl2026-09-22,"HTTP status, visible content, locale and links",No mutation; retain paired private pre-release backup
https://psitrends.com/fest-program-2,https://psitrends.com/fest-program-2,KEEP,en,200,https://psitrends.com/fest-program-2,,CLAIM REVIEW,Google Form | Telegram,2,PROCESSING—property verified2026-09-22,NOT EXPORTED—do not infer zero,NOT AVAILABLE,PRESERVE; individual editorial review pending,PsiTrends site steward,legacy-preservation,No relocation or deletion authorized by missing metrics,Preserve existing URL and useful content; review claims in context,public crawl2026-09-22,"HTTP status, visible content, locale and links",No mutation; retain paired private pre-release backup
https://psitrends.com/fest-prog2,https://psitrends.com/fest-prog2,KEEP,en,200,https://psitrends.com/fest-prog2,,CLAIM REVIEW,Google Form | Telegram,2,PROCESSING—property verified2026-09-22,NOT EXPORTED—do not infer zero,NOT AVAILABLE,PRESERVE; individual editorial review pending,PsiTrends site steward,legacy-preservation,No relocation or deletion authorized by missing metrics,Preserve existing URL and useful content; review claims in context,public crawl2026-09-22,"HTTP status, visible content, locale and links",No mutation; retain paired private pre-release backup
https://psitrends.com/studies/adv/reiki,https://psitrends.com/studies/adv/reiki,KEEP,en,200,https://psitrends.com/studies/adv/reiki,,CLAIM REVIEW,Google Form | Telegram | WhatsApp,80,PROCESSING—property verified2026-09-22,NOT EXPORTED—do not infer zero,NOT AVAILABLE,PRESERVE; individual editorial review pending,PsiTrends site steward,legacy-preservation,No relocation or deletion authorized by missing metrics,Preserve existing URL and useful content; review claims in context,public crawl2026-09-22,"HTTP status, visible content, locale and links",No mutation; retain paired private pre-release backup
https://psitrends.com/studies/adv/prog-taory,https://psitrends.com/studies/adv/prog-taory,KEEP,en,200,https://psitrends.com/studies/adv/prog-taory,,CLAIM REVIEW,Google Form | Telegram | WhatsApp,80,PROCESSING—property verified2026-09-22,NOT EXPORTED—do not infer zero,NOT AVAILABLE,PRESERVE; individual editorial review pending,PsiTrends site steward,legacy-preservation,No relocation or deletion authorized by missing metrics,Preserve existing URL and useful content; review claims in context,public crawl2026-09-22,"HTTP status, visible content, locale and links",No mutation; retain paired private pre-release backup
https://psitrends.com/ru/cat-train-ru/advanced-ru/review-maat-ru,https://psitrends.com/ru/cat-train-ru/advanced-ru/review-maat-ru,KEEP,ru,200,https://psitrends.com/ru/cat-train-ru/advanced-ru/review-maat-ru,,EDUCATIONAL RESOURCE,,65,PROCESSING—property verified2026-09-22,NOT EXPORTED—do not infer zero,NOT AVAILABLE,PRESERVE; individual editorial review pending,PsiTrends site steward,legacy-preservation,No relocation or deletion authorized by missing metrics,Preserve existing URL and useful content; review claims in context,public crawl2026-09-22,"HTTP status, visible content, locale and links",No mutation; retain paired private pre-release backup
https://psitrends.com/fest-details,https://psitrends.com/fest-details,KEEP,en,200,https://psitrends.com/fest-details,,CLAIM REVIEW,Google Form | Telegram,5,PROCESSING—property verified2026-09-22,NOT EXPORTED—do not infer zero,NOT AVAILABLE,PRESERVE; individual editorial review pending,PsiTrends site steward,legacy-preservation,No relocation or deletion authorized by missing metrics,Preserve existing URL and useful content; review claims in context,public crawl2026-09-22,"HTTP status, visible content, locale and links",No mutation; retain paired private pre-release backup
https://psitrends.com/studies/about-us,https://psitrends.com/studies/about-us,KEEP,en,200,https://psitrends.com/studies/about-us,,CLAIM REVIEW,WhatsApp,80,PROCESSING—property verified2026-09-22,NOT EXPORTED—do not infer zero,NOT AVAILABLE,PRESERVE; individual editorial review pending,PsiTrends site steward,legacy-preservation,No relocation or deletion authorized by missing metrics,Preserve existing URL and useful content; review claims in context,public crawl2026-09-22,"HTTP status, visible content, locale and links",No mutation; retain paired private pre-release backup
https://psitrends.com/stud-prog/trpy-events,https://psitrends.com/stud-prog/trpy-events,KEEP,en,200,https://psitrends.com/stud-prog/trpy-events,,CLAIM REVIEW,Google Form | Telegram | WhatsApp,2,PROCESSING—property verified2026-09-22,NOT EXPORTED—do not infer zero,NOT AVAILABLE,PRESERVE; individual editorial review pending,PsiTrends site steward,legacy-preservation,No relocation or deletion authorized by missing metrics,Preserve existing URL and useful content; review claims in context,public crawl2026-09-22,"HTTP status, visible content, locale and links",No mutation; retain paired private pre-release backup
https://psitrends.com/studies/master-taory,https://psitrends.com/studies/master-taory,KEEP,en,200,https://psitrends.com/studies/master-taory,,CLAIM REVIEW,Telegram | WhatsApp,80,PROCESSING—property verified2026-09-22,NOT EXPORTED—do not infer zero,NOT AVAILABLE,PRESERVE; individual editorial review pending,PsiTrends site steward,legacy-preservation,No relocation or deletion authorized by missing metrics,Preserve existing URL and useful content; review claims in context,public crawl2026-09-22,"HTTP status, visible content, locale and links",No mutation; retain paired private pre-release backup
https://psitrends.com/studies/magister-sham-trpi,https://psitrends.com/studies/magister-sham-trpi,KEEP,en,200,https://psitrends.com/studies/magister-sham-trpi,,CLAIM REVIEW,Telegram | WhatsApp,80,PROCESSING—property verified2026-09-22,NOT EXPORTED—do not infer zero,NOT AVAILABLE,PRESERVE; individual editorial review pending,PsiTrends site steward,legacy-preservation,No relocation or deletion authorized by missing metrics,Preserve existing URL and useful content; review claims in context,public crawl2026-09-22,"HTTP status, visible content, locale and links",No mutation; retain paired private pre-release backup
https://psitrends.com/stud-prog,https://psitrends.com/stud-prog,KEEP,en,200,https://psitrends.com/stud-prog,,EDUCATIONAL RESOURCE,,2,PROCESSING—property verified2026-09-22,NOT EXPORTED—do not infer zero,NOT AVAILABLE,PRESERVE; individual editorial review pending,PsiTrends site steward,legacy-preservation,No relocation or deletion authorized by missing metrics,Preserve existing URL and useful content; review claims in context,public crawl2026-09-22,"HTTP status, visible content, locale and links",No mutation; retain paired private pre-release backup
https://psitrends.com/studies/adv/runes-business,https://psitrends.com/studies/adv/runes-business,KEEP,en,200,https://psitrends.com/studies/adv/runes-business,,CLAIM REVIEW,Telegram | WhatsApp,80,PROCESSING—property verified2026-09-22,NOT EXPORTED—do not infer zero,NOT AVAILABLE,PRESERVE; individual editorial review pending,PsiTrends site steward,legacy-preservation,No relocation or deletion authorized by missing metrics,Preserve existing URL and useful content; review claims in context,public crawl2026-09-22,"HTTP status, visible content, locale and links",No mutation; retain paired private pre-release backup
https://psitrends.com/studies/tantra,https://psitrends.com/studies/tantra,KEEP,en,200,https://psitrends.com/studies/tantra,,CLAIM REVIEW,Telegram | WhatsApp,80,PROCESSING—property verified2026-09-22,NOT EXPORTED—do not infer zero,NOT AVAILABLE,PRESERVE; individual editorial review pending,PsiTrends site steward,legacy-preservation,No relocation or deletion authorized by missing metrics,Preserve existing URL and useful content; review claims in context,public crawl2026-09-22,"HTTP status, visible content, locale and links",No mutation; retain paired private pre-release backup
https://psitrends.com/studies/adv/myst,https://psitrends.com/studies/adv/myst,KEEP,en,200,https://psitrends.com/studies/adv/myst,,CLAIM REVIEW,Google Form | Telegram | WhatsApp,80,PROCESSING—property verified2026-09-22,NOT EXPORTED—do not infer zero,NOT AVAILABLE,PRESERVE; individual editorial review pending,PsiTrends site steward,legacy-preservation,No relocation or deletion authorized by missing metrics,Preserve existing URL and useful content; review claims in context,public crawl2026-09-22,"HTTP status, visible content, locale and links",No mutation; retain paired private pre-release backup
https://psitrends.com/studies/master-taory/reiki-faq,https://psitrends.com/studies/master-taory/reiki-faq,KEEP,en,200,https://psitrends.com/studies/master-taory/reiki-faq,,CLAIM REVIEW,,80,PROCESSING—property verified2026-09-22,NOT EXPORTED—do not infer zero,NOT AVAILABLE,PRESERVE; individual editorial review pending,PsiTrends site steward,legacy-preservation,No relocation or deletion authorized by missing metrics,Preserve existing URL and useful content; review claims in context,public crawl2026-09-22,"HTTP status, visible content, locale and links",No mutation; retain paired private pre-release backup
https://psitrends.com/ru/cat-train-ru/advanced-ru/tantra-ru,https://psitrends.com/ru/cat-train-ru/advanced-ru/tantra-ru,KEEP,ru,200,https://psitrends.com/ru/cat-train-ru/advanced-ru/tantra-ru,,CLAIM REVIEW,Telegram,65,PROCESSING—property verified2026-09-22,NOT EXPORTED—do not infer zero,NOT AVAILABLE,PRESERVE; individual editorial review pending,PsiTrends site steward,legacy-preservation,No relocation or deletion authorized by missing metrics,Preserve existing URL and useful content; review claims in context,public crawl2026-09-22,"HTTP status, visible content, locale and links",No mutation; retain paired private pre-release backup
https://psitrends.com/ru/cat-train-ru/advanced-ru/runes-business-ru,https://psitrends.com/ru/cat-train-ru/advanced-ru/runes-business-ru,KEEP,ru,200,https://psitrends.com/ru/cat-train-ru/advanced-ru/runes-business-ru,,CLAIM REVIEW,Telegram | WhatsApp,65,PROCESSING—property verified2026-09-22,NOT EXPORTED—do not infer zero,NOT AVAILABLE,PRESERVE; individual editorial review pending,PsiTrends site steward,legacy-preservation,No relocation or deletion authorized by missing metrics,Preserve existing URL and useful content; review claims in context,public crawl2026-09-22,"HTTP status, visible content, locale and links",No mutation; retain paired private pre-release backup
https://psitrends.com/ru/cat-train-ru/advanced-ru/myst-ru,https://psitrends.com/ru/cat-train-ru/advanced-ru/myst-ru,KEEP,ru,200,https://psitrends.com/ru/cat-train-ru/advanced-ru/myst-ru,,CLAIM REVIEW,Google Form | Telegram | WhatsApp,65,PROCESSING—property verified2026-09-22,NOT EXPORTED—do not infer zero,NOT AVAILABLE,PRESERVE; individual editorial review pending,PsiTrends site steward,legacy-preservation,No relocation or deletion authorized by missing metrics,Preserve existing URL and useful content; review claims in context,public crawl2026-09-22,"HTTP status, visible content, locale and links",No mutation; retain paired private pre-release backup
https://psitrends.com/ru/cat-train-ru/advanced-ru/element,https://psitrends.com/ru/cat-train-ru/advanced-ru/element,KEEP,ru,200,https://psitrends.com/ru/cat-train-ru/advanced-ru/element,,CLAIM REVIEW,Telegram | WhatsApp,65,PROCESSING—property verified2026-09-22,NOT EXPORTED—do not infer zero,NOT AVAILABLE,PRESERVE; individual editorial review pending,PsiTrends site steward,legacy-preservation,No relocation or deletion authorized by missing metrics,Preserve existing URL and useful content; review claims in context,public crawl2026-09-22,"HTTP status, visible content, locale and links",No mutation; retain paired private pre-release backup
https://psitrends.com/ru/cat-train-ru/advanced-ru/hypno-love-ru,https://psitrends.com/ru/cat-train-ru/advanced-ru/hypno-love-ru,KEEP,ru,200,https://psitrends.com/ru/cat-train-ru/advanced-ru/hypno-love-ru,,CLAIM REVIEW,Telegram | WhatsApp,65,PROCESSING—property verified2026-09-22,NOT EXPORTED—do not infer zero,NOT AVAILABLE,PRESERVE; individual editorial review pending,PsiTrends site steward,legacy-preservation,No relocation or deletion authorized by missing metrics,Preserve existing URL and useful content; review claims in context,public crawl2026-09-22,"HTTP status, visible content, locale and links",No mutation; retain paired private pre-release backup
https://psitrends.com/ru/cat-train-ru/advanced-ru/gypno-egypt,https://psitrends.com/ru/cat-train-ru/advanced-ru/gypno-egypt,KEEP,ru,200,https://psitrends.com/ru/cat-train-ru/advanced-ru/gypno-egypt,,CLAIM REVIEW,Telegram | WhatsApp,65,PROCESSING—property verified2026-09-22,NOT EXPORTED—do not infer zero,NOT AVAILABLE,PRESERVE; individual editorial review pending,PsiTrends site steward,legacy-preservation,No relocation or deletion authorized by missing metrics,Preserve existing URL and useful content; review claims in context,public crawl2026-09-22,"HTTP status, visible content, locale and links",No mutation; retain paired private pre-release backup
https://psitrends.com/%D1%81ourse-swap,https://psitrends.com/%D1%81ourse-swap,KEEP,en,200,https://psitrends.com/%D1%81ourse-swap,,EDUCATIONAL RESOURCE,Telegram | WhatsApp,2,PROCESSING—property verified2026-09-22,NOT EXPORTED—do not infer zero,NOT AVAILABLE,PRESERVE; individual editorial review pending,PsiTrends site steward,legacy-preservation,No relocation or deletion authorized by missing metrics,Preserve existing URL and useful content; review claims in context,public crawl2026-09-22,"HTTP status, visible content, locale and links",No mutation; retain paired private pre-release backup
https://psitrends.com/studies/adv/elemental-en,https://psitrends.com/studies/adv/elemental-en,KEEP,en,200,https://psitrends.com/studies/adv/elemental-en,,CLAIM REVIEW,Telegram | WhatsApp,80,PROCESSING—property verified2026-09-22,NOT EXPORTED—do not infer zero,NOT AVAILABLE,PRESERVE; individual editorial review pending,PsiTrends site steward,legacy-preservation,No relocation or deletion authorized by missing metrics,Preserve existing URL and useful content; review claims in context,public crawl2026-09-22,"HTTP status, visible content, locale and links",No mutation; retain paired private pre-release backup
https://psitrends.com/ru/archetypal-diagnostics-form-ru,https://psitrends.com/ru/archetypal-diagnostics-form-ru,KEEP,ru,200,https://psitrends.com/ru/archetypal-diagnostics-form-ru,,EDUCATIONAL RESOURCE,,1,PROCESSING—property verified2026-09-22,NOT EXPORTED—do not infer zero,NOT AVAILABLE,PRESERVE; individual editorial review pending,PsiTrends site steward,legacy-preservation,No relocation or deletion authorized by missing metrics,Preserve existing URL and useful content; review claims in context,public crawl2026-09-22,"HTTP status, visible content, locale and links",No mutation; retain paired private pre-release backup
https://psitrends.com/studies/adv/elemental-water,https://psitrends.com/studies/adv/elemental-water,KEEP,en,200,https://psitrends.com/studies/adv/elemental-water,,CLAIM REVIEW,Telegram | WhatsApp,80,PROCESSING—property verified2026-09-22,NOT EXPORTED—do not infer zero,NOT AVAILABLE,PRESERVE; individual editorial review pending,PsiTrends site steward,legacy-preservation,No relocation or deletion authorized by missing metrics,Preserve existing URL and useful content; review claims in context,public crawl2026-09-22,"HTTP status, visible content, locale and links",No mutation; retain paired private pre-release backup
https://psitrends.com/categories,https://psitrends.com/categories,KEEP,en,200,https://psitrends.com/categories,,CLAIM REVIEW,Telegram | WhatsApp,2,PROCESSING—property verified2026-09-22,NOT EXPORTED—do not infer zero,NOT AVAILABLE,PRESERVE; individual editorial review pending,PsiTrends site steward,legacy-preservation,No relocation or deletion authorized by missing metrics,Preserve existing URL and useful content; review claims in context,public crawl2026-09-22,"HTTP status, visible content, locale and links",No mutation; retain paired private pre-release backup
https://psitrends.com/%D1%81ategories-therapy,https://psitrends.com/%D1%81ategories-therapy,KEEP,en,200,https://psitrends.com/%D1%81ategories-therapy,,EDUCATIONAL RESOURCE,,1,PROCESSING—property verified2026-09-22,NOT EXPORTED—do not infer zero,NOT AVAILABLE,PRESERVE; individual editorial review pending,PsiTrends site steward,legacy-preservation,No relocation or deletion authorized by missing metrics,Preserve existing URL and useful content; review claims in context,public crawl2026-09-22,"HTTP status, visible content, locale and links",No mutation; retain paired private pre-release backup
https://psitrends.com/%D1%81ategories-train,https://psitrends.com/%D1%81ategories-train,KEEP,en,200,https://psitrends.com/%D1%81ategories-train,,EDUCATIONAL RESOURCE,,1,PROCESSING—property verified2026-09-22,NOT EXPORTED—do not infer zero,NOT AVAILABLE,PRESERVE; individual editorial review pending,PsiTrends site steward,legacy-preservation,No relocation or deletion authorized by missing metrics,Preserve existing URL and useful content; review claims in context,public crawl2026-09-22,"HTTP status, visible content, locale and links",No mutation; retain paired private pre-release backup
https://psitrends.com/studies,https://psitrends.com/studies,KEEP,en,200,https://psitrends.com/studies,,CLAIM REVIEW,WhatsApp,80,PROCESSING—property verified2026-09-22,NOT EXPORTED—do not infer zero,NOT AVAILABLE,PRESERVE; individual editorial review pending,PsiTrends site steward,legacy-preservation,No relocation or deletion authorized by missing metrics,Preserve existing URL and useful content; review claims in context,public crawl2026-09-22,"HTTP status, visible content, locale and links",No mutation; retain paired private pre-release backup
https://psitrends.com/studies/adv,https://psitrends.com/studies/adv,KEEP,en,200,https://psitrends.com/studies/adv,,EDUCATIONAL RESOURCE,,80,PROCESSING—property verified2026-09-22,NOT EXPORTED—do not infer zero,NOT AVAILABLE,PRESERVE; individual editorial review pending,PsiTrends site steward,legacy-preservation,No relocation or deletion authorized by missing metrics,Preserve existing URL and useful content; review claims in context,public crawl2026-09-22,"HTTP status, visible content, locale and links",No mutation; retain paired private pre-release backup
https://psitrends.com/course,https://psitrends.com/course,KEEP,en,200,https://psitrends.com/course,,EDUCATIONAL RESOURCE,,2,PROCESSING—property verified2026-09-22,NOT EXPORTED—do not infer zero,NOT AVAILABLE,PRESERVE; individual editorial review pending,PsiTrends site steward,legacy-preservation,No relocation or deletion authorized by missing metrics,Preserve existing URL and useful content; review claims in context,public crawl2026-09-22,"HTTP status, visible content, locale and links",No mutation; retain paired private pre-release backup
https://psitrends.com/ru/cat-train-ru,https://psitrends.com/ru/cat-train-ru,KEEP,ru,200,https://psitrends.com/ru/cat-train-ru,,CLAIM REVIEW,Telegram,65,PROCESSING—property verified2026-09-22,NOT EXPORTED—do not infer zero,NOT AVAILABLE,PRESERVE; individual editorial review pending,PsiTrends site steward,legacy-preservation,No relocation or deletion authorized by missing metrics,Preserve existing URL and useful content; review claims in context,public crawl2026-09-22,"HTTP status, visible content, locale and links",No mutation; retain paired private pre-release backup
https://psitrends.com/ru/cat-train-ru/advanced-ru,https://psitrends.com/ru/cat-train-ru/advanced-ru,KEEP,ru,200,https://psitrends.com/ru/cat-train-ru/advanced-ru,,EDUCATIONAL RESOURCE,,65,PROCESSING—property verified2026-09-22,NOT EXPORTED—do not infer zero,NOT AVAILABLE,PRESERVE; individual editorial review pending,PsiTrends site steward,legacy-preservation,No relocation or deletion authorized by missing metrics,Preserve existing URL and useful content; review claims in context,public crawl2026-09-22,"HTTP status, visible content, locale and links",No mutation; retain paired private pre-release backup
https://psitrends.com/ru/cat-train-ru/about-us-ru,https://psitrends.com/ru/cat-train-ru/about-us-ru,KEEP,ru,200,https://psitrends.com/ru/cat-train-ru/about-us-ru,,CLAIM REVIEW,Telegram,65,PROCESSING—property verified2026-09-22,NOT EXPORTED—do not infer zero,NOT AVAILABLE,PRESERVE; individual editorial review pending,PsiTrends site steward,legacy-preservation,No relocation or deletion authorized by missing metrics,Preserve existing URL and useful content; review claims in context,public crawl2026-09-22,"HTTP status, visible content, locale and links",No mutation; retain paired private pre-release backup
https://psitrends.com/studies/adv/artifacts,https://psitrends.com/studies/adv/artifacts,KEEP,en,200,https://psitrends.com/studies/adv/artifacts,,CLAIM REVIEW,WhatsApp,80,PROCESSING—property verified2026-09-22,NOT EXPORTED—do not infer zero,NOT AVAILABLE,PRESERVE; individual editorial review pending,PsiTrends site steward,legacy-preservation,No relocation or deletion authorized by missing metrics,Preserve existing URL and useful content; review claims in context,public crawl2026-09-22,"HTTP status, visible content, locale and links",No mutation; retain paired private pre-release backup
https://psitrends.com/ru/cat-train-ru/shkola-rejki-iggdrasil,https://psitrends.com/ru/cat-train-ru/shkola-rejki-iggdrasil,KEEP,ru,200,https://psitrends.com/ru/cat-train-ru/shkola-rejki-iggdrasil,,CLAIM REVIEW,Telegram,65,PROCESSING—property verified2026-09-22,NOT EXPORTED—do not infer zero,NOT AVAILABLE,PRESERVE; individual editorial review pending,PsiTrends site steward,legacy-preservation,No relocation or deletion authorized by missing metrics,Preserve existing URL and useful content; review claims in context,public crawl2026-09-22,"HTTP status, visible content, locale and links",No mutation; retain paired private pre-release backup
https://psitrends.com/ru/cat-train-ru/advanced-ru/knigi,https://psitrends.com/ru/cat-train-ru/advanced-ru/knigi,KEEP,ru,200,https://psitrends.com/ru/cat-train-ru/advanced-ru/knigi,,CLAIM REVIEW,Telegram,65,PROCESSING—property verified2026-09-22,NOT EXPORTED—do not infer zero,NOT AVAILABLE,PRESERVE; individual editorial review pending,PsiTrends site steward,legacy-preservation,No relocation or deletion authorized by missing metrics,Preserve existing URL and useful content; review claims in context,public crawl2026-09-22,"HTTP status, visible content, locale and links",No mutation; retain paired private pre-release backup
https://psitrends.com/ru/video-kursy,https://psitrends.com/ru/video-kursy,KEEP,ru,200,https://psitrends.com/ru/video-kursy,,CLAIM REVIEW,Telegram,65,PROCESSING—property verified2026-09-22,NOT EXPORTED—do not infer zero,NOT AVAILABLE,PRESERVE; individual editorial review pending,PsiTrends site steward,legacy-preservation,No relocation or deletion authorized by missing metrics,Preserve existing URL and useful content; review claims in context,public crawl2026-09-22,"HTTP status, visible content, locale and links",No mutation; retain paired private pre-release backup
https://psitrends.com/ru/video-kursy/meditatsii-solntsa,https://psitrends.com/ru/video-kursy/meditatsii-solntsa,KEEP,ru,200,https://psitrends.com/ru/video-kursy/meditatsii-solntsa,,CLAIM REVIEW,Telegram,65,PROCESSING—property verified2026-09-22,NOT EXPORTED—do not infer zero,NOT AVAILABLE,PRESERVE; individual editorial review pending,PsiTrends site steward,legacy-preservation,No relocation or deletion authorized by missing metrics,Preserve existing URL and useful content; review claims in context,public crawl2026-09-22,"HTTP status, visible content, locale and links",No mutation; retain paired private pre-release backup
https://psitrends.com/ru/video-kursy/kurs-grecheskie-misterii-kanal-demetry,https://psitrends.com/ru/video-kursy/kurs-grecheskie-misterii-kanal-demetry,KEEP,ru,200,https://psitrends.com/ru/video-kursy/kurs-grecheskie-misterii-kanal-demetry,,CLAIM REVIEW,Telegram,65,PROCESSING—property verified2026-09-22,NOT EXPORTED—do not infer zero,NOT AVAILABLE,PRESERVE; individual editorial review pending,PsiTrends site steward,legacy-preservation,No relocation or deletion authorized by missing metrics,Preserve existing URL and useful content; review claims in context,public crawl2026-09-22,"HTTP status, visible content, locale and links",No mutation; retain paired private pre-release backup
https://psitrends.com/ru/video-kursy/kurs-sila-planet,https://psitrends.com/ru/video-kursy/kurs-sila-planet,KEEP,ru,200,https://psitrends.com/ru/video-kursy/kurs-sila-planet,,CLAIM REVIEW,Telegram,65,PROCESSING—property verified2026-09-22,NOT EXPORTED—do not infer zero,NOT AVAILABLE,PRESERVE; individual editorial review pending,PsiTrends site steward,legacy-preservation,No relocation or deletion authorized by missing metrics,Preserve existing URL and useful content; review claims in context,public crawl2026-09-22,"HTTP status, visible content, locale and links",No mutation; retain paired private pre-release backup
https://psitrends.com/ru/video-kursy/meditatsii-sily-i-zashchity,https://psitrends.com/ru/video-kursy/meditatsii-sily-i-zashchity,KEEP,ru,200,https://psitrends.com/ru/video-kursy/meditatsii-sily-i-zashchity,,CLAIM REVIEW,Telegram,65,PROCESSING—property verified2026-09-22,NOT EXPORTED—do not infer zero,NOT AVAILABLE,PRESERVE; individual editorial review pending,PsiTrends site steward,legacy-preservation,No relocation or deletion authorized by missing metrics,Preserve existing URL and useful content; review claims in context,public crawl2026-09-22,"HTTP status, visible content, locale and links",No mutation; retain paired private pre-release backup
https://psitrends.com/ru/video-kursy/arkhetipy-majya,https://psitrends.com/ru/video-kursy/arkhetipy-majya,KEEP,ru,200,https://psitrends.com/ru/video-kursy/arkhetipy-majya,,CLAIM REVIEW,Telegram,65,PROCESSING—property verified2026-09-22,NOT EXPORTED—do not infer zero,NOT AVAILABLE,PRESERVE; individual editorial review pending,PsiTrends site steward,legacy-preservation,No relocation or deletion authorized by missing metrics,Preserve existing URL and useful content; review claims in context,public crawl2026-09-22,"HTTP status, visible content, locale and links",No mutation; retain paired private pre-release backup
https://psitrends.com/ru/video-kursy/kurs-zhrechestvo-egipta-osiris,https://psitrends.com/ru/video-kursy/kurs-zhrechestvo-egipta-osiris,KEEP,ru,200,https://psitrends.com/ru/video-kursy/kurs-zhrechestvo-egipta-osiris,,CLAIM REVIEW,Telegram,65,PROCESSING—property verified2026-09-22,NOT EXPORTED—do not infer zero,NOT AVAILABLE,PRESERVE; individual editorial review pending,PsiTrends site steward,legacy-preservation,No relocation or deletion authorized by missing metrics,Preserve existing URL and useful content; review claims in context,public crawl2026-09-22,"HTTP status, visible content, locale and links",No mutation; retain paired private pre-release backup
https://psitrends.com/ru/video-kursy/kurs-misterii-dionisa,https://psitrends.com/ru/video-kursy/kurs-misterii-dionisa,KEEP,ru,200,https://psitrends.com/ru/video-kursy/kurs-misterii-dionisa,,CLAIM REVIEW,Telegram,65,PROCESSING—property verified2026-09-22,NOT EXPORTED—do not infer zero,NOT AVAILABLE,PRESERVE; individual editorial review pending,PsiTrends site steward,legacy-preservation,No relocation or deletion authorized by missing metrics,Preserve existing URL and useful content; review claims in context,public crawl2026-09-22,"HTTP status, visible content, locale and links",No mutation; retain paired private pre-release backup
https://psitrends.com/business,https://psitrends.com/business,KEEP,en,200,https://psitrends.com/business,,CLAIM REVIEW,Telegram | WhatsApp,80,PROCESSING—property verified2026-09-22,NOT EXPORTED—do not infer zero,NOT AVAILABLE,PRESERVE; individual editorial review pending,PsiTrends site steward,legacy-preservation,No relocation or deletion authorized by missing metrics,Preserve existing URL and useful content; review claims in context,public crawl2026-09-22,"HTTP status, visible content, locale and links",No mutation; retain paired private pre-release backup
https://psitrends.com/therapy/alchemy,https://psitrends.com/therapy/alchemy,KEEP,en,200,https://psitrends.com/therapy/alchemy,,CLAIM REVIEW,WhatsApp,80,PROCESSING—property verified2026-09-22,NOT EXPORTED—do not infer zero,NOT AVAILABLE,PRESERVE; individual editorial review pending,PsiTrends site steward,legacy-preservation,No relocation or deletion authorized by missing metrics,Preserve existing URL and useful content; review claims in context,public crawl2026-09-22,"HTTP status, visible content, locale and links",No mutation; retain paired private pre-release backup
https://psitrends.com/studies/meditations-of-the-sun,https://psitrends.com/studies/meditations-of-the-sun,KEEP,en,200,https://psitrends.com/studies/meditations-of-the-sun,,CLAIM REVIEW,WhatsApp,80,PROCESSING—property verified2026-09-22,NOT EXPORTED—do not infer zero,NOT AVAILABLE,PRESERVE; individual editorial review pending,PsiTrends site steward,legacy-preservation,No relocation or deletion authorized by missing metrics,Preserve existing URL and useful content; review claims in context,public crawl2026-09-22,"HTTP status, visible content, locale and links",No mutation; retain paired private pre-release backup
https://psitrends.com/studies/books,https://psitrends.com/studies/books,KEEP,en,200,https://psitrends.com/studies/books,,CLAIM REVIEW,WhatsApp,80,PROCESSING—property verified2026-09-22,NOT EXPORTED—do not infer zero,NOT AVAILABLE,PRESERVE; individual editorial review pending,PsiTrends site steward,legacy-preservation,No relocation or deletion authorized by missing metrics,Preserve existing URL and useful content; review claims in context,public crawl2026-09-22,"HTTP status, visible content, locale and links",No mutation; retain paired private pre-release backup
https://psitrends.com/mysteries/mysteries-of-love,https://psitrends.com/mysteries/mysteries-of-love,KEEP,en,200,https://psitrends.com/mysteries/mysteries-of-love,,CLAIM REVIEW,Telegram | WhatsApp,80,PROCESSING—property verified2026-09-22,NOT EXPORTED—do not infer zero,NOT AVAILABLE,PRESERVE; individual editorial review pending,PsiTrends site steward,legacy-preservation,No relocation or deletion authorized by missing metrics,Preserve existing URL and useful content; review claims in context,public crawl2026-09-22,"HTTP status, visible content, locale and links",No mutation; retain paired private pre-release backup
https://psitrends.com/ru/cat-train-ru/skoly/misterii-gretsii,https://psitrends.com/ru/cat-train-ru/skoly/misterii-gretsii,KEEP,ru,200,https://psitrends.com/ru/cat-train-ru/skoly/misterii-gretsii,,CLAIM REVIEW,Telegram,65,PROCESSING—property verified2026-09-22,NOT EXPORTED—do not infer zero,NOT AVAILABLE,PRESERVE; individual editorial review pending,PsiTrends site steward,legacy-preservation,No relocation or deletion authorized by missing metrics,Preserve existing URL and useful content; review claims in context,public crawl2026-09-22,"HTTP status, visible content, locale and links",No mutation; retain paired private pre-release backup
https://psitrends.com/ru/cat-train-ru/skoly/severnaya-magiya-run,https://psitrends.com/ru/cat-train-ru/skoly/severnaya-magiya-run,KEEP,ru,200,https://psitrends.com/ru/cat-train-ru/skoly/severnaya-magiya-run,,EDUCATIONAL RESOURCE,Telegram,65,PROCESSING—property verified2026-09-22,NOT EXPORTED—do not infer zero,NOT AVAILABLE,PRESERVE; individual editorial review pending,PsiTrends site steward,legacy-preservation,No relocation or deletion authorized by missing metrics,Preserve existing URL and useful content; review claims in context,public crawl2026-09-22,"HTTP status, visible content, locale and links",No mutation; retain paired private pre-release backup
https://psitrends.com/ru/cat-train-ru/skoly/misterii-egipta,https://psitrends.com/ru/cat-train-ru/skoly/misterii-egipta,KEEP,ru,200,https://psitrends.com/ru/cat-train-ru/skoly/misterii-egipta,,CLAIM REVIEW,Telegram,65,PROCESSING—property verified2026-09-22,NOT EXPORTED—do not infer zero,NOT AVAILABLE,PRESERVE; individual editorial review pending,PsiTrends site steward,legacy-preservation,No relocation or deletion authorized by missing metrics,Preserve existing URL and useful content; review claims in context,public crawl2026-09-22,"HTTP status, visible content, locale and links",No mutation; retain paired private pre-release backup
https://psitrends.com/ru/biznes,https://psitrends.com/ru/biznes,KEEP,ru,200,https://psitrends.com/ru/biznes,,CLAIM REVIEW,Telegram,65,PROCESSING—property verified2026-09-22,NOT EXPORTED—do not infer zero,NOT AVAILABLE,PRESERVE; individual editorial review pending,PsiTrends site steward,legacy-preservation,No relocation or deletion authorized by missing metrics,Preserve existing URL and useful content; review claims in context,public crawl2026-09-22,"HTTP status, visible content, locale and links",No mutation; retain paired private pre-release backup
https://psitrends.com/ru/misterii/podskazki-bogov,https://psitrends.com/ru/misterii/podskazki-bogov,KEEP,ru,200,https://psitrends.com/ru/misterii/podskazki-bogov,,CLAIM REVIEW,Google Form | Telegram | WhatsApp,65,PROCESSING—property verified2026-09-22,NOT EXPORTED—do not infer zero,NOT AVAILABLE,PRESERVE; individual editorial review pending,PsiTrends site steward,legacy-preservation,No relocation or deletion authorized by missing metrics,Preserve existing URL and useful content; review claims in context,public crawl2026-09-22,"HTTP status, visible content, locale and links",No mutation; retain paired private pre-release backup
https://psitrends.com/ru/thrpy-ru/arkhetipicheskaya-gomeopatiya,https://psitrends.com/ru/thrpy-ru/arkhetipicheskaya-gomeopatiya,KEEP,ru,200,https://psitrends.com/ru/thrpy-ru/arkhetipicheskaya-gomeopatiya,,CLAIM REVIEW,Telegram,65,PROCESSING—property verified2026-09-22,NOT EXPORTED—do not infer zero,NOT AVAILABLE,PRESERVE; individual editorial review pending,PsiTrends site steward,legacy-preservation,No relocation or deletion authorized by missing metrics,Preserve existing URL and useful content; review claims in context,public crawl2026-09-22,"HTTP status, visible content, locale and links",No mutation; retain paired private pre-release backup
https://psitrends.com/ru/thrpy-ru/obraznaya-psikhoterapiya,https://psitrends.com/ru/thrpy-ru/obraznaya-psikhoterapiya,KEEP,ru,200,https://psitrends.com/ru/thrpy-ru/obraznaya-psikhoterapiya,,CLAIM REVIEW,Telegram | WhatsApp,65,PROCESSING—property verified2026-09-22,NOT EXPORTED—do not infer zero,NOT AVAILABLE,PRESERVE; individual editorial review pending,PsiTrends site steward,legacy-preservation,No relocation or deletion authorized by missing metrics,Preserve existing URL and useful content; review claims in context,public crawl2026-09-22,"HTTP status, visible content, locale and links",No mutation; retain paired private pre-release backup
https://psitrends.com/ru/misterii/malye-misterii-arkhetipy-lyubvi,https://psitrends.com/ru/misterii/malye-misterii-arkhetipy-lyubvi,KEEP,ru,200,https://psitrends.com/ru/misterii/malye-misterii-arkhetipy-lyubvi,,CLAIM REVIEW,Telegram | WhatsApp,65,PROCESSING—property verified2026-09-22,NOT EXPORTED—do not infer zero,NOT AVAILABLE,PRESERVE; individual editorial review pending,PsiTrends site steward,legacy-preservation,No relocation or deletion authorized by missing metrics,Preserve existing URL and useful content; review claims in context,public crawl2026-09-22,"HTTP status, visible content, locale and links",No mutation; retain paired private pre-release backup
https://psitrends.com/ru/misterii/bolshie-misterii-arkhetipy-bogov,https://psitrends.com/ru/misterii/bolshie-misterii-arkhetipy-bogov,KEEP,ru,200,https://psitrends.com/ru/misterii/bolshie-misterii-arkhetipy-bogov,,CLAIM REVIEW,Google Form | Telegram | WhatsApp,65,PROCESSING—property verified2026-09-22,NOT EXPORTED—do not infer zero,NOT AVAILABLE,PRESERVE; individual editorial review pending,PsiTrends site steward,legacy-preservation,No relocation or deletion authorized by missing metrics,Preserve existing URL and useful content; review claims in context,public crawl2026-09-22,"HTTP status, visible content, locale and links",No mutation; retain paired private pre-release backup
https://psitrends.com/ru/misterii,https://psitrends.com/ru/misterii,KEEP,ru,200,https://psitrends.com/ru/misterii,,CLAIM REVIEW,Telegram,65,PROCESSING—property verified2026-09-22,NOT EXPORTED—do not infer zero,NOT AVAILABLE,PRESERVE; individual editorial review pending,PsiTrends site steward,legacy-preservation,No relocation or deletion authorized by missing metrics,Preserve existing URL and useful content; review claims in context,public crawl2026-09-22,"HTTP status, visible content, locale and links",No mutation; retain paired private pre-release backup
https://psitrends.com/business/process-support-mandala,https://psitrends.com/business/process-support-mandala,KEEP,en,200,https://psitrends.com/business/process-support-mandala,,CLAIM REVIEW,WhatsApp,80,PROCESSING—property verified2026-09-22,NOT EXPORTED—do not infer zero,NOT AVAILABLE,PRESERVE; individual editorial review pending,PsiTrends site steward,legacy-preservation,No relocation or deletion authorized by missing metrics,Preserve existing URL and useful content; review claims in context,public crawl2026-09-22,"HTTP status, visible content, locale and links",No mutation; retain paired private pre-release backup
https://psitrends.com/mysteries,https://psitrends.com/mysteries,KEEP,en,200,https://psitrends.com/mysteries,,CLAIM REVIEW,WhatsApp,80,PROCESSING—property verified2026-09-22,NOT EXPORTED—do not infer zero,NOT AVAILABLE,PRESERVE; individual editorial review pending,PsiTrends site steward,legacy-preservation,No relocation or deletion authorized by missing metrics,Preserve existing URL and useful content; review claims in context,public crawl2026-09-22,"HTTP status, visible content, locale and links",No mutation; retain paired private pre-release backup
https://psitrends.com/mysteries/great-mysteries-archetypes-of-the-gods,https://psitrends.com/mysteries/great-mysteries-archetypes-of-the-gods,KEEP,en,200,https://psitrends.com/mysteries/great-mysteries-archetypes-of-the-gods,,CLAIM REVIEW,Telegram | WhatsApp,80,PROCESSING—property verified2026-09-22,NOT EXPORTED—do not infer zero,NOT AVAILABLE,PRESERVE; individual editorial review pending,PsiTrends site steward,legacy-preservation,No relocation or deletion authorized by missing metrics,Preserve existing URL and useful content; review claims in context,public crawl2026-09-22,"HTTP status, visible content, locale and links",No mutation; retain paired private pre-release backup
https://psitrends.com/ru/thrpy-ru/1-ur-terapiya-lichnosti-gomeopatiya,https://psitrends.com/ru/thrpy-ru/1-ur-terapiya-lichnosti-gomeopatiya,KEEP,ru,200,https://psitrends.com/ru/thrpy-ru/1-ur-terapiya-lichnosti-gomeopatiya,,CLAIM REVIEW,Telegram,65,PROCESSING—property verified2026-09-22,NOT EXPORTED—do not infer zero,NOT AVAILABLE,PRESERVE; individual editorial review pending,PsiTrends site steward,legacy-preservation,No relocation or deletion authorized by missing metrics,Preserve existing URL and useful content; review claims in context,public crawl2026-09-22,"HTTP status, visible content, locale and links",No mutation; retain paired private pre-release backup
https://psitrends.com/ru/thrpy-ru/2-ur-terapiya-travm-gomeopatiya-sublichnostej,https://psitrends.com/ru/thrpy-ru/2-ur-terapiya-travm-gomeopatiya-sublichnostej,KEEP,ru,200,https://psitrends.com/ru/thrpy-ru/2-ur-terapiya-travm-gomeopatiya-sublichnostej,,CLAIM REVIEW,Telegram,65,PROCESSING—property verified2026-09-22,NOT EXPORTED—do not infer zero,NOT AVAILABLE,PRESERVE; individual editorial review pending,PsiTrends site steward,legacy-preservation,No relocation or deletion authorized by missing metrics,Preserve existing URL and useful content; review claims in context,public crawl2026-09-22,"HTTP status, visible content, locale and links",No mutation; retain paired private pre-release backup
https://psitrends.com/ru/thrpy-ru/3-ur-terapiya-opor-glubinnaya-gomeopatiya,https://psitrends.com/ru/thrpy-ru/3-ur-terapiya-opor-glubinnaya-gomeopatiya,KEEP,ru,200,https://psitrends.com/ru/thrpy-ru/3-ur-terapiya-opor-glubinnaya-gomeopatiya,,CLAIM REVIEW,Telegram,65,PROCESSING—property verified2026-09-22,NOT EXPORTED—do not infer zero,NOT AVAILABLE,PRESERVE; individual editorial review pending,PsiTrends site steward,legacy-preservation,No relocation or deletion authorized by missing metrics,Preserve existing URL and useful content; review claims in context,public crawl2026-09-22,"HTTP status, visible content, locale and links",No mutation; retain paired private pre-release backup
https://psitrends.com/ru/thrpy-ru/4-ur-terapiya-dukha-i-roda-sakralnaya-gomeopatiya,https://psitrends.com/ru/thrpy-ru/4-ur-terapiya-dukha-i-roda-sakralnaya-gomeopatiya,KEEP,ru,200,https://psitrends.com/ru/thrpy-ru/4-ur-terapiya-dukha-i-roda-sakralnaya-gomeopatiya,,CLAIM REVIEW,Telegram,65,PROCESSING—property verified2026-09-22,NOT EXPORTED—do not infer zero,NOT AVAILABLE,PRESERVE; individual editorial review pending,PsiTrends site steward,legacy-preservation,No relocation or deletion authorized by missing metrics,Preserve existing URL and useful content; review claims in context,public crawl2026-09-22,"HTTP status, visible content, locale and links",No mutation; retain paired private pre-release backup
https://psitrends.com/therapy/1st-lvl-personality-therapy-homeopathy,https://psitrends.com/therapy/1st-lvl-personality-therapy-homeopathy,KEEP,en,200,https://psitrends.com/therapy/1st-lvl-personality-therapy-homeopathy,,CLAIM REVIEW,WhatsApp,80,PROCESSING—property verified2026-09-22,NOT EXPORTED—do not infer zero,NOT AVAILABLE,PRESERVE; individual editorial review pending,PsiTrends site steward,legacy-preservation,No relocation or deletion authorized by missing metrics,Preserve existing URL and useful content; review claims in context,public crawl2026-09-22,"HTTP status, visible content, locale and links",No mutation; retain paired private pre-release backup
https://psitrends.com/therapy/2-lvl-trauma-therapy-homeopathy-of-subpersonalities,https://psitrends.com/therapy/2-lvl-trauma-therapy-homeopathy-of-subpersonalities,KEEP,en,200,https://psitrends.com/therapy/2-lvl-trauma-therapy-homeopathy-of-subpersonalities,,CLAIM REVIEW,WhatsApp,80,PROCESSING—property verified2026-09-22,NOT EXPORTED—do not infer zero,NOT AVAILABLE,PRESERVE; individual editorial review pending,PsiTrends site steward,legacy-preservation,No relocation or deletion authorized by missing metrics,Preserve existing URL and useful content; review claims in context,public crawl2026-09-22,"HTTP status, visible content, locale and links",No mutation; retain paired private pre-release backup
https://psitrends.com/therapy/3rd-lvl-support-therapy-deep-homeopathy,https://psitrends.com/therapy/3rd-lvl-support-therapy-deep-homeopathy,KEEP,en,200,https://psitrends.com/therapy/3rd-lvl-support-therapy-deep-homeopathy,,CLAIM REVIEW,WhatsApp,80,PROCESSING—property verified2026-09-22,NOT EXPORTED—do not infer zero,NOT AVAILABLE,PRESERVE; individual editorial review pending,PsiTrends site steward,legacy-preservation,No relocation or deletion authorized by missing metrics,Preserve existing URL and useful content; review claims in context,public crawl2026-09-22,"HTTP status, visible content, locale and links",No mutation; retain paired private pre-release backup
https://psitrends.com/therapy/4th-level-spirit-and-family-therapy-sacred-homeopathy,https://psitrends.com/therapy/4th-level-spirit-and-family-therapy-sacred-homeopathy,KEEP,en,200,https://psitrends.com/therapy/4th-level-spirit-and-family-therapy-sacred-homeopathy,,CLAIM REVIEW,WhatsApp,80,PROCESSING—property verified2026-09-22,NOT EXPORTED—do not infer zero,NOT AVAILABLE,PRESERVE; individual editorial review pending,PsiTrends site steward,legacy-preservation,No relocation or deletion authorized by missing metrics,Preserve existing URL and useful content; review claims in context,public crawl2026-09-22,"HTTP status, visible content, locale and links",No mutation; retain paired private pre-release backup
https://psitrends.com/ru/mandaly-i-artefakty,https://psitrends.com/ru/mandaly-i-artefakty,KEEP,ru,200,https://psitrends.com/ru/mandaly-i-artefakty,,CLAIM REVIEW,Telegram,65,PROCESSING—property verified2026-09-22,NOT EXPORTED—do not infer zero,NOT AVAILABLE,PRESERVE; individual editorial review pending,PsiTrends site steward,legacy-preservation,No relocation or deletion authorized by missing metrics,Preserve existing URL and useful content; review claims in context,public crawl2026-09-22,"HTTP status, visible content, locale and links",No mutation; retain paired private pre-release backup
https://psitrends.com/ru/mandaly-i-artefakty/mandala-velikoj-materi,https://psitrends.com/ru/mandaly-i-artefakty/mandala-velikoj-materi,KEEP,ru,200,https://psitrends.com/ru/mandaly-i-artefakty/mandala-velikoj-materi,,CLAIM REVIEW,Telegram,65,PROCESSING—property verified2026-09-22,NOT EXPORTED—do not infer zero,NOT AVAILABLE,PRESERVE; individual editorial review pending,PsiTrends site steward,legacy-preservation,No relocation or deletion authorized by missing metrics,Preserve existing URL and useful content; review claims in context,public crawl2026-09-22,"HTTP status, visible content, locale and links",No mutation; retain paired private pre-release backup
https://psitrends.com/ru/mandaly-i-artefakty/mandala-velikogo-ottsa,https://psitrends.com/ru/mandaly-i-artefakty/mandala-velikogo-ottsa,KEEP,ru,200,https://psitrends.com/ru/mandaly-i-artefakty/mandala-velikogo-ottsa,,CLAIM REVIEW,Telegram,65,PROCESSING—property verified2026-09-22,NOT EXPORTED—do not infer zero,NOT AVAILABLE,PRESERVE; individual editorial review pending,PsiTrends site steward,legacy-preservation,No relocation or deletion authorized by missing metrics,Preserve existing URL and useful content; review claims in context,public crawl2026-09-22,"HTTP status, visible content, locale and links",No mutation; retain paired private pre-release backup
https://psitrends.com/ru/mandaly-i-artefakty/mandala-sila-roda,https://psitrends.com/ru/mandaly-i-artefakty/mandala-sila-roda,KEEP,ru,200,https://psitrends.com/ru/mandaly-i-artefakty/mandala-sila-roda,,CLAIM REVIEW,Telegram,65,PROCESSING—property verified2026-09-22,NOT EXPORTED—do not infer zero,NOT AVAILABLE,PRESERVE; individual editorial review pending,PsiTrends site steward,legacy-preservation,No relocation or deletion authorized by missing metrics,Preserve existing URL and useful content; review claims in context,public crawl2026-09-22,"HTTP status, visible content, locale and links",No mutation; retain paired private pre-release backup
https://psitrends.com/mandalas-and-artifacts,https://psitrends.com/mandalas-and-artifacts,KEEP,en,200,https://psitrends.com/mandalas-and-artifacts,,EDUCATIONAL RESOURCE,WhatsApp,80,PROCESSING—property verified2026-09-22,NOT EXPORTED—do not infer zero,NOT AVAILABLE,PRESERVE; individual editorial review pending,PsiTrends site steward,legacy-preservation,No relocation or deletion authorized by missing metrics,Preserve existing URL and useful content; review claims in context,public crawl2026-09-22,"HTTP status, visible content, locale and links",No mutation; retain paired private pre-release backup
https://psitrends.com/mandalas-and-artifacts/mandala-of-the-great-mother,https://psitrends.com/mandalas-and-artifacts/mandala-of-the-great-mother,KEEP,en,200,https://psitrends.com/mandalas-and-artifacts/mandala-of-the-great-mother,,CLAIM REVIEW,WhatsApp,80,PROCESSING—property verified2026-09-22,NOT EXPORTED—do not infer zero,NOT AVAILABLE,PRESERVE; individual editorial review pending,PsiTrends site steward,legacy-preservation,No relocation or deletion authorized by missing metrics,Preserve existing URL and useful content; review claims in context,public crawl2026-09-22,"HTTP status, visible content, locale and links",No mutation; retain paired private pre-release backup
https://psitrends.com/mandalas-and-artifacts/mandala-of-the-great-father,https://psitrends.com/mandalas-and-artifacts/mandala-of-the-great-father,KEEP,en,200,https://psitrends.com/mandalas-and-artifacts/mandala-of-the-great-father,,EDUCATIONAL RESOURCE,WhatsApp,80,PROCESSING—property verified2026-09-22,NOT EXPORTED—do not infer zero,NOT AVAILABLE,PRESERVE; individual editorial review pending,PsiTrends site steward,legacy-preservation,No relocation or deletion authorized by missing metrics,Preserve existing URL and useful content; review claims in context,public crawl2026-09-22,"HTTP status, visible content, locale and links",No mutation; retain paired private pre-release backup
https://psitrends.com/mandalas-and-artifacts/mandala-power-of-the-family,https://psitrends.com/mandalas-and-artifacts/mandala-power-of-the-family,KEEP,en,200,https://psitrends.com/mandalas-and-artifacts/mandala-power-of-the-family,,CLAIM REVIEW,WhatsApp,80,PROCESSING—property verified2026-09-22,NOT EXPORTED—do not infer zero,NOT AVAILABLE,PRESERVE; individual editorial review pending,PsiTrends site steward,legacy-preservation,No relocation or deletion authorized by missing metrics,Preserve existing URL and useful content; review claims in context,public crawl2026-09-22,"HTTP status, visible content, locale and links",No mutation; retain paired private pre-release backup
https://psitrends.com/ru/thrpy-ru/stati,https://psitrends.com/ru/thrpy-ru/stati,KEEP,ru,200,https://psitrends.com/ru/thrpy-ru/stati,,CLAIM REVIEW,Telegram,65,PROCESSING—property verified2026-09-22,NOT EXPORTED—do not infer zero,NOT AVAILABLE,PRESERVE; individual editorial review pending,PsiTrends site steward,legacy-preservation,No relocation or deletion authorized by missing metrics,Preserve existing URL and useful content; review claims in context,public crawl2026-09-22,"HTTP status, visible content, locale and links",No mutation; retain paired private pre-release backup
https://psitrends.com/therapy/articles,https://psitrends.com/therapy/articles,KEEP,en,200,https://psitrends.com/therapy/articles,,CLAIM REVIEW,WhatsApp,80,PROCESSING—property verified2026-09-22,NOT EXPORTED—do not infer zero,NOT AVAILABLE,PRESERVE; individual editorial review pending,PsiTrends site steward,legacy-preservation,No relocation or deletion authorized by missing metrics,Preserve existing URL and useful content; review claims in context,public crawl2026-09-22,"HTTP status, visible content, locale and links",No mutation; retain paired private pre-release backup
https://psitrends.com/en/,https://psitrends.com/,KEEP,en,200,https://psitrends.com/,,CURRENT OFFER,Telegram | WhatsApp,126,PROCESSING—property verified2026-09-22,NOT EXPORTED—do not infer zero,NOT AVAILABLE,PRESERVE; individual editorial review pending,PsiTrends site steward,legacy-preservation,No relocation or deletion authorized by missing metrics,Preserve observed existing redirect; no new redirect,public crawl2026-09-22,"HTTP status, visible content, locale and links",No mutation; retain paired private pre-release backup
https://psitrends.com/categories-thrpy/thrpy,,KEEP,en,HTTP Error 404: Not Found,,,EDUCATIONAL RESOURCE,,3,PROCESSING—property verified2026-09-22,NOT EXPORTED—do not infer zero,NOT AVAILABLE,PRESERVE; individual editorial review pending,PsiTrends site steward,legacy-preservation,No relocation or deletion authorized by missing metrics,Preserve observed existing redirect; no new redirect,public crawl2026-09-22,"HTTP status, visible content, locale and links",No mutation; retain paired private pre-release backup
https://psitrends.com/contact-us,,KEEP,en,HTTP Error 404: Not Found,,,EDUCATIONAL RESOURCE,,1,PROCESSING—property verified2026-09-22,NOT EXPORTED—do not infer zero,NOT AVAILABLE,PRESERVE; individual editorial review pending,PsiTrends site steward,legacy-preservation,No relocation or deletion authorized by missing metrics,Preserve observed existing redirect; no new redirect,public crawl2026-09-22,"HTTP status, visible content, locale and links",No mutation; retain paired private pre-release backup
https://psitrends.com/ru/canada,https://psitrends.com/ru/canada,KEEP,ru,200,https://psitrends.com/ru/canada,,CLAIM REVIEW,,3,PROCESSING—property verified2026-09-22,NOT EXPORTED—do not infer zero,NOT AVAILABLE,PRESERVE; individual editorial review pending,PsiTrends site steward,legacy-preservation,No relocation or deletion authorized by missing metrics,Preserve existing URL and useful content; review claims in context,public crawl2026-09-22,"HTTP status, visible content, locale and links",No mutation; retain paired private pre-release backup
https://psitrends.com/ru/switzerland,https://psitrends.com/ru/switzerland,KEEP,ru,200,https://psitrends.com/ru/switzerland,,EDUCATIONAL RESOURCE,,3,PROCESSING—property verified2026-09-22,NOT EXPORTED—do not infer zero,NOT AVAILABLE,PRESERVE; individual editorial review pending,PsiTrends site steward,legacy-preservation,No relocation or deletion authorized by missing metrics,Preserve existing URL and useful content; review claims in context,public crawl2026-09-22,"HTTP status, visible content, locale and links",No mutation; retain paired private pre-release backup
https://psitrends.com/ru/norway,https://psitrends.com/ru/norway,KEEP,ru,200,https://psitrends.com/ru/norway,,CLAIM REVIEW,,3,PROCESSING—property verified2026-09-22,NOT EXPORTED—do not infer zero,NOT AVAILABLE,PRESERVE; individual editorial review pending,PsiTrends site steward,legacy-preservation,No relocation or deletion authorized by missing metrics,Preserve existing URL and useful content; review claims in context,public crawl2026-09-22,"HTTP status, visible content, locale and links",No mutation; retain paired private pre-release backup
https://psitrends.com/ru/portugal,https://psitrends.com/ru/portugal,KEEP,ru,200,https://psitrends.com/ru/portugal,,EDUCATIONAL RESOURCE,,3,PROCESSING—property verified2026-09-22,NOT EXPORTED—do not infer zero,NOT AVAILABLE,PRESERVE; individual editorial review pending,PsiTrends site steward,legacy-preservation,No relocation or deletion authorized by missing metrics,Preserve existing URL and useful content; review claims in context,public crawl2026-09-22,"HTTP status, visible content, locale and links",No mutation; retain paired private pre-release backup
https://psitrends.com/ru/diving,https://psitrends.com/ru/diving,KEEP,ru,200,https://psitrends.com/ru/diving,,CLAIM REVIEW,,3,PROCESSING—property verified2026-09-22,NOT EXPORTED—do not infer zero,NOT AVAILABLE,PRESERVE; individual editorial review pending,PsiTrends site steward,legacy-preservation,No relocation or deletion authorized by missing metrics,Preserve existing URL and useful content; review claims in context,public crawl2026-09-22,"HTTP status, visible content, locale and links",No mutation; retain paired private pre-release backup
https://psitrends.com/ru/rafting,https://psitrends.com/ru/rafting,KEEP,ru,200,https://psitrends.com/ru/rafting,,EDUCATIONAL RESOURCE,,3,PROCESSING—property verified2026-09-22,NOT EXPORTED—do not infer zero,NOT AVAILABLE,PRESERVE; individual editorial review pending,PsiTrends site steward,legacy-preservation,No relocation or deletion authorized by missing metrics,Preserve existing URL and useful content; review claims in context,public crawl2026-09-22,"HTTP status, visible content, locale and links",No mutation; retain paired private pre-release backup
https://psitrends.com/ru/rock-clambing,https://psitrends.com/ru/rock-clambing,KEEP,ru,200,https://psitrends.com/ru/rock-clambing,,EDUCATIONAL RESOURCE,,3,PROCESSING—property verified2026-09-22,NOT EXPORTED—do not infer zero,NOT AVAILABLE,PRESERVE; individual editorial review pending,PsiTrends site steward,legacy-preservation,No relocation or deletion authorized by missing metrics,Preserve existing URL and useful content; review claims in context,public crawl2026-09-22,"HTTP status, visible content, locale and links",No mutation; retain paired private pre-release backup
https://psitrends.com/ru/packages,https://psitrends.com/ru/packages,KEEP,ru,200,https://psitrends.com/ru/packages,,EDUCATIONAL RESOURCE,,3,PROCESSING—property verified2026-09-22,NOT EXPORTED—do not infer zero,NOT AVAILABLE,PRESERVE; individual editorial review pending,PsiTrends site steward,legacy-preservation,No relocation or deletion authorized by missing metrics,Preserve existing URL and useful content; review claims in context,public crawl2026-09-22,"HTTP status, visible content, locale and links",No mutation; retain paired private pre-release backup
https://psitrends.com/ru/your-profile,https://psitrends.com/ru/your-profile?view=login,KEEP,ru,200,https://psitrends.com/ru/your-profile?view=login,,EDUCATIONAL RESOURCE,,2,PROCESSING—property verified2026-09-22,NOT EXPORTED—do not infer zero,NOT AVAILABLE,PRESERVE; individual editorial review pending,PsiTrends site steward,legacy-preservation,No relocation or deletion authorized by missing metrics,Preserve observed existing redirect; no new redirect,public crawl2026-09-22,"HTTP status, visible content, locale and links",No mutation; retain paired private pre-release backup
https://psitrends.com/ru/submit-an-article,,KEEP,ru,HTTP Error 403: Forbidden,,,EDUCATIONAL RESOURCE,,1,PROCESSING—property verified2026-09-22,NOT EXPORTED—do not infer zero,NOT AVAILABLE,PRESERVE; individual editorial review pending,PsiTrends site steward,legacy-preservation,No relocation or deletion authorized by missing metrics,Preserve observed existing redirect; no new redirect,public crawl2026-09-22,"HTTP status, visible content, locale and links",No mutation; retain paired private pre-release backup
https://psitrends.com/ru/thank-you,https://psitrends.com/ru/thank-you,KEEP,ru,200,https://psitrends.com/ru/thank-you,,EDUCATIONAL RESOURCE,,3,PROCESSING—property verified2026-09-22,NOT EXPORTED—do not infer zero,NOT AVAILABLE,PRESERVE; individual editorial review pending,PsiTrends site steward,legacy-preservation,No relocation or deletion authorized by missing metrics,Preserve existing URL and useful content; review claims in context,public crawl2026-09-22,"HTTP status, visible content, locale and links",No mutation; retain paired private pre-release backup
https://psitrends.com/ru/fest,https://psitrends.com/ru/fest,KEEP,ru,200,https://psitrends.com/ru/fest,,CLAIM REVIEW,Google Form | Telegram,3,PROCESSING—property verified2026-09-22,NOT EXPORTED—do not infer zero,NOT AVAILABLE,PRESERVE; individual editorial review pending,PsiTrends site steward,legacy-preservation,No relocation or deletion authorized by missing metrics,Preserve existing URL and useful content; review claims in context,public crawl2026-09-22,"HTTP status, visible content, locale and links",No mutation; retain paired private pre-release backup
https://psitrends.com/biz,,KEEP,en,HTTP Error 404: Not Found,,,EDUCATIONAL RESOURCE,,33,PROCESSING—property verified2026-09-22,NOT EXPORTED—do not infer zero,NOT AVAILABLE,PRESERVE; individual editorial review pending,PsiTrends site steward,legacy-preservation,No relocation or deletion authorized by missing metrics,Preserve observed existing redirect; no new redirect,public crawl2026-09-22,"HTTP status, visible content, locale and links",No mutation; retain paired private pre-release backup
https://psitrends.com/qx-heading-tizb9,,KEEP,en,HTTP Error 404: Not Found,,,EDUCATIONAL RESOURCE,,2,PROCESSING—property verified2026-09-22,NOT EXPORTED—do not infer zero,NOT AVAILABLE,PRESERVE; individual editorial review pending,PsiTrends site steward,legacy-preservation,No relocation or deletion authorized by missing metrics,Preserve observed existing redirect; no new redirect,public crawl2026-09-22,"HTTP status, visible content, locale and links",No mutation; retain paired private pre-release backup
https://psitrends.com/ru/fest-program-2,https://psitrends.com/ru/fest-program-2,KEEP,ru,200,https://psitrends.com/ru/fest-program-2,,CLAIM REVIEW,Google Form | Telegram,3,PROCESSING—property verified2026-09-22,NOT EXPORTED—do not infer zero,NOT AVAILABLE,PRESERVE; individual editorial review pending,PsiTrends site steward,legacy-preservation,No relocation or deletion authorized by missing metrics,Preserve existing URL and useful content; review claims in context,public crawl2026-09-22,"HTTP status, visible content, locale and links",No mutation; retain paired private pre-release backup
https://psitrends.com/ru/fest-prog2,https://psitrends.com/ru/fest-prog2,KEEP,ru,200,https://psitrends.com/ru/fest-prog2,,CLAIM REVIEW,Google Form | Telegram,3,PROCESSING—property verified2026-09-22,NOT EXPORTED—do not infer zero,NOT AVAILABLE,PRESERVE; individual editorial review pending,PsiTrends site steward,legacy-preservation,No relocation or deletion authorized by missing metrics,Preserve existing URL and useful content; review claims in context,public crawl2026-09-22,"HTTP status, visible content, locale and links",No mutation; retain paired private pre-release backup
https://psitrends.com/ru/fest-details,https://psitrends.com/ru/fest-details,KEEP,ru,200,https://psitrends.com/ru/fest-details,,CLAIM REVIEW,Google Form | Telegram,3,PROCESSING—property verified2026-09-22,NOT EXPORTED—do not infer zero,NOT AVAILABLE,PRESERVE; individual editorial review pending,PsiTrends site steward,legacy-preservation,No relocation or deletion authorized by missing metrics,Preserve existing URL and useful content; review claims in context,public crawl2026-09-22,"HTTP status, visible content, locale and links",No mutation; retain paired private pre-release backup
https://psitrends.com/thrpy,,KEEP,en,HTTP Error 404: Not Found,,,EDUCATIONAL RESOURCE,,10,PROCESSING—property verified2026-09-22,NOT EXPORTED—do not infer zero,NOT AVAILABLE,PRESERVE; individual editorial review pending,PsiTrends site steward,legacy-preservation,No relocation or deletion authorized by missing metrics,Preserve observed existing redirect; no new redirect,public crawl2026-09-22,"HTTP status, visible content, locale and links",No mutation; retain paired private pre-release backup
https://psitrends.com/ru/stud-prog/trpy-events,https://psitrends.com/ru/stud-prog/trpy-events,KEEP,ru,200,https://psitrends.com/ru/stud-prog/trpy-events,,CLAIM REVIEW,Google Form | Telegram | WhatsApp,3,PROCESSING—property verified2026-09-22,NOT EXPORTED—do not infer zero,NOT AVAILABLE,PRESERVE; individual editorial review pending,PsiTrends site steward,legacy-preservation,No relocation or deletion authorized by missing metrics,Preserve existing URL and useful content; review claims in context,public crawl2026-09-22,"HTTP status, visible content, locale and links",No mutation; retain paired private pre-release backup
https://psitrends.com/ru/stud-prog,https://psitrends.com/ru/stud-prog,KEEP,ru,200,https://psitrends.com/ru/stud-prog,,EDUCATIONAL RESOURCE,,3,PROCESSING—property verified2026-09-22,NOT EXPORTED—do not infer zero,NOT AVAILABLE,PRESERVE; individual editorial review pending,PsiTrends site steward,legacy-preservation,No relocation or deletion authorized by missing metrics,Preserve existing URL and useful content; review claims in context,public crawl2026-09-22,"HTTP status, visible content, locale and links",No mutation; retain paired private pre-release backup
https://psitrends.com/myst-love,,KEEP,en,HTTP Error 404: Not Found,,,EDUCATIONAL RESOURCE,,2,PROCESSING—property verified2026-09-22,NOT EXPORTED—do not infer zero,NOT AVAILABLE,PRESERVE; individual editorial review pending,PsiTrends site steward,legacy-preservation,No relocation or deletion authorized by missing metrics,Preserve observed existing redirect; no new redirect,public crawl2026-09-22,"HTTP status, visible content, locale and links",No mutation; retain paired private pre-release backup
https://psitrends.com/biz-ru,,KEEP,en,HTTP Error 404: Not Found,,,EDUCATIONAL RESOURCE,,1,PROCESSING—property verified2026-09-22,NOT EXPORTED—do not infer zero,NOT AVAILABLE,PRESERVE; individual editorial review pending,PsiTrends site steward,legacy-preservation,No relocation or deletion authorized by missing metrics,Preserve observed existing redirect; no new redirect,public crawl2026-09-22,"HTTP status, visible content, locale and links",No mutation; retain paired private pre-release backup
https://psitrends.com/runes-business-ru,,KEEP,en,HTTP Error 404: Not Found,,,EDUCATIONAL RESOURCE,,1,PROCESSING—property verified2026-09-22,NOT EXPORTED—do not infer zero,NOT AVAILABLE,PRESERVE; individual editorial review pending,PsiTrends site steward,legacy-preservation,No relocation or deletion authorized by missing metrics,Preserve observed existing redirect; no new redirect,public crawl2026-09-22,"HTTP status, visible content, locale and links",No mutation; retain paired private pre-release backup
https://psitrends.com/arc-diagn-ru,,KEEP,en,HTTP Error 404: Not Found,,,EDUCATIONAL RESOURCE,,1,PROCESSING—property verified2026-09-22,NOT EXPORTED—do not infer zero,NOT AVAILABLE,PRESERVE; individual editorial review pending,PsiTrends site steward,legacy-preservation,No relocation or deletion authorized by missing metrics,Preserve observed existing redirect; no new redirect,public crawl2026-09-22,"HTTP status, visible content, locale and links",No mutation; retain paired private pre-release backup
https://psitrends.com/ru/%D1%81ourse-swap,https://psitrends.com/ru/%D1%81ourse-swap,KEEP,ru,200,https://psitrends.com/ru/%D1%81ourse-swap,,EDUCATIONAL RESOURCE,Telegram | WhatsApp,1,PROCESSING—property verified2026-09-22,NOT EXPORTED—do not infer zero,NOT AVAILABLE,PRESERVE; individual editorial review pending,PsiTrends site steward,legacy-preservation,No relocation or deletion authorized by missing metrics,Preserve existing URL and useful content; review claims in context,public crawl2026-09-22,"HTTP status, visible content, locale and links",No mutation; retain paired private pre-release backup
https://psitrends.com/ru/categories,https://psitrends.com/ru/categories,KEEP,ru,200,https://psitrends.com/ru/categories,,CLAIM REVIEW,Telegram | WhatsApp,3,PROCESSING—property verified2026-09-22,NOT EXPORTED—do not infer zero,NOT AVAILABLE,PRESERVE; individual editorial review pending,PsiTrends site steward,legacy-preservation,No relocation or deletion authorized by missing metrics,Preserve existing URL and useful content; review claims in context,public crawl2026-09-22,"HTTP status, visible content, locale and links",No mutation; retain paired private pre-release backup
https://psitrends.com/business/acceleration-of-movement-towards-goals,,KEEP,en,HTTP Error 404: Not Found,,,EDUCATIONAL RESOURCE,,4,PROCESSING—property verified2026-09-22,NOT EXPORTED—do not infer zero,NOT AVAILABLE,PRESERVE; individual editorial review pending,PsiTrends site steward,legacy-preservation,No relocation or deletion authorized by missing metrics,Preserve observed existing redirect; no new redirect,public crawl2026-09-22,"HTTP status, visible content, locale and links",No mutation; retain paired private pre-release backup
https://psitrends.com/ru/%D1%81ategories-therapy,,KEEP,ru,HTTP Error 403: Forbidden,,,EDUCATIONAL RESOURCE,,0,PROCESSING—property verified2026-09-22,NOT EXPORTED—do not infer zero,NOT AVAILABLE,PRESERVE; individual editorial review pending,PsiTrends site steward,legacy-preservation,No relocation or deletion authorized by missing metrics,Preserve observed existing redirect; no new redirect,public crawl2026-09-22,"HTTP status, visible content, locale and links",No mutation; retain paired private pre-release backup
https://psitrends.com/ru/%D1%81ategories-train,,KEEP,ru,HTTP Error 403: Forbidden,,,EDUCATIONAL RESOURCE,,0,PROCESSING—property verified2026-09-22,NOT EXPORTED—do not infer zero,NOT AVAILABLE,PRESERVE; individual editorial review pending,PsiTrends site steward,legacy-preservation,No relocation or deletion authorized by missing metrics,Preserve observed existing redirect; no new redirect,public crawl2026-09-22,"HTTP status, visible content, locale and links",No mutation; retain paired private pre-release backup
https://psitrends.com/therapy/archetypal-support,,KEEP,en,HTTP Error 404: Not Found,,,EDUCATIONAL RESOURCE,,1,PROCESSING—property verified2026-09-22,NOT EXPORTED—do not infer zero,NOT AVAILABLE,PRESERVE; individual editorial review pending,PsiTrends site steward,legacy-preservation,No relocation or deletion authorized by missing metrics,Preserve observed existing redirect; no new redirect,public crawl2026-09-22,"HTTP status, visible content, locale and links",No mutation; retain paired private pre-release backup
https://psitrends.com/ru/course,https://psitrends.com/ru/course,KEEP,ru,200,https://psitrends.com/ru/course,,EDUCATIONAL RESOURCE,,3,PROCESSING—property verified2026-09-22,NOT EXPORTED—do not infer zero,NOT AVAILABLE,PRESERVE; individual editorial review pending,PsiTrends site steward,legacy-preservation,No relocation or deletion authorized by missing metrics,Preserve existing URL and useful content; review claims in context,public crawl2026-09-22,"HTTP status, visible content, locale and links",No mutation; retain paired private pre-release backup
https://psitrends.com/ru/cat-train-ru/tantra-ru,,KEEP,ru,HTTP Error 404: Not Found,,,EDUCATIONAL RESOURCE,,1,PROCESSING—property verified2026-09-22,NOT EXPORTED—do not infer zero,NOT AVAILABLE,PRESERVE; individual editorial review pending,PsiTrends site steward,legacy-preservation,No relocation or deletion authorized by missing metrics,Preserve observed existing redirect; no new redirect,public crawl2026-09-22,"HTTP status, visible content, locale and links",No mutation; retain paired private pre-release backup
https://psitrends.com/categories-thrpy/myst-love-en,,KEEP,en,HTTP Error 404: Not Found,,,EDUCATIONAL RESOURCE,,1,PROCESSING—property verified2026-09-22,NOT EXPORTED—do not infer zero,NOT AVAILABLE,PRESERVE; individual editorial review pending,PsiTrends site steward,legacy-preservation,No relocation or deletion authorized by missing metrics,Preserve observed existing redirect; no new redirect,public crawl2026-09-22,"HTTP status, visible content, locale and links",No mutation; retain paired private pre-release backup
https://psitrends.com/ru/cat-train-ru/video-kursy/kurs-grecheskie-misterii-kanal-demetry,,KEEP,ru,HTTP Error 404: Not Found,,,EDUCATIONAL RESOURCE,,1,PROCESSING—property verified2026-09-22,NOT EXPORTED—do not infer zero,NOT AVAILABLE,PRESERVE; individual editorial review pending,PsiTrends site steward,legacy-preservation,No relocation or deletion authorized by missing metrics,Preserve observed existing redirect; no new redirect,public crawl2026-09-22,"HTTP status, visible content, locale and links",No mutation; retain paired private pre-release backup
https://psitrends.com/ru/cat-train-ru/video-kursy/kurs-sila-planet,,KEEP,ru,HTTP Error 404: Not Found,,,EDUCATIONAL RESOURCE,,1,PROCESSING—property verified2026-09-22,NOT EXPORTED—do not infer zero,NOT AVAILABLE,PRESERVE; individual editorial review pending,PsiTrends site steward,legacy-preservation,No relocation or deletion authorized by missing metrics,Preserve observed existing redirect; no new redirect,public crawl2026-09-22,"HTTP status, visible content, locale and links",No mutation; retain paired private pre-release backup
https://psitrends.com/ru/cat-train-ru/video-kursy/meditatsii-sily-i-zashchity,,KEEP,ru,HTTP Error 404: Not Found,,,EDUCATIONAL RESOURCE,,1,PROCESSING—property verified2026-09-22,NOT EXPORTED—do not infer zero,NOT AVAILABLE,PRESERVE; individual editorial review pending,PsiTrends site steward,legacy-preservation,No relocation or deletion authorized by missing metrics,Preserve observed existing redirect; no new redirect,public crawl2026-09-22,"HTTP status, visible content, locale and links",No mutation; retain paired private pre-release backup
https://psitrends.com/ru/cat-train-ru/video-kursy/arkhetipy-majya,,KEEP,ru,HTTP Error 404: Not Found,,,EDUCATIONAL RESOURCE,,1,PROCESSING—property verified2026-09-22,NOT EXPORTED—do not infer zero,NOT AVAILABLE,PRESERVE; individual editorial review pending,PsiTrends site steward,legacy-preservation,No relocation or deletion authorized by missing metrics,Preserve observed existing redirect; no new redirect,public crawl2026-09-22,"HTTP status, visible content, locale and links",No mutation; retain paired private pre-release backup
https://psitrends.com/ru/cat-train-ru/video-kursy/kurs-zhrechestvo-egipta-osiris,,KEEP,ru,HTTP Error 404: Not Found,,,EDUCATIONAL RESOURCE,,1,PROCESSING—property verified2026-09-22,NOT EXPORTED—do not infer zero,NOT AVAILABLE,PRESERVE; individual editorial review pending,PsiTrends site steward,legacy-preservation,No relocation or deletion authorized by missing metrics,Preserve observed existing redirect; no new redirect,public crawl2026-09-22,"HTTP status, visible content, locale and links",No mutation; retain paired private pre-release backup
https://psitrends.com/ru/cat-train-ru/video-kursy/kurs-misterii-dionisa,,KEEP,ru,HTTP Error 404: Not Found,,,EDUCATIONAL RESOURCE,,1,PROCESSING—property verified2026-09-22,NOT EXPORTED—do not infer zero,NOT AVAILABLE,PRESERVE; individual editorial review pending,PsiTrends site steward,legacy-preservation,No relocation or deletion authorized by missing metrics,Preserve observed existing redirect; no new redirect,public crawl2026-09-22,"HTTP status, visible content, locale and links",No mutation; retain paired private pre-release backup
https://psitrends.com/prerson-thrpy/thrpy,,KEEP,en,HTTP Error 404: Not Found,,,EDUCATIONAL RESOURCE,,1,PROCESSING—property verified2026-09-22,NOT EXPORTED—do not infer zero,NOT AVAILABLE,PRESERVE; individual editorial review pending,PsiTrends site steward,legacy-preservation,No relocation or deletion authorized by missing metrics,Preserve observed existing redirect; no new redirect,public crawl2026-09-22,"HTTP status, visible content, locale and links",No mutation; retain paired private pre-release backup
https://psitrends.com/ru/biznes/uskorenie-dvizheniya-k-tselyam,,KEEP,ru,HTTP Error 404: Not Found,,,EDUCATIONAL RESOURCE,,1,PROCESSING—property verified2026-09-22,NOT EXPORTED—do not infer zero,NOT AVAILABLE,PRESERVE; individual editorial review pending,PsiTrends site steward,legacy-preservation,No relocation or deletion authorized by missing metrics,Preserve observed existing redirect; no new redirect,public crawl2026-09-22,"HTTP status, visible content, locale and links",No mutation; retain paired private pre-release backup
https://psitrends.com/express-ru,https://psitrends.com/ru/express-ru,KEEP,en,200,https://psitrends.com/ru/express-ru,,EDUCATIONAL RESOURCE,Telegram | WhatsApp,1,PROCESSING—property verified2026-09-22,NOT EXPORTED—do not infer zero,NOT AVAILABLE,PRESERVE; individual editorial review pending,PsiTrends site steward,legacy-preservation,No relocation or deletion authorized by missing metrics,Preserve observed existing redirect; no new redirect,public crawl2026-09-22,"HTTP status, visible content, locale and links",No mutation; retain paired private pre-release backup
https://psitrends.com/thrpy-ru,,KEEP,en,HTTP Error 404: Not Found,,,EDUCATIONAL RESOURCE,,1,PROCESSING—property verified2026-09-22,NOT EXPORTED—do not infer zero,NOT AVAILABLE,PRESERVE; individual editorial review pending,PsiTrends site steward,legacy-preservation,No relocation or deletion authorized by missing metrics,Preserve observed existing redirect; no new redirect,public crawl2026-09-22,"HTTP status, visible content, locale and links",No mutation; retain paired private pre-release backup
https://psitrends.com/ru/thrpy-ru/%D0%9E%D0%B1%D1%80%D0%B0%D0%B7%D0%BD%D0%B0%D1%8F%20%D0%BF%D1%81%D0%B8%D1%85%D0%BE%D1%82%D0%B5%D1%80%D0%B0%D0%BF%D0%B8%D1%8F%20-%20%D1%81%D1%82%D0%B0%D1%82%D1%8C%D0%B8,,KEEP,ru,HTTP Error 404: Not Found,,,EDUCATIONAL RESOURCE,,0,PROCESSING—property verified2026-09-22,NOT EXPORTED—do not infer zero,NOT AVAILABLE,PRESERVE; individual editorial review pending,PsiTrends site steward,legacy-preservation,No relocation or deletion authorized by missing metrics,Preserve observed existing redirect; no new redirect,public crawl2026-09-22,"HTTP status, visible content, locale and links",No mutation; retain paired private pre-release backup
https://psitrends.com/en/canada,https://psitrends.com/canada,KEEP,en,200,https://psitrends.com/canada,,EDUCATIONAL RESOURCE,,1,PROCESSING—property verified2026-09-22,NOT EXPORTED—do not infer zero,NOT AVAILABLE,PRESERVE; individual editorial review pending,PsiTrends site steward,legacy-preservation,No relocation or deletion authorized by missing metrics,Preserve observed existing redirect; no new redirect,public crawl2026-09-22,"HTTP status, visible content, locale and links",No mutation; retain paired private pre-release backup
https://psitrends.com/en/switzerland,https://psitrends.com/switzerland,KEEP,en,200,https://psitrends.com/switzerland,,EDUCATIONAL RESOURCE,,1,PROCESSING—property verified2026-09-22,NOT EXPORTED—do not infer zero,NOT AVAILABLE,PRESERVE; individual editorial review pending,PsiTrends site steward,legacy-preservation,No relocation or deletion authorized by missing metrics,Preserve observed existing redirect; no new redirect,public crawl2026-09-22,"HTTP status, visible content, locale and links",No mutation; retain paired private pre-release backup
https://psitrends.com/en/norway,https://psitrends.com/norway,KEEP,en,200,https://psitrends.com/norway,,EDUCATIONAL RESOURCE,,1,PROCESSING—property verified2026-09-22,NOT EXPORTED—do not infer zero,NOT AVAILABLE,PRESERVE; individual editorial review pending,PsiTrends site steward,legacy-preservation,No relocation or deletion authorized by missing metrics,Preserve observed existing redirect; no new redirect,public crawl2026-09-22,"HTTP status, visible content, locale and links",No mutation; retain paired private pre-release backup
https://psitrends.com/en/portugal,https://psitrends.com/portugal,KEEP,en,200,https://psitrends.com/portugal,,EDUCATIONAL RESOURCE,,1,PROCESSING—property verified2026-09-22,NOT EXPORTED—do not infer zero,NOT AVAILABLE,PRESERVE; individual editorial review pending,PsiTrends site steward,legacy-preservation,No relocation or deletion authorized by missing metrics,Preserve observed existing redirect; no new redirect,public crawl2026-09-22,"HTTP status, visible content, locale and links",No mutation; retain paired private pre-release backup
https://psitrends.com/en/diving,https://psitrends.com/diving,KEEP,en,200,https://psitrends.com/diving,,EDUCATIONAL RESOURCE,,1,PROCESSING—property verified2026-09-22,NOT EXPORTED—do not infer zero,NOT AVAILABLE,PRESERVE; individual editorial review pending,PsiTrends site steward,legacy-preservation,No relocation or deletion authorized by missing metrics,Preserve observed existing redirect; no new redirect,public crawl2026-09-22,"HTTP status, visible content, locale and links",No mutation; retain paired private pre-release backup
https://psitrends.com/en/rafting,https://psitrends.com/rafting,KEEP,en,200,https://psitrends.com/rafting,,EDUCATIONAL RESOURCE,,1,PROCESSING—property verified2026-09-22,NOT EXPORTED—do not infer zero,NOT AVAILABLE,PRESERVE; individual editorial review pending,PsiTrends site steward,legacy-preservation,No relocation or deletion authorized by missing metrics,Preserve observed existing redirect; no new redirect,public crawl2026-09-22,"HTTP status, visible content, locale and links",No mutation; retain paired private pre-release backup
https://psitrends.com/en/rock-clambing,https://psitrends.com/rock-clambing,KEEP,en,200,https://psitrends.com/rock-clambing,,EDUCATIONAL RESOURCE,,1,PROCESSING—property verified2026-09-22,NOT EXPORTED—do not infer zero,NOT AVAILABLE,PRESERVE; individual editorial review pending,PsiTrends site steward,legacy-preservation,No relocation or deletion authorized by missing metrics,Preserve observed existing redirect; no new redirect,public crawl2026-09-22,"HTTP status, visible content, locale and links",No mutation; retain paired private pre-release backup
https://psitrends.com/en/packages,https://psitrends.com/packages,KEEP,en,200,https://psitrends.com/packages,,EDUCATIONAL RESOURCE,,1,PROCESSING—property verified2026-09-22,NOT EXPORTED—do not infer zero,NOT AVAILABLE,PRESERVE; individual editorial review pending,PsiTrends site steward,legacy-preservation,No relocation or deletion authorized by missing metrics,Preserve observed existing redirect; no new redirect,public crawl2026-09-22,"HTTP status, visible content, locale and links",No mutation; retain paired private pre-release backup
https://psitrends.com/en/your-profile,https://psitrends.com/your-profile?view=login,KEEP,en,200,https://psitrends.com/your-profile?view=login,,EDUCATIONAL RESOURCE,,1,PROCESSING—property verified2026-09-22,NOT EXPORTED—do not infer zero,NOT AVAILABLE,PRESERVE; individual editorial review pending,PsiTrends site steward,legacy-preservation,No relocation or deletion authorized by missing metrics,Preserve observed existing redirect; no new redirect,public crawl2026-09-22,"HTTP status, visible content, locale and links",No mutation; retain paired private pre-release backup
https://psitrends.com/en/thank-you,https://psitrends.com/thank-you,KEEP,en,200,https://psitrends.com/thank-you,,EDUCATIONAL RESOURCE,,1,PROCESSING—property verified2026-09-22,NOT EXPORTED—do not infer zero,NOT AVAILABLE,PRESERVE; individual editorial review pending,PsiTrends site steward,legacy-preservation,No relocation or deletion authorized by missing metrics,Preserve observed existing redirect; no new redirect,public crawl2026-09-22,"HTTP status, visible content, locale and links",No mutation; retain paired private pre-release backup
https://psitrends.com/en/fest,https://psitrends.com/fest,KEEP,en,200,https://psitrends.com/fest,,EDUCATIONAL RESOURCE,Google Form | Telegram,1,PROCESSING—property verified2026-09-22,NOT EXPORTED—do not infer zero,NOT AVAILABLE,PRESERVE; individual editorial review pending,PsiTrends site steward,legacy-preservation,No relocation or deletion authorized by missing metrics,Preserve observed existing redirect; no new redirect,public crawl2026-09-22,"HTTP status, visible content, locale and links",No mutation; retain paired private pre-release backup
https://psitrends.com/ru/qx-heading-tizb9,,KEEP,ru,HTTP Error 404: Not Found,,,EDUCATIONAL RESOURCE,,1,PROCESSING—property verified2026-09-22,NOT EXPORTED—do not infer zero,NOT AVAILABLE,PRESERVE; individual editorial review pending,PsiTrends site steward,legacy-preservation,No relocation or deletion authorized by missing metrics,Preserve observed existing redirect; no new redirect,public crawl2026-09-22,"HTTP status, visible content, locale and links",No mutation; retain paired private pre-release backup
https://psitrends.com/en/fest-program-2,https://psitrends.com/fest-program-2,KEEP,en,200,https://psitrends.com/fest-program-2,,EDUCATIONAL RESOURCE,Google Form | Telegram,1,PROCESSING—property verified2026-09-22,NOT EXPORTED—do not infer zero,NOT AVAILABLE,PRESERVE; individual editorial review pending,PsiTrends site steward,legacy-preservation,No relocation or deletion authorized by missing metrics,Preserve observed existing redirect; no new redirect,public crawl2026-09-22,"HTTP status, visible content, locale and links",No mutation; retain paired private pre-release backup
https://psitrends.com/en/fest-prog2,https://psitrends.com/fest-prog2,KEEP,en,200,https://psitrends.com/fest-prog2,,EDUCATIONAL RESOURCE,Google Form | Telegram,1,PROCESSING—property verified2026-09-22,NOT EXPORTED—do not infer zero,NOT AVAILABLE,PRESERVE; individual editorial review pending,PsiTrends site steward,legacy-preservation,No relocation or deletion authorized by missing metrics,Preserve observed existing redirect; no new redirect,public crawl2026-09-22,"HTTP status, visible content, locale and links",No mutation; retain paired private pre-release backup
https://psitrends.com/en/fest-details,https://psitrends.com/fest-details,KEEP,en,200,https://psitrends.com/fest-details,,EDUCATIONAL RESOURCE,Google Form | Telegram,1,PROCESSING—property verified2026-09-22,NOT EXPORTED—do not infer zero,NOT AVAILABLE,PRESERVE; individual editorial review pending,PsiTrends site steward,legacy-preservation,No relocation or deletion authorized by missing metrics,Preserve observed existing redirect; no new redirect,public crawl2026-09-22,"HTTP status, visible content, locale and links",No mutation; retain paired private pre-release backup
https://psitrends.com/en/stud-prog/trpy-events,https://psitrends.com/stud-prog/trpy-events,KEEP,en,200,https://psitrends.com/stud-prog/trpy-events,,EDUCATIONAL RESOURCE,Google Form | Telegram | WhatsApp,1,PROCESSING—property verified2026-09-22,NOT EXPORTED—do not infer zero,NOT AVAILABLE,PRESERVE; individual editorial review pending,PsiTrends site steward,legacy-preservation,No relocation or deletion authorized by missing metrics,Preserve observed existing redirect; no new redirect,public crawl2026-09-22,"HTTP status, visible content, locale and links",No mutation; retain paired private pre-release backup
https://psitrends.com/en/stud-prog,https://psitrends.com/stud-prog,KEEP,en,200,https://psitrends.com/stud-prog,,EDUCATIONAL RESOURCE,,1,PROCESSING—property verified2026-09-22,NOT EXPORTED—do not infer zero,NOT AVAILABLE,PRESERVE; individual editorial review pending,PsiTrends site steward,legacy-preservation,No relocation or deletion authorized by missing metrics,Preserve observed existing redirect; no new redirect,public crawl2026-09-22,"HTTP status, visible content, locale and links",No mutation; retain paired private pre-release backup
https://psitrends.com/en/%D1%81ourse-swap,https://psitrends.com/%D1%81ourse-swap,KEEP,en,200,https://psitrends.com/%D1%81ourse-swap,,EDUCATIONAL RESOURCE,Telegram | WhatsApp,0,PROCESSING—property verified2026-09-22,NOT EXPORTED—do not infer zero,NOT AVAILABLE,PRESERVE; individual editorial review pending,PsiTrends site steward,legacy-preservation,No relocation or deletion authorized by missing metrics,Preserve observed existing redirect; no new redirect,public crawl2026-09-22,"HTTP status, visible content, locale and links",No mutation; retain paired private pre-release backup
https://psitrends.com/en/categories,https://psitrends.com/categories,KEEP,en,200,https://psitrends.com/categories,,EDUCATIONAL RESOURCE,Telegram | WhatsApp,1,PROCESSING—property verified2026-09-22,NOT EXPORTED—do not infer zero,NOT AVAILABLE,PRESERVE; individual editorial review pending,PsiTrends site steward,legacy-preservation,No relocation or deletion authorized by missing metrics,Preserve observed existing redirect; no new redirect,public crawl2026-09-22,"HTTP status, visible content, locale and links",No mutation; retain paired private pre-release backup
https://psitrends.com/en/course,https://psitrends.com/course,KEEP,en,200,https://psitrends.com/course,,EDUCATIONAL RESOURCE,,1,PROCESSING—property verified2026-09-22,NOT EXPORTED—do not infer zero,NOT AVAILABLE,PRESERVE; individual editorial review pending,PsiTrends site steward,legacy-preservation,No relocation or deletion authorized by missing metrics,Preserve observed existing redirect; no new redirect,public crawl2026-09-22,"HTTP status, visible content, locale and links",No mutation; retain paired private pre-release backup
https://psitrends.com/index.php?id=2&option=com_quix&view=page,https://psitrends.com/index.php?id=2&option=com_quix&view=page,KEEP,en-gb,200,https://psitrends.com/index.php?id=2&option=com_quix&view=page,"[{""type"": ""quix"", ""id"": ""2"", ""language"": ""*""}, {""type"": ""menu_exact"", ""id"": ""101"", ""language"": ""*""}]",CLAIM REVIEW,UNAVAILABLE: query inventory does not classify CTA,UNAVAILABLE: query inventory does not measure inlinks,UNAVAILABLE: processing,UNAVAILABLE: not exported,UNAVAILABLE,PRESERVE; individual editorial review pending,PsiTrends site steward,legacy-preservation,No relocation or deletion authorized by missing metrics,Meaningful Joomla query view; retain until exact equivalent and content reviewed,CMS-seeded query crawl2026-09-22,"HTTP status, visible content, locale and links",No mutation; retain paired private pre-release backup
https://psitrends.com/index.php?id=3&option=com_quix&view=page,https://psitrends.com/index.php?id=3&option=com_quix&view=page,KEEP,en-gb,200,https://psitrends.com/index.php?id=3&option=com_quix&view=page,"[{""type"": ""quix"", ""id"": ""3"", ""language"": ""*""}]",CLAIM REVIEW,UNAVAILABLE: query inventory does not classify CTA,UNAVAILABLE: query inventory does not measure inlinks,UNAVAILABLE: processing,UNAVAILABLE: not exported,UNAVAILABLE,PRESERVE; individual editorial review pending,PsiTrends site steward,legacy-preservation,No relocation or deletion authorized by missing metrics,Meaningful Joomla query view; retain until exact equivalent and content reviewed,CMS-seeded query crawl2026-09-22,"HTTP status, visible content, locale and links",No mutation; retain paired private pre-release backup
https://psitrends.com/index.php?id=4&option=com_quix&view=page,https://psitrends.com/index.php?id=4&option=com_quix&view=page,KEEP,en-gb,200,https://psitrends.com/index.php?id=4&option=com_quix&view=page,"[{""type"": ""quix"", ""id"": ""4"", ""language"": ""en-GB""}, {""type"": ""menu_exact"", ""id"": ""202"", ""language"": ""en-GB""}]",CLAIM REVIEW,UNAVAILABLE: query inventory does not classify CTA,UNAVAILABLE: query inventory does not measure inlinks,UNAVAILABLE: processing,UNAVAILABLE: not exported,UNAVAILABLE,PRESERVE; individual editorial review pending,PsiTrends site steward,legacy-preservation,No relocation or deletion authorized by missing metrics,Meaningful Joomla query view; retain until exact equivalent and content reviewed,CMS-seeded query crawl2026-09-22,"HTTP status, visible content, locale and links",No mutation; retain paired private pre-release backup
https://psitrends.com/index.php?id=10&option=com_quix&view=page,https://psitrends.com/index.php?id=10&option=com_quix&view=page,KEEP,en-gb,200,https://psitrends.com/index.php?id=10&option=com_quix&view=page,"[{""type"": ""quix"", ""id"": ""10"", ""language"": ""*""}]",CLAIM REVIEW,UNAVAILABLE: query inventory does not classify CTA,UNAVAILABLE: query inventory does not measure inlinks,UNAVAILABLE: processing,UNAVAILABLE: not exported,UNAVAILABLE,PRESERVE; individual editorial review pending,PsiTrends site steward,legacy-preservation,No relocation or deletion authorized by missing metrics,Meaningful Joomla query view; retain until exact equivalent and content reviewed,CMS-seeded query crawl2026-09-22,"HTTP status, visible content, locale and links",No mutation; retain paired private pre-release backup
https://psitrends.com/index.php?id=12&option=com_quix&view=page,https://psitrends.com/index.php?id=12&option=com_quix&view=page,KEEP,en-gb,200,https://psitrends.com/index.php?id=12&option=com_quix&view=page,"[{""type"": ""quix"", ""id"": ""12"", ""language"": ""*""}]",CLAIM REVIEW,UNAVAILABLE: query inventory does not classify CTA,UNAVAILABLE: query inventory does not measure inlinks,UNAVAILABLE: processing,UNAVAILABLE: not exported,UNAVAILABLE,PRESERVE; individual editorial review pending,PsiTrends site steward,legacy-preservation,No relocation or deletion authorized by missing metrics,Meaningful Joomla query view; retain until exact equivalent and content reviewed,CMS-seeded query crawl2026-09-22,"HTTP status, visible content, locale and links",No mutation; retain paired private pre-release backup
https://psitrends.com/index.php?id=13&option=com_quix&view=page,https://psitrends.com/index.php?id=13&option=com_quix&view=page,KEEP,en-gb,200,https://psitrends.com/index.php?id=13&option=com_quix&view=page,"[{""type"": ""quix"", ""id"": ""13"", ""language"": ""*""}]",CLAIM REVIEW,UNAVAILABLE: query inventory does not classify CTA,UNAVAILABLE: query inventory does not measure inlinks,UNAVAILABLE: processing,UNAVAILABLE: not exported,UNAVAILABLE,PRESERVE; individual editorial review pending,PsiTrends site steward,legacy-preservation,No relocation or deletion authorized by missing metrics,Meaningful Joomla query view; retain until exact equivalent and content reviewed,CMS-seeded query crawl2026-09-22,"HTTP status, visible content, locale and links",No mutation; retain paired private pre-release backup
https://psitrends.com/index.php?id=14&option=com_quix&view=page,https://psitrends.com/index.php?id=14&option=com_quix&view=page,KEEP,en-gb,200,https://psitrends.com/index.php?id=14&option=com_quix&view=page,"[{""type"": ""quix"", ""id"": ""14"", ""language"": ""*""}, {""type"": ""menu_exact"", ""id"": ""199"", ""language"": ""ru-RU""}]",CLAIM REVIEW,UNAVAILABLE: query inventory does not classify CTA,UNAVAILABLE: query inventory does not measure inlinks,UNAVAILABLE: processing,UNAVAILABLE: not exported,UNAVAILABLE,PRESERVE; individual editorial review pending,PsiTrends site steward,legacy-preservation,No relocation or deletion authorized by missing metrics,Meaningful Joomla query view; retain until exact equivalent and content reviewed,CMS-seeded query crawl2026-09-22,"HTTP status, visible content, locale and links",No mutation; retain paired private pre-release backup
https://psitrends.com/index.php?id=16&option=com_quix&view=page,https://psitrends.com/index.php?id=16&option=com_quix&view=page,KEEP,en-gb,200,https://psitrends.com/index.php?id=16&option=com_quix&view=page,"[{""type"": ""quix"", ""id"": ""16"", ""language"": ""*""}, {""type"": ""menu_exact"", ""id"": ""203"", ""language"": ""en-GB""}]",CLAIM REVIEW,UNAVAILABLE: query inventory does not classify CTA,UNAVAILABLE: query inventory does not measure inlinks,UNAVAILABLE: processing,UNAVAILABLE: not exported,UNAVAILABLE,PRESERVE; individual editorial review pending,PsiTrends site steward,legacy-preservation,No relocation or deletion authorized by missing metrics,Meaningful Joomla query view; retain until exact equivalent and content reviewed,CMS-seeded query crawl2026-09-22,"HTTP status, visible content, locale and links",No mutation; retain paired private pre-release backup
https://psitrends.com/index.php?id=18&option=com_quix&view=page,https://psitrends.com/index.php?id=18&option=com_quix&view=page,KEEP,en-gb,200,https://psitrends.com/index.php?id=18&option=com_quix&view=page,"[{""type"": ""quix"", ""id"": ""18"", ""language"": ""*""}]",CLAIM REVIEW,UNAVAILABLE: query inventory does not classify CTA,UNAVAILABLE: query inventory does not measure inlinks,UNAVAILABLE: processing,UNAVAILABLE: not exported,UNAVAILABLE,PRESERVE; individual editorial review pending,PsiTrends site steward,legacy-preservation,No relocation or deletion authorized by missing metrics,Meaningful Joomla query view; retain until exact equivalent and content reviewed,CMS-seeded query crawl2026-09-22,"HTTP status, visible content, locale and links",No mutation; retain paired private pre-release backup
https://psitrends.com/index.php?id=20&option=com_quix&view=page,https://psitrends.com/index.php?id=20&option=com_quix&view=page,KEEP,en-gb,200,https://psitrends.com/index.php?id=20&option=com_quix&view=page,"[{""type"": ""quix"", ""id"": ""20"", ""language"": ""*""}, {""type"": ""menu_exact"", ""id"": ""205"", ""language"": ""*""}]",CLAIM REVIEW,UNAVAILABLE: query inventory does not classify CTA,UNAVAILABLE: query inventory does not measure inlinks,UNAVAILABLE: processing,UNAVAILABLE: not exported,UNAVAILABLE,PRESERVE; individual editorial review pending,PsiTrends site steward,legacy-preservation,No relocation or deletion authorized by missing metrics,Meaningful Joomla query view; retain until exact equivalent and content reviewed,CMS-seeded query crawl2026-09-22,"HTTP status, visible content, locale and links",No mutation; retain paired private pre-release backup
https://psitrends.com/index.php?id=23&option=com_quix&view=page,https://psitrends.com/index.php?id=23&option=com_quix&view=page,KEEP,en-gb,200,https://psitrends.com/index.php?id=23&option=com_quix&view=page,"[{""type"": ""quix"", ""id"": ""23"", ""language"": ""*""}, {""type"": ""menu_exact"", ""id"": ""207"", ""language"": ""en-GB""}]",CLAIM REVIEW,UNAVAILABLE: query inventory does not classify CTA,UNAVAILABLE: query inventory does not measure inlinks,UNAVAILABLE: processing,UNAVAILABLE: not exported,UNAVAILABLE,PRESERVE; individual editorial review pending,PsiTrends site steward,legacy-preservation,No relocation or deletion authorized by missing metrics,Meaningful Joomla query view; retain until exact equivalent and content reviewed,CMS-seeded query crawl2026-09-22,"HTTP status, visible content, locale and links",No mutation; retain paired private pre-release backup
https://psitrends.com/index.php?id=24&option=com_quix&view=page,https://psitrends.com/index.php?id=24&option=com_quix&view=page,KEEP,en-gb,200,https://psitrends.com/index.php?id=24&option=com_quix&view=page,"[{""type"": ""quix"", ""id"": ""24"", ""language"": ""*""}, {""type"": ""menu_exact"", ""id"": ""200"", ""language"": ""*""}]",CLAIM REVIEW,UNAVAILABLE: query inventory does not classify CTA,UNAVAILABLE: query inventory does not measure inlinks,UNAVAILABLE: processing,UNAVAILABLE: not exported,UNAVAILABLE,PRESERVE; individual editorial review pending,PsiTrends site steward,legacy-preservation,No relocation or deletion authorized by missing metrics,Meaningful Joomla query view; retain until exact equivalent and content reviewed,CMS-seeded query crawl2026-09-22,"HTTP status, visible content, locale and links",No mutation; retain paired private pre-release backup
https://psitrends.com/index.php?id=28&option=com_quix&view=page,https://psitrends.com/index.php?id=28&option=com_quix&view=page,KEEP,en-gb,200,https://psitrends.com/index.php?id=28&option=com_quix&view=page,"[{""type"": ""quix"", ""id"": ""28"", ""language"": ""*""}, {""type"": ""menu_exact"", ""id"": ""324"", ""language"": ""ru-RU""}]",CLAIM REVIEW,UNAVAILABLE: query inventory does not classify CTA,UNAVAILABLE: query inventory does not measure inlinks,UNAVAILABLE: processing,UNAVAILABLE: not exported,UNAVAILABLE,PRESERVE; individual editorial review pending,PsiTrends site steward,legacy-preservation,No relocation or deletion authorized by missing metrics,Meaningful Joomla query view; retain until exact equivalent and content reviewed,CMS-seeded query crawl2026-09-22,"HTTP status, visible content, locale and links",No mutation; retain paired private pre-release backup
https://psitrends.com/index.php?id=29&option=com_quix&view=page,https://psitrends.com/index.php?id=29&option=com_quix&view=page,KEEP,en-gb,200,https://psitrends.com/index.php?id=29&option=com_quix&view=page,"[{""type"": ""quix"", ""id"": ""29"", ""language"": ""*""}, {""type"": ""menu_exact"", ""id"": ""211"", ""language"": ""*""}, {""type"": ""menu_exact"", ""id"": ""212"", ""language"": ""*""}]",CLAIM REVIEW,UNAVAILABLE: query inventory does not classify CTA,UNAVAILABLE: query inventory does not measure inlinks,UNAVAILABLE: processing,UNAVAILABLE: not exported,UNAVAILABLE,PRESERVE; individual editorial review pending,PsiTrends site steward,legacy-preservation,No relocation or deletion authorized by missing metrics,Meaningful Joomla query view; retain until exact equivalent and content reviewed,CMS-seeded query crawl2026-09-22,"HTTP status, visible content, locale and links",No mutation; retain paired private pre-release backup
https://psitrends.com/index.php?id=30&option=com_quix&view=page,https://psitrends.com/index.php?id=30&option=com_quix&view=page,KEEP,en-gb,200,https://psitrends.com/index.php?id=30&option=com_quix&view=page,"[{""type"": ""quix"", ""id"": ""30"", ""language"": ""*""}, {""type"": ""menu_exact"", ""id"": ""213"", ""language"": ""en-GB""}]",CLAIM REVIEW,UNAVAILABLE: query inventory does not classify CTA,UNAVAILABLE: query inventory does not measure inlinks,UNAVAILABLE: processing,UNAVAILABLE: not exported,UNAVAILABLE,PRESERVE; individual editorial review pending,PsiTrends site steward,legacy-preservation,No relocation or deletion authorized by missing metrics,Meaningful Joomla query view; retain until exact equivalent and content reviewed,CMS-seeded query crawl2026-09-22,"HTTP status, visible content, locale and links",No mutation; retain paired private pre-release backup
https://psitrends.com/index.php?id=31&option=com_quix&view=page,https://psitrends.com/index.php?id=31&option=com_quix&view=page,KEEP,en-gb,200,https://psitrends.com/index.php?id=31&option=com_quix&view=page,"[{""type"": ""quix"", ""id"": ""31"", ""language"": ""*""}, {""type"": ""menu_exact"", ""id"": ""214"", ""language"": ""en-GB""}]",CLAIM REVIEW,UNAVAILABLE: query inventory does not classify CTA,UNAVAILABLE: query inventory does not measure inlinks,UNAVAILABLE: processing,UNAVAILABLE: not exported,UNAVAILABLE,PRESERVE; individual editorial review pending,PsiTrends site steward,legacy-preservation,No relocation or deletion authorized by missing metrics,Meaningful Joomla query view; retain until exact equivalent and content reviewed,CMS-seeded query crawl2026-09-22,"HTTP status, visible content, locale and links",No mutation; retain paired private pre-release backup
https://psitrends.com/index.php?id=32&option=com_quix&view=page,https://psitrends.com/index.php?id=32&option=com_quix&view=page,KEEP,en-gb,200,https://psitrends.com/index.php?id=32&option=com_quix&view=page,"[{""type"": ""quix"", ""id"": ""32"", ""language"": ""*""}, {""type"": ""menu_exact"", ""id"": ""333"", ""language"": ""en-GB""}]",CLAIM REVIEW,UNAVAILABLE: query inventory does not classify CTA,UNAVAILABLE: query inventory does not measure inlinks,UNAVAILABLE: processing,UNAVAILABLE: not exported,UNAVAILABLE,PRESERVE; individual editorial review pending,PsiTrends site steward,legacy-preservation,No relocation or deletion authorized by missing metrics,Meaningful Joomla query view; retain until exact equivalent and content reviewed,CMS-seeded query crawl2026-09-22,"HTTP status, visible content, locale and links",No mutation; retain paired private pre-release backup
https://psitrends.com/index.php?id=33&option=com_quix&view=page,https://psitrends.com/index.php?id=33&option=com_quix&view=page,KEEP,en-gb,200,https://psitrends.com/index.php?id=33&option=com_quix&view=page,"[{""type"": ""quix"", ""id"": ""33"", ""language"": ""*""}, {""type"": ""menu_exact"", ""id"": ""320"", ""language"": ""ru-RU""}]",CLAIM REVIEW,UNAVAILABLE: query inventory does not classify CTA,UNAVAILABLE: query inventory does not measure inlinks,UNAVAILABLE: processing,UNAVAILABLE: not exported,UNAVAILABLE,PRESERVE; individual editorial review pending,PsiTrends site steward,legacy-preservation,No relocation or deletion authorized by missing metrics,Meaningful Joomla query view; retain until exact equivalent and content reviewed,CMS-seeded query crawl2026-09-22,"HTTP status, visible content, locale and links",No mutation; retain paired private pre-release backup
https://psitrends.com/index.php?id=34&option=com_quix&view=page,https://psitrends.com/index.php?id=34&option=com_quix&view=page,KEEP,en-gb,200,https://psitrends.com/index.php?id=34&option=com_quix&view=page,"[{""type"": ""quix"", ""id"": ""34"", ""language"": ""*""}, {""type"": ""menu_exact"", ""id"": ""217"", ""language"": ""ru-RU""}]",CLAIM REVIEW,UNAVAILABLE: query inventory does not classify CTA,UNAVAILABLE: query inventory does not measure inlinks,UNAVAILABLE: processing,UNAVAILABLE: not exported,UNAVAILABLE,PRESERVE; individual editorial review pending,PsiTrends site steward,legacy-preservation,No relocation or deletion authorized by missing metrics,Meaningful Joomla query view; retain until exact equivalent and content reviewed,CMS-seeded query crawl2026-09-22,"HTTP status, visible content, locale and links",No mutation; retain paired private pre-release backup
https://psitrends.com/index.php?id=36&option=com_quix&view=page,https://psitrends.com/index.php?id=36&option=com_quix&view=page,KEEP,en-gb,200,https://psitrends.com/index.php?id=36&option=com_quix&view=page,"[{""type"": ""quix"", ""id"": ""36"", ""language"": ""*""}]",CLAIM REVIEW,UNAVAILABLE: query inventory does not classify CTA,UNAVAILABLE: query inventory does not measure inlinks,UNAVAILABLE: processing,UNAVAILABLE: not exported,UNAVAILABLE,PRESERVE; individual editorial review pending,PsiTrends site steward,legacy-preservation,No relocation or deletion authorized by missing metrics,Meaningful Joomla query view; retain until exact equivalent and content reviewed,CMS-seeded query crawl2026-09-22,"HTTP status, visible content, locale and links",No mutation; retain paired private pre-release backup
https://psitrends.com/index.php?id=37&option=com_quix&view=page,https://psitrends.com/index.php?id=37&option=com_quix&view=page,KEEP,en-gb,200,https://psitrends.com/index.php?id=37&option=com_quix&view=page,"[{""type"": ""quix"", ""id"": ""37"", ""language"": ""*""}, {""type"": ""menu_exact"", ""id"": ""219"", ""language"": ""*""}]",CLAIM REVIEW,UNAVAILABLE: query inventory does not classify CTA,UNAVAILABLE: query inventory does not measure inlinks,UNAVAILABLE: processing,UNAVAILABLE: not exported,UNAVAILABLE,PRESERVE; individual editorial review pending,PsiTrends site steward,legacy-preservation,No relocation or deletion authorized by missing metrics,Meaningful Joomla query view; retain until exact equivalent and content reviewed,CMS-seeded query crawl2026-09-22,"HTTP status, visible content, locale and links",No mutation; retain paired private pre-release backup
https://psitrends.com/index.php?id=38&option=com_quix&view=page,https://psitrends.com/index.php?id=38&option=com_quix&view=page,KEEP,en-gb,200,https://psitrends.com/index.php?id=38&option=com_quix&view=page,"[{""type"": ""quix"", ""id"": ""38"", ""language"": ""*""}, {""type"": ""menu_exact"", ""id"": ""220"", ""language"": ""en-GB""}]",CLAIM REVIEW,UNAVAILABLE: query inventory does not classify CTA,UNAVAILABLE: query inventory does not measure inlinks,UNAVAILABLE: processing,UNAVAILABLE: not exported,UNAVAILABLE,PRESERVE; individual editorial review pending,PsiTrends site steward,legacy-preservation,No relocation or deletion authorized by missing metrics,Meaningful Joomla query view; retain until exact equivalent and content reviewed,CMS-seeded query crawl2026-09-22,"HTTP status, visible content, locale and links",No mutation; retain paired private pre-release backup
https://psitrends.com/index.php?id=39&option=com_quix&view=page,https://psitrends.com/index.php?id=39&option=com_quix&view=page,KEEP,en-gb,200,https://psitrends.com/index.php?id=39&option=com_quix&view=page,"[{""type"": ""quix"", ""id"": ""39"", ""language"": ""*""}, {""type"": ""menu_exact"", ""id"": ""221"", ""language"": ""*""}]",CLAIM REVIEW,UNAVAILABLE: query inventory does not classify CTA,UNAVAILABLE: query inventory does not measure inlinks,UNAVAILABLE: processing,UNAVAILABLE: not exported,UNAVAILABLE,PRESERVE; individual editorial review pending,PsiTrends site steward,legacy-preservation,No relocation or deletion authorized by missing metrics,Meaningful Joomla query view; retain until exact equivalent and content reviewed,CMS-seeded query crawl2026-09-22,"HTTP status, visible content, locale and links",No mutation; retain paired private pre-release backup
https://psitrends.com/index.php?id=40&option=com_quix&view=page,https://psitrends.com/index.php?id=40&option=com_quix&view=page,KEEP,en-gb,200,https://psitrends.com/index.php?id=40&option=com_quix&view=page,"[{""type"": ""quix"", ""id"": ""40"", ""language"": ""*""}, {""type"": ""menu_exact"", ""id"": ""222"", ""language"": ""en-GB""}]",CLAIM REVIEW,UNAVAILABLE: query inventory does not classify CTA,UNAVAILABLE: query inventory does not measure inlinks,UNAVAILABLE: processing,UNAVAILABLE: not exported,UNAVAILABLE,PRESERVE; individual editorial review pending,PsiTrends site steward,legacy-preservation,No relocation or deletion authorized by missing metrics,Meaningful Joomla query view; retain until exact equivalent and content reviewed,CMS-seeded query crawl2026-09-22,"HTTP status, visible content, locale and links",No mutation; retain paired private pre-release backup
https://psitrends.com/index.php?id=41&option=com_quix&view=page,https://psitrends.com/index.php?id=41&option=com_quix&view=page,KEEP,en-gb,200,https://psitrends.com/index.php?id=41&option=com_quix&view=page,"[{""type"": ""quix"", ""id"": ""41"", ""language"": ""*""}, {""type"": ""menu_exact"", ""id"": ""223"", ""language"": ""en-GB""}]",CLAIM REVIEW,UNAVAILABLE: query inventory does not classify CTA,UNAVAILABLE: query inventory does not measure inlinks,UNAVAILABLE: processing,UNAVAILABLE: not exported,UNAVAILABLE,PRESERVE; individual editorial review pending,PsiTrends site steward,legacy-preservation,No relocation or deletion authorized by missing metrics,Meaningful Joomla query view; retain until exact equivalent and content reviewed,CMS-seeded query crawl2026-09-22,"HTTP status, visible content, locale and links",No mutation; retain paired private pre-release backup
https://psitrends.com/index.php?id=42&option=com_quix&view=page,https://psitrends.com/index.php?id=42&option=com_quix&view=page,KEEP,en-gb,200,https://psitrends.com/index.php?id=42&option=com_quix&view=page,"[{""type"": ""quix"", ""id"": ""42"", ""language"": ""*""}, {""type"": ""menu_exact"", ""id"": ""225"", ""language"": ""*""}]",CLAIM REVIEW,UNAVAILABLE: query inventory does not classify CTA,UNAVAILABLE: query inventory does not measure inlinks,UNAVAILABLE: processing,UNAVAILABLE: not exported,UNAVAILABLE,PRESERVE; individual editorial review pending,PsiTrends site steward,legacy-preservation,No relocation or deletion authorized by missing metrics,Meaningful Joomla query view; retain until exact equivalent and content reviewed,CMS-seeded query crawl2026-09-22,"HTTP status, visible content, locale and links",No mutation; retain paired private pre-release backup
https://psitrends.com/index.php?id=43&option=com_quix&view=page,https://psitrends.com/index.php?id=43&option=com_quix&view=page,KEEP,en-gb,200,https://psitrends.com/index.php?id=43&option=com_quix&view=page,"[{""type"": ""quix"", ""id"": ""43"", ""language"": ""*""}]",CLAIM REVIEW,UNAVAILABLE: query inventory does not classify CTA,UNAVAILABLE: query inventory does not measure inlinks,UNAVAILABLE: processing,UNAVAILABLE: not exported,UNAVAILABLE,PRESERVE; individual editorial review pending,PsiTrends site steward,legacy-preservation,No relocation or deletion authorized by missing metrics,Meaningful Joomla query view; retain until exact equivalent and content reviewed,CMS-seeded query crawl2026-09-22,"HTTP status, visible content, locale and links",No mutation; retain paired private pre-release backup
https://psitrends.com/index.php?id=44&option=com_quix&view=page,https://psitrends.com/index.php?id=44&option=com_quix&view=page,KEEP,en-gb,200,https://psitrends.com/index.php?id=44&option=com_quix&view=page,"[{""type"": ""quix"", ""id"": ""44"", ""language"": ""*""}, {""type"": ""menu_exact"", ""id"": ""227"", ""language"": ""en-GB""}]",CLAIM REVIEW,UNAVAILABLE: query inventory does not classify CTA,UNAVAILABLE: query inventory does not measure inlinks,UNAVAILABLE: processing,UNAVAILABLE: not exported,UNAVAILABLE,PRESERVE; individual editorial review pending,PsiTrends site steward,legacy-preservation,No relocation or deletion authorized by missing metrics,Meaningful Joomla query view; retain until exact equivalent and content reviewed,CMS-seeded query crawl2026-09-22,"HTTP status, visible content, locale and links",No mutation; retain paired private pre-release backup
https://psitrends.com/index.php?id=50&option=com_quix&view=page,https://psitrends.com/index.php?id=50&option=com_quix&view=page,KEEP,en-gb,200,https://psitrends.com/index.php?id=50&option=com_quix&view=page,"[{""type"": ""quix"", ""id"": ""50"", ""language"": ""*""}, {""type"": ""menu_exact"", ""id"": ""228"", ""language"": ""en-GB""}]",CLAIM REVIEW,UNAVAILABLE: query inventory does not classify CTA,UNAVAILABLE: query inventory does not measure inlinks,UNAVAILABLE: processing,UNAVAILABLE: not exported,UNAVAILABLE,PRESERVE; individual editorial review pending,PsiTrends site steward,legacy-preservation,No relocation or deletion authorized by missing metrics,Meaningful Joomla query view; retain until exact equivalent and content reviewed,CMS-seeded query crawl2026-09-22,"HTTP status, visible content, locale and links",No mutation; retain paired private pre-release backup
https://psitrends.com/index.php?id=52&option=com_quix&view=page,https://psitrends.com/index.php?id=52&option=com_quix&view=page,KEEP,en-gb,200,https://psitrends.com/index.php?id=52&option=com_quix&view=page,"[{""type"": ""quix"", ""id"": ""52"", ""language"": ""*""}, {""type"": ""menu_exact"", ""id"": ""229"", ""language"": ""en-GB""}]",CLAIM REVIEW,UNAVAILABLE: query inventory does not classify CTA,UNAVAILABLE: query inventory does not measure inlinks,UNAVAILABLE: processing,UNAVAILABLE: not exported,UNAVAILABLE,PRESERVE; individual editorial review pending,PsiTrends site steward,legacy-preservation,No relocation or deletion authorized by missing metrics,Meaningful Joomla query view; retain until exact equivalent and content reviewed,CMS-seeded query crawl2026-09-22,"HTTP status, visible content, locale and links",No mutation; retain paired private pre-release backup
https://psitrends.com/index.php?id=53&option=com_quix&view=page,https://psitrends.com/index.php?id=53&option=com_quix&view=page,KEEP,en-gb,200,https://psitrends.com/index.php?id=53&option=com_quix&view=page,"[{""type"": ""quix"", ""id"": ""53"", ""language"": ""*""}, {""type"": ""menu_exact"", ""id"": ""325"", ""language"": ""ru-RU""}]",CLAIM REVIEW,UNAVAILABLE: query inventory does not classify CTA,UNAVAILABLE: query inventory does not measure inlinks,UNAVAILABLE: processing,UNAVAILABLE: not exported,UNAVAILABLE,PRESERVE; individual editorial review pending,PsiTrends site steward,legacy-preservation,No relocation or deletion authorized by missing metrics,Meaningful Joomla query view; retain until exact equivalent and content reviewed,CMS-seeded query crawl2026-09-22,"HTTP status, visible content, locale and links",No mutation; retain paired private pre-release backup
https://psitrends.com/index.php?id=54&option=com_quix&view=page,https://psitrends.com/index.php?id=54&option=com_quix&view=page,KEEP,en-gb,200,https://psitrends.com/index.php?id=54&option=com_quix&view=page,"[{""type"": ""quix"", ""id"": ""54"", ""language"": ""*""}, {""type"": ""menu_exact"", ""id"": ""231"", ""language"": ""en-GB""}]",CLAIM REVIEW,UNAVAILABLE: query inventory does not classify CTA,UNAVAILABLE: query inventory does not measure inlinks,UNAVAILABLE: processing,UNAVAILABLE: not exported,UNAVAILABLE,PRESERVE; individual editorial review pending,PsiTrends site steward,legacy-preservation,No relocation or deletion authorized by missing metrics,Meaningful Joomla query view; retain until exact equivalent and content reviewed,CMS-seeded query crawl2026-09-22,"HTTP status, visible content, locale and links",No mutation; retain paired private pre-release backup
https://psitrends.com/index.php?id=55&option=com_quix&view=page,https://psitrends.com/index.php?id=55&option=com_quix&view=page,KEEP,en-gb,200,https://psitrends.com/index.php?id=55&option=com_quix&view=page,"[{""type"": ""quix"", ""id"": ""55"", ""language"": """"}]",CLAIM REVIEW,UNAVAILABLE: query inventory does not classify CTA,UNAVAILABLE: query inventory does not measure inlinks,UNAVAILABLE: processing,UNAVAILABLE: not exported,UNAVAILABLE,PRESERVE; individual editorial review pending,PsiTrends site steward,legacy-preservation,No relocation or deletion authorized by missing metrics,Meaningful Joomla query view; retain until exact equivalent and content reviewed,CMS-seeded query crawl2026-09-22,"HTTP status, visible content, locale and links",No mutation; retain paired private pre-release backup
https://psitrends.com/index.php?id=56&option=com_quix&view=page,https://psitrends.com/index.php?id=56&option=com_quix&view=page,KEEP,en-gb,200,https://psitrends.com/index.php?id=56&option=com_quix&view=page,"[{""type"": ""quix"", ""id"": ""56"", ""language"": ""*""}, {""type"": ""menu_exact"", ""id"": ""312"", ""language"": ""en-GB""}]",CLAIM REVIEW,UNAVAILABLE: query inventory does not classify CTA,UNAVAILABLE: query inventory does not measure inlinks,UNAVAILABLE: processing,UNAVAILABLE: not exported,UNAVAILABLE,PRESERVE; individual editorial review pending,PsiTrends site steward,legacy-preservation,No relocation or deletion authorized by missing metrics,Meaningful Joomla query view; retain until exact equivalent and content reviewed,CMS-seeded query crawl2026-09-22,"HTTP status, visible content, locale and links",No mutation; retain paired private pre-release backup
https://psitrends.com/index.php?id=57&option=com_quix&view=page,https://psitrends.com/index.php?id=57&option=com_quix&view=page,KEEP,en-gb,200,https://psitrends.com/index.php?id=57&option=com_quix&view=page,"[{""type"": ""quix"", ""id"": ""57"", ""language"": ""*""}, {""type"": ""menu_exact"", ""id"": ""326"", ""language"": ""ru-RU""}]",CLAIM REVIEW,UNAVAILABLE: query inventory does not classify CTA,UNAVAILABLE: query inventory does not measure inlinks,UNAVAILABLE: processing,UNAVAILABLE: not exported,UNAVAILABLE,PRESERVE; individual editorial review pending,PsiTrends site steward,legacy-preservation,No relocation or deletion authorized by missing metrics,Meaningful Joomla query view; retain until exact equivalent and content reviewed,CMS-seeded query crawl2026-09-22,"HTTP status, visible content, locale and links",No mutation; retain paired private pre-release backup
https://psitrends.com/index.php?id=58&option=com_quix&view=page,https://psitrends.com/index.php?id=58&option=com_quix&view=page,KEEP,en-gb,200,https://psitrends.com/index.php?id=58&option=com_quix&view=page,"[{""type"": ""quix"", ""id"": ""58"", ""language"": ""*""}]",CLAIM REVIEW,UNAVAILABLE: query inventory does not classify CTA,UNAVAILABLE: query inventory does not measure inlinks,UNAVAILABLE: processing,UNAVAILABLE: not exported,UNAVAILABLE,PRESERVE; individual editorial review pending,PsiTrends site steward,legacy-preservation,No relocation or deletion authorized by missing metrics,Meaningful Joomla query view; retain until exact equivalent and content reviewed,CMS-seeded query crawl2026-09-22,"HTTP status, visible content, locale and links",No mutation; retain paired private pre-release backup
https://psitrends.com/index.php?id=59&option=com_quix&view=page,https://psitrends.com/index.php?id=59&option=com_quix&view=page,KEEP,en-gb,200,https://psitrends.com/index.php?id=59&option=com_quix&view=page,"[{""type"": ""quix"", ""id"": ""59"", ""language"": ""*""}]",CLAIM REVIEW,UNAVAILABLE: query inventory does not classify CTA,UNAVAILABLE: query inventory does not measure inlinks,UNAVAILABLE: processing,UNAVAILABLE: not exported,UNAVAILABLE,PRESERVE; individual editorial review pending,PsiTrends site steward,legacy-preservation,No relocation or deletion authorized by missing metrics,Meaningful Joomla query view; retain until exact equivalent and content reviewed,CMS-seeded query crawl2026-09-22,"HTTP status, visible content, locale and links",No mutation; retain paired private pre-release backup
https://psitrends.com/index.php?id=60&option=com_quix&view=page,https://psitrends.com/index.php?id=60&option=com_quix&view=page,KEEP,en-gb,200,https://psitrends.com/index.php?id=60&option=com_quix&view=page,"[{""type"": ""quix"", ""id"": ""60"", ""language"": ""*""}, {""type"": ""menu_exact"", ""id"": ""252"", ""language"": ""ru-RU""}]",CLAIM REVIEW,UNAVAILABLE: query inventory does not classify CTA,UNAVAILABLE: query inventory does not measure inlinks,UNAVAILABLE: processing,UNAVAILABLE: not exported,UNAVAILABLE,PRESERVE; individual editorial review pending,PsiTrends site steward,legacy-preservation,No relocation or deletion authorized by missing metrics,Meaningful Joomla query view; retain until exact equivalent and content reviewed,CMS-seeded query crawl2026-09-22,"HTTP status, visible content, locale and links",No mutation; retain paired private pre-release backup
https://psitrends.com/index.php?id=61&option=com_quix&view=page,https://psitrends.com/index.php?id=61&option=com_quix&view=page,KEEP,en-gb,200,https://psitrends.com/index.php?id=61&option=com_quix&view=page,"[{""type"": ""quix"", ""id"": ""61"", ""language"": ""*""}, {""type"": ""menu_exact"", ""id"": ""254"", ""language"": ""ru-RU""}]",CLAIM REVIEW,UNAVAILABLE: query inventory does not classify CTA,UNAVAILABLE: query inventory does not measure inlinks,UNAVAILABLE: processing,UNAVAILABLE: not exported,UNAVAILABLE,PRESERVE; individual editorial review pending,PsiTrends site steward,legacy-preservation,No relocation or deletion authorized by missing metrics,Meaningful Joomla query view; retain until exact equivalent and content reviewed,CMS-seeded query crawl2026-09-22,"HTTP status, visible content, locale and links",No mutation; retain paired private pre-release backup
https://psitrends.com/index.php?id=62&option=com_quix&view=page,https://psitrends.com/index.php?id=62&option=com_quix&view=page,KEEP,en-gb,200,https://psitrends.com/index.php?id=62&option=com_quix&view=page,"[{""type"": ""quix"", ""id"": ""62"", ""language"": ""*""}, {""type"": ""menu_exact"", ""id"": ""253"", ""language"": ""ru-RU""}]",CLAIM REVIEW,UNAVAILABLE: query inventory does not classify CTA,UNAVAILABLE: query inventory does not measure inlinks,UNAVAILABLE: processing,UNAVAILABLE: not exported,UNAVAILABLE,PRESERVE; individual editorial review pending,PsiTrends site steward,legacy-preservation,No relocation or deletion authorized by missing metrics,Meaningful Joomla query view; retain until exact equivalent and content reviewed,CMS-seeded query crawl2026-09-22,"HTTP status, visible content, locale and links",No mutation; retain paired private pre-release backup
https://psitrends.com/index.php?id=65&option=com_quix&view=page,https://psitrends.com/index.php?id=65&option=com_quix&view=page,KEEP,en-gb,200,https://psitrends.com/index.php?id=65&option=com_quix&view=page,"[{""type"": ""quix"", ""id"": ""65"", ""language"": ""*""}, {""type"": ""menu_exact"", ""id"": ""256"", ""language"": ""ru-RU""}]",CLAIM REVIEW,UNAVAILABLE: query inventory does not classify CTA,UNAVAILABLE: query inventory does not measure inlinks,UNAVAILABLE: processing,UNAVAILABLE: not exported,UNAVAILABLE,PRESERVE; individual editorial review pending,PsiTrends site steward,legacy-preservation,No relocation or deletion authorized by missing metrics,Meaningful Joomla query view; retain until exact equivalent and content reviewed,CMS-seeded query crawl2026-09-22,"HTTP status, visible content, locale and links",No mutation; retain paired private pre-release backup
https://psitrends.com/index.php?id=66&option=com_quix&view=page,https://psitrends.com/index.php?id=66&option=com_quix&view=page,KEEP,en-gb,200,https://psitrends.com/index.php?id=66&option=com_quix&view=page,"[{""type"": ""quix"", ""id"": ""66"", ""language"": ""*""}, {""type"": ""menu_exact"", ""id"": ""257"", ""language"": ""ru-RU""}]",CLAIM REVIEW,UNAVAILABLE: query inventory does not classify CTA,UNAVAILABLE: query inventory does not measure inlinks,UNAVAILABLE: processing,UNAVAILABLE: not exported,UNAVAILABLE,PRESERVE; individual editorial review pending,PsiTrends site steward,legacy-preservation,No relocation or deletion authorized by missing metrics,Meaningful Joomla query view; retain until exact equivalent and content reviewed,CMS-seeded query crawl2026-09-22,"HTTP status, visible content, locale and links",No mutation; retain paired private pre-release backup
https://psitrends.com/index.php?id=67&option=com_quix&view=page,https://psitrends.com/index.php?id=67&option=com_quix&view=page,KEEP,en-gb,200,https://psitrends.com/index.php?id=67&option=com_quix&view=page,"[{""type"": ""quix"", ""id"": ""67"", ""language"": ""*""}, {""type"": ""menu_exact"", ""id"": ""258"", ""language"": ""ru-RU""}]",CLAIM REVIEW,UNAVAILABLE: query inventory does not classify CTA,UNAVAILABLE: query inventory does not measure inlinks,UNAVAILABLE: processing,UNAVAILABLE: not exported,UNAVAILABLE,PRESERVE; individual editorial review pending,PsiTrends site steward,legacy-preservation,No relocation or deletion authorized by missing metrics,Meaningful Joomla query view; retain until exact equivalent and content reviewed,CMS-seeded query crawl2026-09-22,"HTTP status, visible content, locale and links",No mutation; retain paired private pre-release backup
https://psitrends.com/index.php?id=68&option=com_quix&view=page,https://psitrends.com/index.php?id=68&option=com_quix&view=page,KEEP,en-gb,200,https://psitrends.com/index.php?id=68&option=com_quix&view=page,"[{""type"": ""quix"", ""id"": ""68"", ""language"": ""*""}]",CLAIM REVIEW,UNAVAILABLE: query inventory does not classify CTA,UNAVAILABLE: query inventory does not measure inlinks,UNAVAILABLE: processing,UNAVAILABLE: not exported,UNAVAILABLE,PRESERVE; individual editorial review pending,PsiTrends site steward,legacy-preservation,No relocation or deletion authorized by missing metrics,Meaningful Joomla query view; retain until exact equivalent and content reviewed,CMS-seeded query crawl2026-09-22,"HTTP status, visible content, locale and links",No mutation; retain paired private pre-release backup
https://psitrends.com/index.php?id=70&option=com_quix&view=page,https://psitrends.com/index.php?id=70&option=com_quix&view=page,KEEP,en-gb,200,https://psitrends.com/index.php?id=70&option=com_quix&view=page,"[{""type"": ""quix"", ""id"": ""70"", ""language"": ""*""}, {""type"": ""menu_exact"", ""id"": ""260"", ""language"": ""*""}]",CLAIM REVIEW,UNAVAILABLE: query inventory does not classify CTA,UNAVAILABLE: query inventory does not measure inlinks,UNAVAILABLE: processing,UNAVAILABLE: not exported,UNAVAILABLE,PRESERVE; individual editorial review pending,PsiTrends site steward,legacy-preservation,No relocation or deletion authorized by missing metrics,Meaningful Joomla query view; retain until exact equivalent and content reviewed,CMS-seeded query crawl2026-09-22,"HTTP status, visible content, locale and links",No mutation; retain paired private pre-release backup
https://psitrends.com/index.php?id=71&option=com_quix&view=page,https://psitrends.com/index.php?id=71&option=com_quix&view=page,KEEP,en-gb,200,https://psitrends.com/index.php?id=71&option=com_quix&view=page,"[{""type"": ""quix"", ""id"": ""71"", ""language"": ""*""}, {""type"": ""menu_exact"", ""id"": ""262"", ""language"": ""en-GB""}]",CLAIM REVIEW,UNAVAILABLE: query inventory does not classify CTA,UNAVAILABLE: query inventory does not measure inlinks,UNAVAILABLE: processing,UNAVAILABLE: not exported,UNAVAILABLE,PRESERVE; individual editorial review pending,PsiTrends site steward,legacy-preservation,No relocation or deletion authorized by missing metrics,Meaningful Joomla query view; retain until exact equivalent and content reviewed,CMS-seeded query crawl2026-09-22,"HTTP status, visible content, locale and links",No mutation; retain paired private pre-release backup
https://psitrends.com/index.php?id=72&option=com_quix&view=page,https://psitrends.com/index.php?id=72&option=com_quix&view=page,KEEP,en-gb,200,https://psitrends.com/index.php?id=72&option=com_quix&view=page,"[{""type"": ""quix"", ""id"": ""72"", ""language"": ""*""}, {""type"": ""menu_exact"", ""id"": ""264"", ""language"": ""en-GB""}]",CLAIM REVIEW,UNAVAILABLE: query inventory does not classify CTA,UNAVAILABLE: query inventory does not measure inlinks,UNAVAILABLE: processing,UNAVAILABLE: not exported,UNAVAILABLE,PRESERVE; individual editorial review pending,PsiTrends site steward,legacy-preservation,No relocation or deletion authorized by missing metrics,Meaningful Joomla query view; retain until exact equivalent and content reviewed,CMS-seeded query crawl2026-09-22,"HTTP status, visible content, locale and links",No mutation; retain paired private pre-release backup
https://psitrends.com/index.php?id=73&option=com_quix&view=page,https://psitrends.com/index.php?id=73&option=com_quix&view=page,KEEP,en-gb,200,https://psitrends.com/index.php?id=73&option=com_quix&view=page,"[{""type"": ""quix"", ""id"": ""73"", ""language"": ""*""}, {""type"": ""menu_exact"", ""id"": ""265"", ""language"": ""*""}, {""type"": ""menu_exact"", ""id"": ""302"", ""language"": ""en-GB""}]",CLAIM REVIEW,UNAVAILABLE: query inventory does not classify CTA,UNAVAILABLE: query inventory does not measure inlinks,UNAVAILABLE: processing,UNAVAILABLE: not exported,UNAVAILABLE,PRESERVE; individual editorial review pending,PsiTrends site steward,legacy-preservation,No relocation or deletion authorized by missing metrics,Meaningful Joomla query view; retain until exact equivalent and content reviewed,CMS-seeded query crawl2026-09-22,"HTTP status, visible content, locale and links",No mutation; retain paired private pre-release backup
https://psitrends.com/index.php?id=76&option=com_quix&view=page,https://psitrends.com/index.php?id=76&option=com_quix&view=page,KEEP,en-gb,200,https://psitrends.com/index.php?id=76&option=com_quix&view=page,"[{""type"": ""quix"", ""id"": ""76"", ""language"": ""*""}, {""type"": ""menu_exact"", ""id"": ""269"", ""language"": ""en-GB""}]",CLAIM REVIEW,UNAVAILABLE: query inventory does not classify CTA,UNAVAILABLE: query inventory does not measure inlinks,UNAVAILABLE: processing,UNAVAILABLE: not exported,UNAVAILABLE,PRESERVE; individual editorial review pending,PsiTrends site steward,legacy-preservation,No relocation or deletion authorized by missing metrics,Meaningful Joomla query view; retain until exact equivalent and content reviewed,CMS-seeded query crawl2026-09-22,"HTTP status, visible content, locale and links",No mutation; retain paired private pre-release backup
https://psitrends.com/index.php?id=77&option=com_quix&view=page,https://psitrends.com/index.php?id=77&option=com_quix&view=page,KEEP,en-gb,200,https://psitrends.com/index.php?id=77&option=com_quix&view=page,"[{""type"": ""quix"", ""id"": ""77"", ""language"": ""*""}, {""type"": ""menu_exact"", ""id"": ""206"", ""language"": ""en-GB""}]",CLAIM REVIEW,UNAVAILABLE: query inventory does not classify CTA,UNAVAILABLE: query inventory does not measure inlinks,UNAVAILABLE: processing,UNAVAILABLE: not exported,UNAVAILABLE,PRESERVE; individual editorial review pending,PsiTrends site steward,legacy-preservation,No relocation or deletion authorized by missing metrics,Meaningful Joomla query view; retain until exact equivalent and content reviewed,CMS-seeded query crawl2026-09-22,"HTTP status, visible content, locale and links",No mutation; retain paired private pre-release backup
https://psitrends.com/index.php?id=80&option=com_quix&view=page,https://psitrends.com/index.php?id=80&option=com_quix&view=page,KEEP,en-gb,200,https://psitrends.com/index.php?id=80&option=com_quix&view=page,"[{""type"": ""quix"", ""id"": ""80"", ""language"": ""*""}, {""type"": ""menu_exact"", ""id"": ""272"", ""language"": ""en-GB""}]",CLAIM REVIEW,UNAVAILABLE: query inventory does not classify CTA,UNAVAILABLE: query inventory does not measure inlinks,UNAVAILABLE: processing,UNAVAILABLE: not exported,UNAVAILABLE,PRESERVE; individual editorial review pending,PsiTrends site steward,legacy-preservation,No relocation or deletion authorized by missing metrics,Meaningful Joomla query view; retain until exact equivalent and content reviewed,CMS-seeded query crawl2026-09-22,"HTTP status, visible content, locale and links",No mutation; retain paired private pre-release backup
https://psitrends.com/index.php?id=81&option=com_quix&view=page,https://psitrends.com/index.php?id=81&option=com_quix&view=page,KEEP,en-gb,200,https://psitrends.com/index.php?id=81&option=com_quix&view=page,"[{""type"": ""quix"", ""id"": ""81"", ""language"": ""*""}, {""type"": ""menu_exact"", ""id"": ""273"", ""language"": ""*""}]",CLAIM REVIEW,UNAVAILABLE: query inventory does not classify CTA,UNAVAILABLE: query inventory does not measure inlinks,UNAVAILABLE: processing,UNAVAILABLE: not exported,UNAVAILABLE,PRESERVE; individual editorial review pending,PsiTrends site steward,legacy-preservation,No relocation or deletion authorized by missing metrics,Meaningful Joomla query view; retain until exact equivalent and content reviewed,CMS-seeded query crawl2026-09-22,"HTTP status, visible content, locale and links",No mutation; retain paired private pre-release backup
https://psitrends.com/index.php?id=82&option=com_quix&view=page,https://psitrends.com/index.php?id=82&option=com_quix&view=page,KEEP,en-gb,200,https://psitrends.com/index.php?id=82&option=com_quix&view=page,"[{""type"": ""quix"", ""id"": ""82"", ""language"": ""*""}, {""type"": ""menu_exact"", ""id"": ""279"", ""language"": ""en-GB""}]",CLAIM REVIEW,UNAVAILABLE: query inventory does not classify CTA,UNAVAILABLE: query inventory does not measure inlinks,UNAVAILABLE: processing,UNAVAILABLE: not exported,UNAVAILABLE,PRESERVE; individual editorial review pending,PsiTrends site steward,legacy-preservation,No relocation or deletion authorized by missing metrics,Meaningful Joomla query view; retain until exact equivalent and content reviewed,CMS-seeded query crawl2026-09-22,"HTTP status, visible content, locale and links",No mutation; retain paired private pre-release backup
https://psitrends.com/index.php?id=83&option=com_quix&view=page,https://psitrends.com/index.php?id=83&option=com_quix&view=page,KEEP,en-gb,200,https://psitrends.com/index.php?id=83&option=com_quix&view=page,"[{""type"": ""quix"", ""id"": ""83"", ""language"": ""*""}, {""type"": ""menu_exact"", ""id"": ""210"", ""language"": ""ru-RU""}]",CLAIM REVIEW,UNAVAILABLE: query inventory does not classify CTA,UNAVAILABLE: query inventory does not measure inlinks,UNAVAILABLE: processing,UNAVAILABLE: not exported,UNAVAILABLE,PRESERVE; individual editorial review pending,PsiTrends site steward,legacy-preservation,No relocation or deletion authorized by missing metrics,Meaningful Joomla query view; retain until exact equivalent and content reviewed,CMS-seeded query crawl2026-09-22,"HTTP status, visible content, locale and links",No mutation; retain paired private pre-release backup
https://psitrends.com/index.php?id=84&option=com_quix&view=page,https://psitrends.com/index.php?id=84&option=com_quix&view=page,KEEP,en-gb,200,https://psitrends.com/index.php?id=84&option=com_quix&view=page,"[{""type"": ""quix"", ""id"": ""84"", ""language"": ""*""}, {""type"": ""menu_exact"", ""id"": ""275"", ""language"": ""ru-RU""}]",CLAIM REVIEW,UNAVAILABLE: query inventory does not classify CTA,UNAVAILABLE: query inventory does not measure inlinks,UNAVAILABLE: processing,UNAVAILABLE: not exported,UNAVAILABLE,PRESERVE; individual editorial review pending,PsiTrends site steward,legacy-preservation,No relocation or deletion authorized by missing metrics,Meaningful Joomla query view; retain until exact equivalent and content reviewed,CMS-seeded query crawl2026-09-22,"HTTP status, visible content, locale and links",No mutation; retain paired private pre-release backup
https://psitrends.com/index.php?id=85&option=com_quix&view=page,https://psitrends.com/index.php?id=85&option=com_quix&view=page,KEEP,en-gb,200,https://psitrends.com/index.php?id=85&option=com_quix&view=page,"[{""type"": ""quix"", ""id"": ""85"", ""language"": ""*""}, {""type"": ""menu_exact"", ""id"": ""318"", ""language"": ""ru-RU""}]",CLAIM REVIEW,UNAVAILABLE: query inventory does not classify CTA,UNAVAILABLE: query inventory does not measure inlinks,UNAVAILABLE: processing,UNAVAILABLE: not exported,UNAVAILABLE,PRESERVE; individual editorial review pending,PsiTrends site steward,legacy-preservation,No relocation or deletion authorized by missing metrics,Meaningful Joomla query view; retain until exact equivalent and content reviewed,CMS-seeded query crawl2026-09-22,"HTTP status, visible content, locale and links",No mutation; retain paired private pre-release backup
https://psitrends.com/index.php?id=86&option=com_quix&view=page,https://psitrends.com/index.php?id=86&option=com_quix&view=page,KEEP,en-gb,200,https://psitrends.com/index.php?id=86&option=com_quix&view=page,"[{""type"": ""quix"", ""id"": ""86"", ""language"": ""*""}, {""type"": ""menu_exact"", ""id"": ""277"", ""language"": ""ru-RU""}]",CLAIM REVIEW,UNAVAILABLE: query inventory does not classify CTA,UNAVAILABLE: query inventory does not measure inlinks,UNAVAILABLE: processing,UNAVAILABLE: not exported,UNAVAILABLE,PRESERVE; individual editorial review pending,PsiTrends site steward,legacy-preservation,No relocation or deletion authorized by missing metrics,Meaningful Joomla query view; retain until exact equivalent and content reviewed,CMS-seeded query crawl2026-09-22,"HTTP status, visible content, locale and links",No mutation; retain paired private pre-release backup
https://psitrends.com/index.php?id=87&option=com_quix&view=page,https://psitrends.com/index.php?id=87&option=com_quix&view=page,KEEP,en-gb,200,https://psitrends.com/index.php?id=87&option=com_quix&view=page,"[{""type"": ""quix"", ""id"": ""87"", ""language"": ""*""}, {""type"": ""menu_exact"", ""id"": ""278"", ""language"": ""ru-RU""}]",CLAIM REVIEW,UNAVAILABLE: query inventory does not classify CTA,UNAVAILABLE: query inventory does not measure inlinks,UNAVAILABLE: processing,UNAVAILABLE: not exported,UNAVAILABLE,PRESERVE; individual editorial review pending,PsiTrends site steward,legacy-preservation,No relocation or deletion authorized by missing metrics,Meaningful Joomla query view; retain until exact equivalent and content reviewed,CMS-seeded query crawl2026-09-22,"HTTP status, visible content, locale and links",No mutation; retain paired private pre-release backup
https://psitrends.com/index.php?id=88&option=com_quix&view=page,https://psitrends.com/index.php?id=88&option=com_quix&view=page,KEEP,en-gb,200,https://psitrends.com/index.php?id=88&option=com_quix&view=page,"[{""type"": ""quix"", ""id"": ""88"", ""language"": ""en-GB""}, {""type"": ""menu_exact"", ""id"": ""303"", ""language"": ""en-GB""}]",CLAIM REVIEW,UNAVAILABLE: query inventory does not classify CTA,UNAVAILABLE: query inventory does not measure inlinks,UNAVAILABLE: processing,UNAVAILABLE: not exported,UNAVAILABLE,PRESERVE; individual editorial review pending,PsiTrends site steward,legacy-preservation,No relocation or deletion authorized by missing metrics,Meaningful Joomla query view; retain until exact equivalent and content reviewed,CMS-seeded query crawl2026-09-22,"HTTP status, visible content, locale and links",No mutation; retain paired private pre-release backup
https://psitrends.com/index.php?id=89&option=com_quix&view=page,https://psitrends.com/index.php?id=89&option=com_quix&view=page,KEEP,en-gb,200,https://psitrends.com/index.php?id=89&option=com_quix&view=page,"[{""type"": ""quix"", ""id"": ""89"", ""language"": ""ru-RU""}, {""type"": ""menu_exact"", ""id"": ""323"", ""language"": ""ru-RU""}]",CLAIM REVIEW,UNAVAILABLE: query inventory does not classify CTA,UNAVAILABLE: query inventory does not measure inlinks,UNAVAILABLE: processing,UNAVAILABLE: not exported,UNAVAILABLE,PRESERVE; individual editorial review pending,PsiTrends site steward,legacy-preservation,No relocation or deletion authorized by missing metrics,Meaningful Joomla query view; retain until exact equivalent and content reviewed,CMS-seeded query crawl2026-09-22,"HTTP status, visible content, locale and links",No mutation; retain paired private pre-release backup
https://psitrends.com/index.php?id=91&option=com_quix&view=page,https://psitrends.com/index.php?id=91&option=com_quix&view=page,KEEP,en-gb,200,https://psitrends.com/index.php?id=91&option=com_quix&view=page,"[{""type"": ""quix"", ""id"": ""91"", ""language"": ""*""}, {""type"": ""menu_exact"", ""id"": ""283"", ""language"": ""ru-RU""}]",CLAIM REVIEW,UNAVAILABLE: query inventory does not classify CTA,UNAVAILABLE: query inventory does not measure inlinks,UNAVAILABLE: processing,UNAVAILABLE: not exported,UNAVAILABLE,PRESERVE; individual editorial review pending,PsiTrends site steward,legacy-preservation,No relocation or deletion authorized by missing metrics,Meaningful Joomla query view; retain until exact equivalent and content reviewed,CMS-seeded query crawl2026-09-22,"HTTP status, visible content, locale and links",No mutation; retain paired private pre-release backup
https://psitrends.com/index.php?id=93&option=com_quix&view=page,https://psitrends.com/index.php?id=93&option=com_quix&view=page,KEEP,en-gb,200,https://psitrends.com/index.php?id=93&option=com_quix&view=page,"[{""type"": ""quix"", ""id"": ""93"", ""language"": ""*""}, {""type"": ""menu_exact"", ""id"": ""284"", ""language"": ""ru-RU""}]",CLAIM REVIEW,UNAVAILABLE: query inventory does not classify CTA,UNAVAILABLE: query inventory does not measure inlinks,UNAVAILABLE: processing,UNAVAILABLE: not exported,UNAVAILABLE,PRESERVE; individual editorial review pending,PsiTrends site steward,legacy-preservation,No relocation or deletion authorized by missing metrics,Meaningful Joomla query view; retain until exact equivalent and content reviewed,CMS-seeded query crawl2026-09-22,"HTTP status, visible content, locale and links",No mutation; retain paired private pre-release backup
https://psitrends.com/index.php?id=94&option=com_quix&view=page,https://psitrends.com/index.php?id=94&option=com_quix&view=page,KEEP,en-gb,200,https://psitrends.com/index.php?id=94&option=com_quix&view=page,"[{""type"": ""quix"", ""id"": ""94"", ""language"": ""*""}, {""type"": ""menu_exact"", ""id"": ""285"", ""language"": ""ru-RU""}]",CLAIM REVIEW,UNAVAILABLE: query inventory does not classify CTA,UNAVAILABLE: query inventory does not measure inlinks,UNAVAILABLE: processing,UNAVAILABLE: not exported,UNAVAILABLE,PRESERVE; individual editorial review pending,PsiTrends site steward,legacy-preservation,No relocation or deletion authorized by missing metrics,Meaningful Joomla query view; retain until exact equivalent and content reviewed,CMS-seeded query crawl2026-09-22,"HTTP status, visible content, locale and links",No mutation; retain paired private pre-release backup
https://psitrends.com/index.php?id=95&option=com_quix&view=page,https://psitrends.com/index.php?id=95&option=com_quix&view=page,KEEP,en-gb,200,https://psitrends.com/index.php?id=95&option=com_quix&view=page,"[{""type"": ""quix"", ""id"": ""95"", ""language"": ""*""}]",CLAIM REVIEW,UNAVAILABLE: query inventory does not classify CTA,UNAVAILABLE: query inventory does not measure inlinks,UNAVAILABLE: processing,UNAVAILABLE: not exported,UNAVAILABLE,PRESERVE; individual editorial review pending,PsiTrends site steward,legacy-preservation,No relocation or deletion authorized by missing metrics,Meaningful Joomla query view; retain until exact equivalent and content reviewed,CMS-seeded query crawl2026-09-22,"HTTP status, visible content, locale and links",No mutation; retain paired private pre-release backup
https://psitrends.com/index.php?id=97&option=com_quix&view=page,https://psitrends.com/index.php?id=97&option=com_quix&view=page,KEEP,en-gb,200,https://psitrends.com/index.php?id=97&option=com_quix&view=page,"[{""type"": ""quix"", ""id"": ""97"", ""language"": ""ru-RU""}]",CLAIM REVIEW,UNAVAILABLE: query inventory does not classify CTA,UNAVAILABLE: query inventory does not measure inlinks,UNAVAILABLE: processing,UNAVAILABLE: not exported,UNAVAILABLE,PRESERVE; individual editorial review pending,PsiTrends site steward,legacy-preservation,No relocation or deletion authorized by missing metrics,Meaningful Joomla query view; retain until exact equivalent and content reviewed,CMS-seeded query crawl2026-09-22,"HTTP status, visible content, locale and links",No mutation; retain paired private pre-release backup
https://psitrends.com/index.php?id=98&option=com_quix&view=page,https://psitrends.com/index.php?id=98&option=com_quix&view=page,KEEP,en-gb,200,https://psitrends.com/index.php?id=98&option=com_quix&view=page,"[{""type"": ""quix"", ""id"": ""98"", ""language"": ""ru-RU""}, {""type"": ""menu_exact"", ""id"": ""288"", ""language"": ""ru-RU""}]",CLAIM REVIEW,UNAVAILABLE: query inventory does not classify CTA,UNAVAILABLE: query inventory does not measure inlinks,UNAVAILABLE: processing,UNAVAILABLE: not exported,UNAVAILABLE,PRESERVE; individual editorial review pending,PsiTrends site steward,legacy-preservation,No relocation or deletion authorized by missing metrics,Meaningful Joomla query view; retain until exact equivalent and content reviewed,CMS-seeded query crawl2026-09-22,"HTTP status, visible content, locale and links",No mutation; retain paired private pre-release backup
https://psitrends.com/index.php?id=99&option=com_quix&view=page,https://psitrends.com/index.php?id=99&option=com_quix&view=page,KEEP,en-gb,200,https://psitrends.com/index.php?id=99&option=com_quix&view=page,"[{""type"": ""quix"", ""id"": ""99"", ""language"": ""ru-RU""}, {""type"": ""menu_exact"", ""id"": ""292"", ""language"": ""ru-RU""}]",CLAIM REVIEW,UNAVAILABLE: query inventory does not classify CTA,UNAVAILABLE: query inventory does not measure inlinks,UNAVAILABLE: processing,UNAVAILABLE: not exported,UNAVAILABLE,PRESERVE; individual editorial review pending,PsiTrends site steward,legacy-preservation,No relocation or deletion authorized by missing metrics,Meaningful Joomla query view; retain until exact equivalent and content reviewed,CMS-seeded query crawl2026-09-22,"HTTP status, visible content, locale and links",No mutation; retain paired private pre-release backup
https://psitrends.com/index.php?id=100&option=com_quix&view=page,https://psitrends.com/index.php?id=100&option=com_quix&view=page,KEEP,en-gb,200,https://psitrends.com/index.php?id=100&option=com_quix&view=page,"[{""type"": ""quix"", ""id"": ""100"", ""language"": ""ru-RU""}, {""type"": ""menu_exact"", ""id"": ""293"", ""language"": ""ru-RU""}]",CLAIM REVIEW,UNAVAILABLE: query inventory does not classify CTA,UNAVAILABLE: query inventory does not measure inlinks,UNAVAILABLE: processing,UNAVAILABLE: not exported,UNAVAILABLE,PRESERVE; individual editorial review pending,PsiTrends site steward,legacy-preservation,No relocation or deletion authorized by missing metrics,Meaningful Joomla query view; retain until exact equivalent and content reviewed,CMS-seeded query crawl2026-09-22,"HTTP status, visible content, locale and links",No mutation; retain paired private pre-release backup
https://psitrends.com/index.php?id=101&option=com_quix&view=page,https://psitrends.com/index.php?id=101&option=com_quix&view=page,KEEP,en-gb,200,https://psitrends.com/index.php?id=101&option=com_quix&view=page,"[{""type"": ""quix"", ""id"": ""101"", ""language"": ""ru-RU""}, {""type"": ""menu_exact"", ""id"": ""294"", ""language"": ""ru-RU""}]",CLAIM REVIEW,UNAVAILABLE: query inventory does not classify CTA,UNAVAILABLE: query inventory does not measure inlinks,UNAVAILABLE: processing,UNAVAILABLE: not exported,UNAVAILABLE,PRESERVE; individual editorial review pending,PsiTrends site steward,legacy-preservation,No relocation or deletion authorized by missing metrics,Meaningful Joomla query view; retain until exact equivalent and content reviewed,CMS-seeded query crawl2026-09-22,"HTTP status, visible content, locale and links",No mutation; retain paired private pre-release backup
https://psitrends.com/index.php?id=102&option=com_quix&view=page,https://psitrends.com/index.php?id=102&option=com_quix&view=page,KEEP,en-gb,200,https://psitrends.com/index.php?id=102&option=com_quix&view=page,"[{""type"": ""quix"", ""id"": ""102"", ""language"": ""ru-RU""}, {""type"": ""menu_exact"", ""id"": ""295"", ""language"": ""ru-RU""}]",CLAIM REVIEW,UNAVAILABLE: query inventory does not classify CTA,UNAVAILABLE: query inventory does not measure inlinks,UNAVAILABLE: processing,UNAVAILABLE: not exported,UNAVAILABLE,PRESERVE; individual editorial review pending,PsiTrends site steward,legacy-preservation,No relocation or deletion authorized by missing metrics,Meaningful Joomla query view; retain until exact equivalent and content reviewed,CMS-seeded query crawl2026-09-22,"HTTP status, visible content, locale and links",No mutation; retain paired private pre-release backup
https://psitrends.com/index.php?id=103&option=com_quix&view=page,https://psitrends.com/index.php?id=103&option=com_quix&view=page,KEEP,en-gb,200,https://psitrends.com/index.php?id=103&option=com_quix&view=page,"[{""type"": ""quix"", ""id"": ""103"", ""language"": ""ru-RU""}, {""type"": ""menu_exact"", ""id"": ""296"", ""language"": ""ru-RU""}]",CLAIM REVIEW,UNAVAILABLE: query inventory does not classify CTA,UNAVAILABLE: query inventory does not measure inlinks,UNAVAILABLE: processing,UNAVAILABLE: not exported,UNAVAILABLE,PRESERVE; individual editorial review pending,PsiTrends site steward,legacy-preservation,No relocation or deletion authorized by missing metrics,Meaningful Joomla query view; retain until exact equivalent and content reviewed,CMS-seeded query crawl2026-09-22,"HTTP status, visible content, locale and links",No mutation; retain paired private pre-release backup
https://psitrends.com/index.php?id=104&option=com_quix&view=page,https://psitrends.com/index.php?id=104&option=com_quix&view=page,KEEP,en-gb,200,https://psitrends.com/index.php?id=104&option=com_quix&view=page,"[{""type"": ""quix"", ""id"": ""104"", ""language"": ""ru-RU""}, {""type"": ""menu_exact"", ""id"": ""297"", ""language"": ""ru-RU""}]",CLAIM REVIEW,UNAVAILABLE: query inventory does not classify CTA,UNAVAILABLE: query inventory does not measure inlinks,UNAVAILABLE: processing,UNAVAILABLE: not exported,UNAVAILABLE,PRESERVE; individual editorial review pending,PsiTrends site steward,legacy-preservation,No relocation or deletion authorized by missing metrics,Meaningful Joomla query view; retain until exact equivalent and content reviewed,CMS-seeded query crawl2026-09-22,"HTTP status, visible content, locale and links",No mutation; retain paired private pre-release backup
https://psitrends.com/index.php?id=105&option=com_quix&view=page,https://psitrends.com/index.php?id=105&option=com_quix&view=page,KEEP,en-gb,200,https://psitrends.com/index.php?id=105&option=com_quix&view=page,"[{""type"": ""quix"", ""id"": ""105"", ""language"": ""ru-RU""}]",CLAIM REVIEW,UNAVAILABLE: query inventory does not classify CTA,UNAVAILABLE: query inventory does not measure inlinks,UNAVAILABLE: processing,UNAVAILABLE: not exported,UNAVAILABLE,PRESERVE; individual editorial review pending,PsiTrends site steward,legacy-preservation,No relocation or deletion authorized by missing metrics,Meaningful Joomla query view; retain until exact equivalent and content reviewed,CMS-seeded query crawl2026-09-22,"HTTP status, visible content, locale and links",No mutation; retain paired private pre-release backup
https://psitrends.com/index.php?id=107&option=com_quix&view=page,https://psitrends.com/index.php?id=107&option=com_quix&view=page,KEEP,en-gb,200,https://psitrends.com/index.php?id=107&option=com_quix&view=page,"[{""type"": ""quix"", ""id"": ""107"", ""language"": ""ru-RU""}]",CLAIM REVIEW,UNAVAILABLE: query inventory does not classify CTA,UNAVAILABLE: query inventory does not measure inlinks,UNAVAILABLE: processing,UNAVAILABLE: not exported,UNAVAILABLE,PRESERVE; individual editorial review pending,PsiTrends site steward,legacy-preservation,No relocation or deletion authorized by missing metrics,Meaningful Joomla query view; retain until exact equivalent and content reviewed,CMS-seeded query crawl2026-09-22,"HTTP status, visible content, locale and links",No mutation; retain paired private pre-release backup
https://psitrends.com/index.php?id=108&option=com_quix&view=page,https://psitrends.com/index.php?id=108&option=com_quix&view=page,KEEP,en-gb,200,https://psitrends.com/index.php?id=108&option=com_quix&view=page,"[{""type"": ""quix"", ""id"": ""108"", ""language"": ""en-GB""}, {""type"": ""menu_exact"", ""id"": ""307"", ""language"": ""en-GB""}]",CLAIM REVIEW,UNAVAILABLE: query inventory does not classify CTA,UNAVAILABLE: query inventory does not measure inlinks,UNAVAILABLE: processing,UNAVAILABLE: not exported,UNAVAILABLE,PRESERVE; individual editorial review pending,PsiTrends site steward,legacy-preservation,No relocation or deletion authorized by missing metrics,Meaningful Joomla query view; retain until exact equivalent and content reviewed,CMS-seeded query crawl2026-09-22,"HTTP status, visible content, locale and links",No mutation; retain paired private pre-release backup
https://psitrends.com/index.php?id=109&option=com_quix&view=page,https://psitrends.com/index.php?id=109&option=com_quix&view=page,KEEP,en-gb,200,https://psitrends.com/index.php?id=109&option=com_quix&view=page,"[{""type"": ""quix"", ""id"": ""109"", ""language"": ""en-GB""}, {""type"": ""menu_exact"", ""id"": ""308"", ""language"": ""en-GB""}]",CLAIM REVIEW,UNAVAILABLE: query inventory does not classify CTA,UNAVAILABLE: query inventory does not measure inlinks,UNAVAILABLE: processing,UNAVAILABLE: not exported,UNAVAILABLE,PRESERVE; individual editorial review pending,PsiTrends site steward,legacy-preservation,No relocation or deletion authorized by missing metrics,Meaningful Joomla query view; retain until exact equivalent and content reviewed,CMS-seeded query crawl2026-09-22,"HTTP status, visible content, locale and links",No mutation; retain paired private pre-release backup
https://psitrends.com/index.php?id=110&option=com_quix&view=page,https://psitrends.com/index.php?id=110&option=com_quix&view=page,KEEP,en-gb,200,https://psitrends.com/index.php?id=110&option=com_quix&view=page,"[{""type"": ""quix"", ""id"": ""110"", ""language"": ""en-GB""}]",CLAIM REVIEW,UNAVAILABLE: query inventory does not classify CTA,UNAVAILABLE: query inventory does not measure inlinks,UNAVAILABLE: processing,UNAVAILABLE: not exported,UNAVAILABLE,PRESERVE; individual editorial review pending,PsiTrends site steward,legacy-preservation,No relocation or deletion authorized by missing metrics,Meaningful Joomla query view; retain until exact equivalent and content reviewed,CMS-seeded query crawl2026-09-22,"HTTP status, visible content, locale and links",No mutation; retain paired private pre-release backup
https://psitrends.com/index.php?id=111&option=com_quix&view=page,https://psitrends.com/index.php?id=111&option=com_quix&view=page,KEEP,en-gb,200,https://psitrends.com/index.php?id=111&option=com_quix&view=page,"[{""type"": ""quix"", ""id"": ""111"", ""language"": ""ru-RU""}, {""type"": ""menu_exact"", ""id"": ""317"", ""language"": ""ru-RU""}]",CLAIM REVIEW,UNAVAILABLE: query inventory does not classify CTA,UNAVAILABLE: query inventory does not measure inlinks,UNAVAILABLE: processing,UNAVAILABLE: not exported,UNAVAILABLE,PRESERVE; individual editorial review pending,PsiTrends site steward,legacy-preservation,No relocation or deletion authorized by missing metrics,Meaningful Joomla query view; retain until exact equivalent and content reviewed,CMS-seeded query crawl2026-09-22,"HTTP status, visible content, locale and links",No mutation; retain paired private pre-release backup
https://psitrends.com/index.php?id=112&option=com_quix&view=page,https://psitrends.com/index.php?id=112&option=com_quix&view=page,KEEP,en-gb,200,https://psitrends.com/index.php?id=112&option=com_quix&view=page,"[{""type"": ""quix"", ""id"": ""112"", ""language"": ""ru-RU""}, {""type"": ""menu_exact"", ""id"": ""314"", ""language"": ""ru-RU""}]",CLAIM REVIEW,UNAVAILABLE: query inventory does not classify CTA,UNAVAILABLE: query inventory does not measure inlinks,UNAVAILABLE: processing,UNAVAILABLE: not exported,UNAVAILABLE,PRESERVE; individual editorial review pending,PsiTrends site steward,legacy-preservation,No relocation or deletion authorized by missing metrics,Meaningful Joomla query view; retain until exact equivalent and content reviewed,CMS-seeded query crawl2026-09-22,"HTTP status, visible content, locale and links",No mutation; retain paired private pre-release backup
https://psitrends.com/index.php?id=113&option=com_quix&view=page,https://psitrends.com/index.php?id=113&option=com_quix&view=page,KEEP,en-gb,200,https://psitrends.com/index.php?id=113&option=com_quix&view=page,"[{""type"": ""quix"", ""id"": ""113"", ""language"": ""ru-RU""}, {""type"": ""menu_exact"", ""id"": ""315"", ""language"": ""ru-RU""}]",CLAIM REVIEW,UNAVAILABLE: query inventory does not classify CTA,UNAVAILABLE: query inventory does not measure inlinks,UNAVAILABLE: processing,UNAVAILABLE: not exported,UNAVAILABLE,PRESERVE; individual editorial review pending,PsiTrends site steward,legacy-preservation,No relocation or deletion authorized by missing metrics,Meaningful Joomla query view; retain until exact equivalent and content reviewed,CMS-seeded query crawl2026-09-22,"HTTP status, visible content, locale and links",No mutation; retain paired private pre-release backup
https://psitrends.com/index.php?id=114&option=com_quix&view=page,https://psitrends.com/index.php?id=114&option=com_quix&view=page,KEEP,en-gb,200,https://psitrends.com/index.php?id=114&option=com_quix&view=page,"[{""type"": ""quix"", ""id"": ""114"", ""language"": ""en-GB""}]",CLAIM REVIEW,UNAVAILABLE: query inventory does not classify CTA,UNAVAILABLE: query inventory does not measure inlinks,UNAVAILABLE: processing,UNAVAILABLE: not exported,UNAVAILABLE,PRESERVE; individual editorial review pending,PsiTrends site steward,legacy-preservation,No relocation or deletion authorized by missing metrics,Meaningful Joomla query view; retain until exact equivalent and content reviewed,CMS-seeded query crawl2026-09-22,"HTTP status, visible content, locale and links",No mutation; retain paired private pre-release backup
https://psitrends.com/index.php?id=115&option=com_quix&view=page,https://psitrends.com/index.php?id=115&option=com_quix&view=page,KEEP,en-gb,200,https://psitrends.com/index.php?id=115&option=com_quix&view=page,"[{""type"": ""quix"", ""id"": ""115"", ""language"": ""en-GB""}]",CLAIM REVIEW,UNAVAILABLE: query inventory does not classify CTA,UNAVAILABLE: query inventory does not measure inlinks,UNAVAILABLE: processing,UNAVAILABLE: not exported,UNAVAILABLE,PRESERVE; individual editorial review pending,PsiTrends site steward,legacy-preservation,No relocation or deletion authorized by missing metrics,Meaningful Joomla query view; retain until exact equivalent and content reviewed,CMS-seeded query crawl2026-09-22,"HTTP status, visible content, locale and links",No mutation; retain paired private pre-release backup
https://psitrends.com/index.php?id=116&option=com_quix&view=page,https://psitrends.com/index.php?id=116&option=com_quix&view=page,KEEP,en-gb,200,https://psitrends.com/index.php?id=116&option=com_quix&view=page,"[{""type"": ""quix"", ""id"": ""116"", ""language"": ""ru-RU""}, {""type"": ""menu_exact"", ""id"": ""209"", ""language"": ""ru-RU""}]",CLAIM REVIEW,UNAVAILABLE: query inventory does not classify CTA,UNAVAILABLE: query inventory does not measure inlinks,UNAVAILABLE: processing,UNAVAILABLE: not exported,UNAVAILABLE,PRESERVE; individual editorial review pending,PsiTrends site steward,legacy-preservation,No relocation or deletion authorized by missing metrics,Meaningful Joomla query view; retain until exact equivalent and content reviewed,CMS-seeded query crawl2026-09-22,"HTTP status, visible content, locale and links",No mutation; retain paired private pre-release backup
https://psitrends.com/index.php?id=117&option=com_quix&view=page,https://psitrends.com/index.php?id=117&option=com_quix&view=page,KEEP,en-gb,200,https://psitrends.com/index.php?id=117&option=com_quix&view=page,"[{""type"": ""quix"", ""id"": ""117"", ""language"": ""en-GB""}, {""type"": ""menu_exact"", ""id"": ""208"", ""language"": ""en-GB""}]",CLAIM REVIEW,UNAVAILABLE: query inventory does not classify CTA,UNAVAILABLE: query inventory does not measure inlinks,UNAVAILABLE: processing,UNAVAILABLE: not exported,UNAVAILABLE,PRESERVE; individual editorial review pending,PsiTrends site steward,legacy-preservation,No relocation or deletion authorized by missing metrics,Meaningful Joomla query view; retain until exact equivalent and content reviewed,CMS-seeded query crawl2026-09-22,"HTTP status, visible content, locale and links",No mutation; retain paired private pre-release backup
https://psitrends.com/index.php?id=119&option=com_quix&view=page,https://psitrends.com/index.php?id=119&option=com_quix&view=page,KEEP,en-gb,200,https://psitrends.com/index.php?id=119&option=com_quix&view=page,"[{""type"": ""quix"", ""id"": ""119"", ""language"": ""ru-RU""}]",CLAIM REVIEW,UNAVAILABLE: query inventory does not classify CTA,UNAVAILABLE: query inventory does not measure inlinks,UNAVAILABLE: processing,UNAVAILABLE: not exported,UNAVAILABLE,PRESERVE; individual editorial review pending,PsiTrends site steward,legacy-preservation,No relocation or deletion authorized by missing metrics,Meaningful Joomla query view; retain until exact equivalent and content reviewed,CMS-seeded query crawl2026-09-22,"HTTP status, visible content, locale and links",No mutation; retain paired private pre-release backup
https://psitrends.com/index.php?id=120&option=com_quix&view=page,https://psitrends.com/index.php?id=120&option=com_quix&view=page,KEEP,en-gb,200,https://psitrends.com/index.php?id=120&option=com_quix&view=page,"[{""type"": ""quix"", ""id"": ""120"", ""language"": ""ru-RU""}, {""type"": ""menu_exact"", ""id"": ""330"", ""language"": ""en-GB""}]",CLAIM REVIEW,UNAVAILABLE: query inventory does not classify CTA,UNAVAILABLE: query inventory does not measure inlinks,UNAVAILABLE: processing,UNAVAILABLE: not exported,UNAVAILABLE,PRESERVE; individual editorial review pending,PsiTrends site steward,legacy-preservation,No relocation or deletion authorized by missing metrics,Meaningful Joomla query view; retain until exact equivalent and content reviewed,CMS-seeded query crawl2026-09-22,"HTTP status, visible content, locale and links",No mutation; retain paired private pre-release backup
https://psitrends.com/index.php?id=121&option=com_quix&view=page,https://psitrends.com/index.php?id=121&option=com_quix&view=page,KEEP,en-gb,200,https://psitrends.com/index.php?id=121&option=com_quix&view=page,"[{""type"": ""quix"", ""id"": ""121"", ""language"": ""*""}, {""type"": ""menu_exact"", ""id"": ""327"", ""language"": ""ru-RU""}]",CLAIM REVIEW,UNAVAILABLE: query inventory does not classify CTA,UNAVAILABLE: query inventory does not measure inlinks,UNAVAILABLE: processing,UNAVAILABLE: not exported,UNAVAILABLE,PRESERVE; individual editorial review pending,PsiTrends site steward,legacy-preservation,No relocation or deletion authorized by missing metrics,Meaningful Joomla query view; retain until exact equivalent and content reviewed,CMS-seeded query crawl2026-09-22,"HTTP status, visible content, locale and links",No mutation; retain paired private pre-release backup
https://psitrends.com/index.php?id=122&option=com_quix&view=page,https://psitrends.com/index.php?id=122&option=com_quix&view=page,KEEP,en-gb,200,https://psitrends.com/index.php?id=122&option=com_quix&view=page,"[{""type"": ""quix"", ""id"": ""122"", ""language"": ""*""}, {""type"": ""menu_exact"", ""id"": ""332"", ""language"": ""en-GB""}]",CLAIM REVIEW,UNAVAILABLE: query inventory does not classify CTA,UNAVAILABLE: query inventory does not measure inlinks,UNAVAILABLE: processing,UNAVAILABLE: not exported,UNAVAILABLE,PRESERVE; individual editorial review pending,PsiTrends site steward,legacy-preservation,No relocation or deletion authorized by missing metrics,Meaningful Joomla query view; retain until exact equivalent and content reviewed,CMS-seeded query crawl2026-09-22,"HTTP status, visible content, locale and links",No mutation; retain paired private pre-release backup
https://psitrends.com/index.php?id=123&option=com_quix&view=page,https://psitrends.com/index.php?id=123&option=com_quix&view=page,KEEP,en-gb,200,https://psitrends.com/index.php?id=123&option=com_quix&view=page,"[{""type"": ""quix"", ""id"": ""123"", ""language"": ""ru-RU""}, {""type"": ""menu_exact"", ""id"": ""334"", ""language"": ""ru-RU""}]",CLAIM REVIEW,UNAVAILABLE: query inventory does not classify CTA,UNAVAILABLE: query inventory does not measure inlinks,UNAVAILABLE: processing,UNAVAILABLE: not exported,UNAVAILABLE,PRESERVE; individual editorial review pending,PsiTrends site steward,legacy-preservation,No relocation or deletion authorized by missing metrics,Meaningful Joomla query view; retain until exact equivalent and content reviewed,CMS-seeded query crawl2026-09-22,"HTTP status, visible content, locale and links",No mutation; retain paired private pre-release backup
https://psitrends.com/index.php?id=124&option=com_quix&view=page,https://psitrends.com/index.php?id=124&option=com_quix&view=page,KEEP,en-gb,200,https://psitrends.com/index.php?id=124&option=com_quix&view=page,"[{""type"": ""quix"", ""id"": ""124"", ""language"": ""ru-RU""}, {""type"": ""menu_exact"", ""id"": ""335"", ""language"": ""ru-RU""}]",CLAIM REVIEW,UNAVAILABLE: query inventory does not classify CTA,UNAVAILABLE: query inventory does not measure inlinks,UNAVAILABLE: processing,UNAVAILABLE: not exported,UNAVAILABLE,PRESERVE; individual editorial review pending,PsiTrends site steward,legacy-preservation,No relocation or deletion authorized by missing metrics,Meaningful Joomla query view; retain until exact equivalent and content reviewed,CMS-seeded query crawl2026-09-22,"HTTP status, visible content, locale and links",No mutation; retain paired private pre-release backup
https://psitrends.com/index.php?id=125&option=com_quix&view=page,https://psitrends.com/index.php?id=125&option=com_quix&view=page,KEEP,en-gb,200,https://psitrends.com/index.php?id=125&option=com_quix&view=page,"[{""type"": ""quix"", ""id"": ""125"", ""language"": ""ru-RU""}, {""type"": ""menu_exact"", ""id"": ""336"", ""language"": ""ru-RU""}]",CLAIM REVIEW,UNAVAILABLE: query inventory does not classify CTA,UNAVAILABLE: query inventory does not measure inlinks,UNAVAILABLE: processing,UNAVAILABLE: not exported,UNAVAILABLE,PRESERVE; individual editorial review pending,PsiTrends site steward,legacy-preservation,No relocation or deletion authorized by missing metrics,Meaningful Joomla query view; retain until exact equivalent and content reviewed,CMS-seeded query crawl2026-09-22,"HTTP status, visible content, locale and links",No mutation; retain paired private pre-release backup
https://psitrends.com/index.php?id=126&option=com_quix&view=page,https://psitrends.com/index.php?id=126&option=com_quix&view=page,KEEP,en-gb,200,https://psitrends.com/index.php?id=126&option=com_quix&view=page,"[{""type"": ""quix"", ""id"": ""126"", ""language"": ""ru-RU""}, {""type"": ""menu_exact"", ""id"": ""337"", ""language"": ""ru-RU""}]",CLAIM REVIEW,UNAVAILABLE: query inventory does not classify CTA,UNAVAILABLE: query inventory does not measure inlinks,UNAVAILABLE: processing,UNAVAILABLE: not exported,UNAVAILABLE,PRESERVE; individual editorial review pending,PsiTrends site steward,legacy-preservation,No relocation or deletion authorized by missing metrics,Meaningful Joomla query view; retain until exact equivalent and content reviewed,CMS-seeded query crawl2026-09-22,"HTTP status, visible content, locale and links",No mutation; retain paired private pre-release backup
https://psitrends.com/index.php?id=127&option=com_quix&view=page,https://psitrends.com/index.php?id=127&option=com_quix&view=page,KEEP,en-gb,200,https://psitrends.com/index.php?id=127&option=com_quix&view=page,"[{""type"": ""quix"", ""id"": ""127"", ""language"": ""en-GB""}, {""type"": ""menu_exact"", ""id"": ""338"", ""language"": ""en-GB""}]",CLAIM REVIEW,UNAVAILABLE: query inventory does not classify CTA,UNAVAILABLE: query inventory does not measure inlinks,UNAVAILABLE: processing,UNAVAILABLE: not exported,UNAVAILABLE,PRESERVE; individual editorial review pending,PsiTrends site steward,legacy-preservation,No relocation or deletion authorized by missing metrics,Meaningful Joomla query view; retain until exact equivalent and content reviewed,CMS-seeded query crawl2026-09-22,"HTTP status, visible content, locale and links",No mutation; retain paired private pre-release backup
https://psitrends.com/index.php?id=128&option=com_quix&view=page,https://psitrends.com/index.php?id=128&option=com_quix&view=page,KEEP,en-gb,200,https://psitrends.com/index.php?id=128&option=com_quix&view=page,"[{""type"": ""quix"", ""id"": ""128"", ""language"": ""en-GB""}, {""type"": ""menu_exact"", ""id"": ""339"", ""language"": ""en-GB""}]",CLAIM REVIEW,UNAVAILABLE: query inventory does not classify CTA,UNAVAILABLE: query inventory does not measure inlinks,UNAVAILABLE: processing,UNAVAILABLE: not exported,UNAVAILABLE,PRESERVE; individual editorial review pending,PsiTrends site steward,legacy-preservation,No relocation or deletion authorized by missing metrics,Meaningful Joomla query view; retain until exact equivalent and content reviewed,CMS-seeded query crawl2026-09-22,"HTTP status, visible content, locale and links",No mutation; retain paired private pre-release backup
https://psitrends.com/index.php?id=129&option=com_quix&view=page,https://psitrends.com/index.php?id=129&option=com_quix&view=page,KEEP,en-gb,200,https://psitrends.com/index.php?id=129&option=com_quix&view=page,"[{""type"": ""quix"", ""id"": ""129"", ""language"": ""en-GB""}, {""type"": ""menu_exact"", ""id"": ""340"", ""language"": ""en-GB""}]",CLAIM REVIEW,UNAVAILABLE: query inventory does not classify CTA,UNAVAILABLE: query inventory does not measure inlinks,UNAVAILABLE: processing,UNAVAILABLE: not exported,UNAVAILABLE,PRESERVE; individual editorial review pending,PsiTrends site steward,legacy-preservation,No relocation or deletion authorized by missing metrics,Meaningful Joomla query view; retain until exact equivalent and content reviewed,CMS-seeded query crawl2026-09-22,"HTTP status, visible content, locale and links",No mutation; retain paired private pre-release backup
https://psitrends.com/index.php?id=130&option=com_quix&view=page,https://psitrends.com/index.php?id=130&option=com_quix&view=page,KEEP,en-gb,200,https://psitrends.com/index.php?id=130&option=com_quix&view=page,"[{""type"": ""quix"", ""id"": ""130"", ""language"": ""en-GB""}, {""type"": ""menu_exact"", ""id"": ""341"", ""language"": ""en-GB""}]",CLAIM REVIEW,UNAVAILABLE: query inventory does not classify CTA,UNAVAILABLE: query inventory does not measure inlinks,UNAVAILABLE: processing,UNAVAILABLE: not exported,UNAVAILABLE,PRESERVE; individual editorial review pending,PsiTrends site steward,legacy-preservation,No relocation or deletion authorized by missing metrics,Meaningful Joomla query view; retain until exact equivalent and content reviewed,CMS-seeded query crawl2026-09-22,"HTTP status, visible content, locale and links",No mutation; retain paired private pre-release backup
https://psitrends.com/index.php?id=131&option=com_quix&view=page,https://psitrends.com/index.php?id=131&option=com_quix&view=page,KEEP,en-gb,200,https://psitrends.com/index.php?id=131&option=com_quix&view=page,"[{""type"": ""quix"", ""id"": ""131"", ""language"": ""ru-RU""}, {""type"": ""menu_exact"", ""id"": ""342"", ""language"": ""ru-RU""}]",CLAIM REVIEW,UNAVAILABLE: query inventory does not classify CTA,UNAVAILABLE: query inventory does not measure inlinks,UNAVAILABLE: processing,UNAVAILABLE: not exported,UNAVAILABLE,PRESERVE; individual editorial review pending,PsiTrends site steward,legacy-preservation,No relocation or deletion authorized by missing metrics,Meaningful Joomla query view; retain until exact equivalent and content reviewed,CMS-seeded query crawl2026-09-22,"HTTP status, visible content, locale and links",No mutation; retain paired private pre-release backup
https://psitrends.com/index.php?id=132&option=com_quix&view=page,https://psitrends.com/index.php?id=132&option=com_quix&view=page,KEEP,en-gb,200,https://psitrends.com/index.php?id=132&option=com_quix&view=page,"[{""type"": ""quix"", ""id"": ""132"", ""language"": ""ru-RU""}, {""type"": ""menu_exact"", ""id"": ""343"", ""language"": ""ru-RU""}]",CLAIM REVIEW,UNAVAILABLE: query inventory does not classify CTA,UNAVAILABLE: query inventory does not measure inlinks,UNAVAILABLE: processing,UNAVAILABLE: not exported,UNAVAILABLE,PRESERVE; individual editorial review pending,PsiTrends site steward,legacy-preservation,No relocation or deletion authorized by missing metrics,Meaningful Joomla query view; retain until exact equivalent and content reviewed,CMS-seeded query crawl2026-09-22,"HTTP status, visible content, locale and links",No mutation; retain paired private pre-release backup
https://psitrends.com/index.php?id=133&option=com_quix&view=page,https://psitrends.com/index.php?id=133&option=com_quix&view=page,KEEP,en-gb,200,https://psitrends.com/index.php?id=133&option=com_quix&view=page,"[{""type"": ""quix"", ""id"": ""133"", ""language"": ""ru-RU""}, {""type"": ""menu_exact"", ""id"": ""344"", ""language"": ""ru-RU""}]",CLAIM REVIEW,UNAVAILABLE: query inventory does not classify CTA,UNAVAILABLE: query inventory does not measure inlinks,UNAVAILABLE: processing,UNAVAILABLE: not exported,UNAVAILABLE,PRESERVE; individual editorial review pending,PsiTrends site steward,legacy-preservation,No relocation or deletion authorized by missing metrics,Meaningful Joomla query view; retain until exact equivalent and content reviewed,CMS-seeded query crawl2026-09-22,"HTTP status, visible content, locale and links",No mutation; retain paired private pre-release backup
https://psitrends.com/index.php?id=134&option=com_quix&view=page,https://psitrends.com/index.php?id=134&option=com_quix&view=page,KEEP,en-gb,200,https://psitrends.com/index.php?id=134&option=com_quix&view=page,"[{""type"": ""quix"", ""id"": ""134"", ""language"": ""ru-RU""}, {""type"": ""menu_exact"", ""id"": ""345"", ""language"": ""ru-RU""}]",CLAIM REVIEW,UNAVAILABLE: query inventory does not classify CTA,UNAVAILABLE: query inventory does not measure inlinks,UNAVAILABLE: processing,UNAVAILABLE: not exported,UNAVAILABLE,PRESERVE; individual editorial review pending,PsiTrends site steward,legacy-preservation,No relocation or deletion authorized by missing metrics,Meaningful Joomla query view; retain until exact equivalent and content reviewed,CMS-seeded query crawl2026-09-22,"HTTP status, visible content, locale and links",No mutation; retain paired private pre-release backup
https://psitrends.com/index.php?id=135&option=com_quix&view=page,https://psitrends.com/index.php?id=135&option=com_quix&view=page,KEEP,en-gb,200,https://psitrends.com/index.php?id=135&option=com_quix&view=page,"[{""type"": ""quix"", ""id"": ""135"", ""language"": ""en-GB""}, {""type"": ""menu_exact"", ""id"": ""346"", ""language"": ""en-GB""}]",CLAIM REVIEW,UNAVAILABLE: query inventory does not classify CTA,UNAVAILABLE: query inventory does not measure inlinks,UNAVAILABLE: processing,UNAVAILABLE: not exported,UNAVAILABLE,PRESERVE; individual editorial review pending,PsiTrends site steward,legacy-preservation,No relocation or deletion authorized by missing metrics,Meaningful Joomla query view; retain until exact equivalent and content reviewed,CMS-seeded query crawl2026-09-22,"HTTP status, visible content, locale and links",No mutation; retain paired private pre-release backup
https://psitrends.com/index.php?id=136&option=com_quix&view=page,https://psitrends.com/index.php?id=136&option=com_quix&view=page,KEEP,en-gb,200,https://psitrends.com/index.php?id=136&option=com_quix&view=page,"[{""type"": ""quix"", ""id"": ""136"", ""language"": ""en-GB""}, {""type"": ""menu_exact"", ""id"": ""347"", ""language"": ""en-GB""}]",CLAIM REVIEW,UNAVAILABLE: query inventory does not classify CTA,UNAVAILABLE: query inventory does not measure inlinks,UNAVAILABLE: processing,UNAVAILABLE: not exported,UNAVAILABLE,PRESERVE; individual editorial review pending,PsiTrends site steward,legacy-preservation,No relocation or deletion authorized by missing metrics,Meaningful Joomla query view; retain until exact equivalent and content reviewed,CMS-seeded query crawl2026-09-22,"HTTP status, visible content, locale and links",No mutation; retain paired private pre-release backup
https://psitrends.com/index.php?id=137&option=com_quix&view=page,https://psitrends.com/index.php?id=137&option=com_quix&view=page,KEEP,en-gb,200,https://psitrends.com/index.php?id=137&option=com_quix&view=page,"[{""type"": ""quix"", ""id"": ""137"", ""language"": ""en-GB""}, {""type"": ""menu_exact"", ""id"": ""348"", ""language"": ""en-GB""}]",CLAIM REVIEW,UNAVAILABLE: query inventory does not classify CTA,UNAVAILABLE: query inventory does not measure inlinks,UNAVAILABLE: processing,UNAVAILABLE: not exported,UNAVAILABLE,PRESERVE; individual editorial review pending,PsiTrends site steward,legacy-preservation,No relocation or deletion authorized by missing metrics,Meaningful Joomla query view; retain until exact equivalent and content reviewed,CMS-seeded query crawl2026-09-22,"HTTP status, visible content, locale and links",No mutation; retain paired private pre-release backup
https://psitrends.com/index.php?id=138&option=com_quix&view=page,https://psitrends.com/index.php?id=138&option=com_quix&view=page,KEEP,en-gb,200,https://psitrends.com/index.php?id=138&option=com_quix&view=page,"[{""type"": ""quix"", ""id"": ""138"", ""language"": ""en-GB""}, {""type"": ""menu_exact"", ""id"": ""349"", ""language"": ""en-GB""}]",CLAIM REVIEW,UNAVAILABLE: query inventory does not classify CTA,UNAVAILABLE: query inventory does not measure inlinks,UNAVAILABLE: processing,UNAVAILABLE: not exported,UNAVAILABLE,PRESERVE; individual editorial review pending,PsiTrends site steward,legacy-preservation,No relocation or deletion authorized by missing metrics,Meaningful Joomla query view; retain until exact equivalent and content reviewed,CMS-seeded query crawl2026-09-22,"HTTP status, visible content, locale and links",No mutation; retain paired private pre-release backup
https://psitrends.com/index.php?id=139&option=com_quix&view=page,https://psitrends.com/index.php?id=139&option=com_quix&view=page,KEEP,en-gb,200,https://psitrends.com/index.php?id=139&option=com_quix&view=page,"[{""type"": ""quix"", ""id"": ""139"", ""language"": ""en-GB""}, {""type"": ""menu_exact"", ""id"": ""351"", ""language"": ""en-GB""}]",CLAIM REVIEW,UNAVAILABLE: query inventory does not classify CTA,UNAVAILABLE: query inventory does not measure inlinks,UNAVAILABLE: processing,UNAVAILABLE: not exported,UNAVAILABLE,PRESERVE; individual editorial review pending,PsiTrends site steward,legacy-preservation,No relocation or deletion authorized by missing metrics,Meaningful Joomla query view; retain until exact equivalent and content reviewed,CMS-seeded query crawl2026-09-22,"HTTP status, visible content, locale and links",No mutation; retain paired private pre-release backup
https://psitrends.com/index.php?id=140&option=com_quix&view=page,https://psitrends.com/index.php?id=140&option=com_quix&view=page,KEEP,en-gb,200,https://psitrends.com/index.php?id=140&option=com_quix&view=page,"[{""type"": ""quix"", ""id"": ""140"", ""language"": ""ru-RU""}, {""type"": ""menu_exact"", ""id"": ""350"", ""language"": ""ru-RU""}]",CLAIM REVIEW,UNAVAILABLE: query inventory does not classify CTA,UNAVAILABLE: query inventory does not measure inlinks,UNAVAILABLE: processing,UNAVAILABLE: not exported,UNAVAILABLE,PRESERVE; individual editorial review pending,PsiTrends site steward,legacy-preservation,No relocation or deletion authorized by missing metrics,Meaningful Joomla query view; retain until exact equivalent and content reviewed,CMS-seeded query crawl2026-09-22,"HTTP status, visible content, locale and links",No mutation; retain paired private pre-release backup
https://psitrends.com/index.php?id=141&option=com_quix&view=page,https://psitrends.com/index.php?id=141&option=com_quix&view=page,KEEP,en-gb,200,https://psitrends.com/index.php?id=141&option=com_quix&view=page,"[{""type"": ""quix"", ""id"": ""141"", ""language"": ""ru-RU""}, {""type"": ""menu_exact"", ""id"": ""204"", ""language"": ""ru-RU""}]",CLAIM REVIEW,UNAVAILABLE: query inventory does not classify CTA,UNAVAILABLE: query inventory does not measure inlinks,UNAVAILABLE: processing,UNAVAILABLE: not exported,UNAVAILABLE,PRESERVE; individual editorial review pending,PsiTrends site steward,legacy-preservation,No relocation or deletion authorized by missing metrics,Meaningful Joomla query view; retain until exact equivalent and content reviewed,CMS-seeded query crawl2026-09-22,"HTTP status, visible content, locale and links",No mutation; retain paired private pre-release backup
https://psitrends.com/index.php?id=1&option=com_content&view=article,https://psitrends.com/index.php?id=1&option=com_content&view=article,KEEP,en-gb,200,https://psitrends.com/index.php?id=1&option=com_content&view=article,"[{""type"": ""content"", ""id"": ""1"", ""language"": ""*""}, {""type"": ""menu_exact"", ""id"": ""120"", ""language"": ""*""}]",CLAIM REVIEW,UNAVAILABLE: query inventory does not classify CTA,UNAVAILABLE: query inventory does not measure inlinks,UNAVAILABLE: processing,UNAVAILABLE: not exported,UNAVAILABLE,PRESERVE; individual editorial review pending,PsiTrends site steward,legacy-preservation,No relocation or deletion authorized by missing metrics,Meaningful Joomla query view; retain until exact equivalent and content reviewed,CMS-seeded query crawl2026-09-22,"HTTP status, visible content, locale and links",No mutation; retain paired private pre-release backup
https://psitrends.com/index.php?id=2&option=com_content&view=article,https://psitrends.com/index.php?id=2&option=com_content&view=article,KEEP,en-gb,200,https://psitrends.com/index.php?id=2&option=com_content&view=article,"[{""type"": ""content"", ""id"": ""2"", ""language"": ""*""}]",CLAIM REVIEW,UNAVAILABLE: query inventory does not classify CTA,UNAVAILABLE: query inventory does not measure inlinks,UNAVAILABLE: processing,UNAVAILABLE: not exported,UNAVAILABLE,PRESERVE; individual editorial review pending,PsiTrends site steward,legacy-preservation,No relocation or deletion authorized by missing metrics,Meaningful Joomla query view; retain until exact equivalent and content reviewed,CMS-seeded query crawl2026-09-22,"HTTP status, visible content, locale and links",No mutation; retain paired private pre-release backup
https://psitrends.com/index.php?id=3&option=com_content&view=article,https://psitrends.com/index.php?id=3&option=com_content&view=article,KEEP,en-gb,200,https://psitrends.com/index.php?id=3&option=com_content&view=article,"[{""type"": ""content"", ""id"": ""3"", ""language"": ""*""}]",CLAIM REVIEW,UNAVAILABLE: query inventory does not classify CTA,UNAVAILABLE: query inventory does not measure inlinks,UNAVAILABLE: processing,UNAVAILABLE: not exported,UNAVAILABLE,PRESERVE; individual editorial review pending,PsiTrends site steward,legacy-preservation,No relocation or deletion authorized by missing metrics,Meaningful Joomla query view; retain until exact equivalent and content reviewed,CMS-seeded query crawl2026-09-22,"HTTP status, visible content, locale and links",No mutation; retain paired private pre-release backup
https://psitrends.com/index.php?id=4&option=com_content&view=article,https://psitrends.com/index.php?id=4&option=com_content&view=article,KEEP,en-gb,200,https://psitrends.com/index.php?id=4&option=com_content&view=article,"[{""type"": ""content"", ""id"": ""4"", ""language"": ""*""}]",CLAIM REVIEW,UNAVAILABLE: query inventory does not classify CTA,UNAVAILABLE: query inventory does not measure inlinks,UNAVAILABLE: processing,UNAVAILABLE: not exported,UNAVAILABLE,PRESERVE; individual editorial review pending,PsiTrends site steward,legacy-preservation,No relocation or deletion authorized by missing metrics,Meaningful Joomla query view; retain until exact equivalent and content reviewed,CMS-seeded query crawl2026-09-22,"HTTP status, visible content, locale and links",No mutation; retain paired private pre-release backup
https://psitrends.com/index.php?id=5&option=com_content&view=article,https://psitrends.com/index.php?id=5&option=com_content&view=article,KEEP,en-gb,200,https://psitrends.com/index.php?id=5&option=com_content&view=article,"[{""type"": ""content"", ""id"": ""5"", ""language"": ""*""}]",CLAIM REVIEW,UNAVAILABLE: query inventory does not classify CTA,UNAVAILABLE: query inventory does not measure inlinks,UNAVAILABLE: processing,UNAVAILABLE: not exported,UNAVAILABLE,PRESERVE; individual editorial review pending,PsiTrends site steward,legacy-preservation,No relocation or deletion authorized by missing metrics,Meaningful Joomla query view; retain until exact equivalent and content reviewed,CMS-seeded query crawl2026-09-22,"HTTP status, visible content, locale and links",No mutation; retain paired private pre-release backup
https://psitrends.com/index.php?id=6&option=com_content&view=article,https://psitrends.com/index.php?id=6&option=com_content&view=article,KEEP,en-gb,200,https://psitrends.com/index.php?id=6&option=com_content&view=article,"[{""type"": ""content"", ""id"": ""6"", ""language"": ""*""}, {""type"": ""menu_exact"", ""id"": ""112"", ""language"": ""*""}]",CLAIM REVIEW,UNAVAILABLE: query inventory does not classify CTA,UNAVAILABLE: query inventory does not measure inlinks,UNAVAILABLE: processing,UNAVAILABLE: not exported,UNAVAILABLE,PRESERVE; individual editorial review pending,PsiTrends site steward,legacy-preservation,No relocation or deletion authorized by missing metrics,Meaningful Joomla query view; retain until exact equivalent and content reviewed,CMS-seeded query crawl2026-09-22,"HTTP status, visible content, locale and links",No mutation; retain paired private pre-release backup
https://psitrends.com/index.php?id=7&option=com_content&view=article,https://psitrends.com/index.php?id=7&option=com_content&view=article,KEEP,en-gb,200,https://psitrends.com/index.php?id=7&option=com_content&view=article,"[{""type"": ""content"", ""id"": ""7"", ""language"": ""*""}, {""type"": ""menu_exact"", ""id"": ""111"", ""language"": ""*""}]",CLAIM REVIEW,UNAVAILABLE: query inventory does not classify CTA,UNAVAILABLE: query inventory does not measure inlinks,UNAVAILABLE: processing,UNAVAILABLE: not exported,UNAVAILABLE,PRESERVE; individual editorial review pending,PsiTrends site steward,legacy-preservation,No relocation or deletion authorized by missing metrics,Meaningful Joomla query view; retain until exact equivalent and content reviewed,CMS-seeded query crawl2026-09-22,"HTTP status, visible content, locale and links",No mutation; retain paired private pre-release backup
https://psitrends.com/index.php?id=8&option=com_content&view=article,https://psitrends.com/index.php?id=8&option=com_content&view=article,KEEP,en-gb,200,https://psitrends.com/index.php?id=8&option=com_content&view=article,"[{""type"": ""content"", ""id"": ""8"", ""language"": ""*""}, {""type"": ""menu_exact"", ""id"": ""110"", ""language"": ""*""}]",CLAIM REVIEW,UNAVAILABLE: query inventory does not classify CTA,UNAVAILABLE: query inventory does not measure inlinks,UNAVAILABLE: processing,UNAVAILABLE: not exported,UNAVAILABLE,PRESERVE; individual editorial review pending,PsiTrends site steward,legacy-preservation,No relocation or deletion authorized by missing metrics,Meaningful Joomla query view; retain until exact equivalent and content reviewed,CMS-seeded query crawl2026-09-22,"HTTP status, visible content, locale and links",No mutation; retain paired private pre-release backup
https://psitrends.com/index.php?id=9&option=com_content&view=article,https://psitrends.com/index.php?id=9&option=com_content&view=article,KEEP,en-gb,200,https://psitrends.com/index.php?id=9&option=com_content&view=article,"[{""type"": ""content"", ""id"": ""9"", ""language"": ""*""}]",CLAIM REVIEW,UNAVAILABLE: query inventory does not classify CTA,UNAVAILABLE: query inventory does not measure inlinks,UNAVAILABLE: processing,UNAVAILABLE: not exported,UNAVAILABLE,PRESERVE; individual editorial review pending,PsiTrends site steward,legacy-preservation,No relocation or deletion authorized by missing metrics,Meaningful Joomla query view; retain until exact equivalent and content reviewed,CMS-seeded query crawl2026-09-22,"HTTP status, visible content, locale and links",No mutation; retain paired private pre-release backup
https://psitrends.com/index.php?id=10&option=com_content&view=article,https://psitrends.com/index.php?id=10&option=com_content&view=article,KEEP,en-gb,200,https://psitrends.com/index.php?id=10&option=com_content&view=article,"[{""type"": ""content"", ""id"": ""10"", ""language"": ""*""}]",CLAIM REVIEW,UNAVAILABLE: query inventory does not classify CTA,UNAVAILABLE: query inventory does not measure inlinks,UNAVAILABLE: processing,UNAVAILABLE: not exported,UNAVAILABLE,PRESERVE; individual editorial review pending,PsiTrends site steward,legacy-preservation,No relocation or deletion authorized by missing metrics,Meaningful Joomla query view; retain until exact equivalent and content reviewed,CMS-seeded query crawl2026-09-22,"HTTP status, visible content, locale and links",No mutation; retain paired private pre-release backup
https://psitrends.com/index.php?id=11&option=com_content&view=article,https://psitrends.com/index.php?id=11&option=com_content&view=article,KEEP,en-gb,200,https://psitrends.com/index.php?id=11&option=com_content&view=article,"[{""type"": ""content"", ""id"": ""11"", ""language"": ""*""}]",CLAIM REVIEW,UNAVAILABLE: query inventory does not classify CTA,UNAVAILABLE: query inventory does not measure inlinks,UNAVAILABLE: processing,UNAVAILABLE: not exported,UNAVAILABLE,PRESERVE; individual editorial review pending,PsiTrends site steward,legacy-preservation,No relocation or deletion authorized by missing metrics,Meaningful Joomla query view; retain until exact equivalent and content reviewed,CMS-seeded query crawl2026-09-22,"HTTP status, visible content, locale and links",No mutation; retain paired private pre-release backup
https://psitrends.com/index.php?id=12&option=com_content&view=article,https://psitrends.com/index.php?id=12&option=com_content&view=article,KEEP,en-gb,200,https://psitrends.com/index.php?id=12&option=com_content&view=article,"[{""type"": ""content"", ""id"": ""12"", ""language"": ""*""}]",CLAIM REVIEW,UNAVAILABLE: query inventory does not classify CTA,UNAVAILABLE: query inventory does not measure inlinks,UNAVAILABLE: processing,UNAVAILABLE: not exported,UNAVAILABLE,PRESERVE; individual editorial review pending,PsiTrends site steward,legacy-preservation,No relocation or deletion authorized by missing metrics,Meaningful Joomla query view; retain until exact equivalent and content reviewed,CMS-seeded query crawl2026-09-22,"HTTP status, visible content, locale and links",No mutation; retain paired private pre-release backup
https://psitrends.com/index.php?id=13&option=com_content&view=article,https://psitrends.com/index.php?id=13&option=com_content&view=article,KEEP,en-gb,200,https://psitrends.com/index.php?id=13&option=com_content&view=article,"[{""type"": ""content"", ""id"": ""13"", ""language"": ""*""}]",CLAIM REVIEW,UNAVAILABLE: query inventory does not classify CTA,UNAVAILABLE: query inventory does not measure inlinks,UNAVAILABLE: processing,UNAVAILABLE: not exported,UNAVAILABLE,PRESERVE; individual editorial review pending,PsiTrends site steward,legacy-preservation,No relocation or deletion authorized by missing metrics,Meaningful Joomla query view; retain until exact equivalent and content reviewed,CMS-seeded query crawl2026-09-22,"HTTP status, visible content, locale and links",No mutation; retain paired private pre-release backup
https://psitrends.com/index.php?id=14&option=com_content&view=article,https://psitrends.com/index.php?id=14&option=com_content&view=article,KEEP,en-gb,200,https://psitrends.com/index.php?id=14&option=com_content&view=article,"[{""type"": ""content"", ""id"": ""14"", ""language"": ""*""}, {""type"": ""menu_exact"", ""id"": ""106"", ""language"": ""*""}]",CLAIM REVIEW,UNAVAILABLE: query inventory does not classify CTA,UNAVAILABLE: query inventory does not measure inlinks,UNAVAILABLE: processing,UNAVAILABLE: not exported,UNAVAILABLE,PRESERVE; individual editorial review pending,PsiTrends site steward,legacy-preservation,No relocation or deletion authorized by missing metrics,Meaningful Joomla query view; retain until exact equivalent and content reviewed,CMS-seeded query crawl2026-09-22,"HTTP status, visible content, locale and links",No mutation; retain paired private pre-release backup
https://psitrends.com/index.php?id=16&option=com_content&view=article,https://psitrends.com/index.php?id=16&option=com_content&view=article,KEEP,en-gb,200,https://psitrends.com/index.php?id=16&option=com_content&view=article,"[{""type"": ""content"", ""id"": ""16"", ""language"": ""*""}]",CLAIM REVIEW,UNAVAILABLE: query inventory does not classify CTA,UNAVAILABLE: query inventory does not measure inlinks,UNAVAILABLE: processing,UNAVAILABLE: not exported,UNAVAILABLE,PRESERVE; individual editorial review pending,PsiTrends site steward,legacy-preservation,No relocation or deletion authorized by missing metrics,Meaningful Joomla query view; retain until exact equivalent and content reviewed,CMS-seeded query crawl2026-09-22,"HTTP status, visible content, locale and links",No mutation; retain paired private pre-release backup
https://psitrends.com/index.php?id=17&option=com_content&view=article,https://psitrends.com/index.php?id=17&option=com_content&view=article,KEEP,en-gb,200,https://psitrends.com/index.php?id=17&option=com_content&view=article,"[{""type"": ""content"", ""id"": ""17"", ""language"": ""*""}]",CLAIM REVIEW,UNAVAILABLE: query inventory does not classify CTA,UNAVAILABLE: query inventory does not measure inlinks,UNAVAILABLE: processing,UNAVAILABLE: not exported,UNAVAILABLE,PRESERVE; individual editorial review pending,PsiTrends site steward,legacy-preservation,No relocation or deletion authorized by missing metrics,Meaningful Joomla query view; retain until exact equivalent and content reviewed,CMS-seeded query crawl2026-09-22,"HTTP status, visible content, locale and links",No mutation; retain paired private pre-release backup
https://psitrends.com/index.php?id=18&option=com_content&view=article,https://psitrends.com/index.php?id=18&option=com_content&view=article,KEEP,en-gb,200,https://psitrends.com/index.php?id=18&option=com_content&view=article,"[{""type"": ""content"", ""id"": ""18"", ""language"": ""*""}]",CLAIM REVIEW,UNAVAILABLE: query inventory does not classify CTA,UNAVAILABLE: query inventory does not measure inlinks,UNAVAILABLE: processing,UNAVAILABLE: not exported,UNAVAILABLE,PRESERVE; individual editorial review pending,PsiTrends site steward,legacy-preservation,No relocation or deletion authorized by missing metrics,Meaningful Joomla query view; retain until exact equivalent and content reviewed,CMS-seeded query crawl2026-09-22,"HTTP status, visible content, locale and links",No mutation; retain paired private pre-release backup
https://psitrends.com/index.php?id=19&option=com_content&view=article,https://psitrends.com/index.php?id=19&option=com_content&view=article,KEEP,en-gb,200,https://psitrends.com/index.php?id=19&option=com_content&view=article,"[{""type"": ""content"", ""id"": ""19"", ""language"": ""*""}]",CLAIM REVIEW,UNAVAILABLE: query inventory does not classify CTA,UNAVAILABLE: query inventory does not measure inlinks,UNAVAILABLE: processing,UNAVAILABLE: not exported,UNAVAILABLE,PRESERVE; individual editorial review pending,PsiTrends site steward,legacy-preservation,No relocation or deletion authorized by missing metrics,Meaningful Joomla query view; retain until exact equivalent and content reviewed,CMS-seeded query crawl2026-09-22,"HTTP status, visible content, locale and links",No mutation; retain paired private pre-release backup
https://psitrends.com/index.php?id=20&option=com_content&view=article,https://psitrends.com/index.php?id=20&option=com_content&view=article,KEEP,en-gb,200,https://psitrends.com/index.php?id=20&option=com_content&view=article,"[{""type"": ""content"", ""id"": ""20"", ""language"": ""*""}]",CLAIM REVIEW,UNAVAILABLE: query inventory does not classify CTA,UNAVAILABLE: query inventory does not measure inlinks,UNAVAILABLE: processing,UNAVAILABLE: not exported,UNAVAILABLE,PRESERVE; individual editorial review pending,PsiTrends site steward,legacy-preservation,No relocation or deletion authorized by missing metrics,Meaningful Joomla query view; retain until exact equivalent and content reviewed,CMS-seeded query crawl2026-09-22,"HTTP status, visible content, locale and links",No mutation; retain paired private pre-release backup
https://psitrends.com/index.php?id=21&option=com_content&view=article,https://psitrends.com/index.php?id=21&option=com_content&view=article,KEEP,en-gb,200,https://psitrends.com/index.php?id=21&option=com_content&view=article,"[{""type"": ""content"", ""id"": ""21"", ""language"": ""*""}]",CLAIM REVIEW,UNAVAILABLE: query inventory does not classify CTA,UNAVAILABLE: query inventory does not measure inlinks,UNAVAILABLE: processing,UNAVAILABLE: not exported,UNAVAILABLE,PRESERVE; individual editorial review pending,PsiTrends site steward,legacy-preservation,No relocation or deletion authorized by missing metrics,Meaningful Joomla query view; retain until exact equivalent and content reviewed,CMS-seeded query crawl2026-09-22,"HTTP status, visible content, locale and links",No mutation; retain paired private pre-release backup
https://psitrends.com/index.php?id=22&option=com_content&view=article,https://psitrends.com/index.php?id=22&option=com_content&view=article,KEEP,en-gb,200,https://psitrends.com/index.php?id=22&option=com_content&view=article,"[{""type"": ""content"", ""id"": ""22"", ""language"": ""*""}]",CLAIM REVIEW,UNAVAILABLE: query inventory does not classify CTA,UNAVAILABLE: query inventory does not measure inlinks,UNAVAILABLE: processing,UNAVAILABLE: not exported,UNAVAILABLE,PRESERVE; individual editorial review pending,PsiTrends site steward,legacy-preservation,No relocation or deletion authorized by missing metrics,Meaningful Joomla query view; retain until exact equivalent and content reviewed,CMS-seeded query crawl2026-09-22,"HTTP status, visible content, locale and links",No mutation; retain paired private pre-release backup
https://psitrends.com/index.php?id=23&option=com_content&view=article,https://psitrends.com/index.php?id=23&option=com_content&view=article,KEEP,en-gb,200,https://psitrends.com/index.php?id=23&option=com_content&view=article,"[{""type"": ""content"", ""id"": ""23"", ""language"": ""*""}]",CLAIM REVIEW,UNAVAILABLE: query inventory does not classify CTA,UNAVAILABLE: query inventory does not measure inlinks,UNAVAILABLE: processing,UNAVAILABLE: not exported,UNAVAILABLE,PRESERVE; individual editorial review pending,PsiTrends site steward,legacy-preservation,No relocation or deletion authorized by missing metrics,Meaningful Joomla query view; retain until exact equivalent and content reviewed,CMS-seeded query crawl2026-09-22,"HTTP status, visible content, locale and links",No mutation; retain paired private pre-release backup
https://psitrends.com/index.php?id=24&option=com_content&view=article,https://psitrends.com/index.php?id=24&option=com_content&view=article,KEEP,en-gb,200,https://psitrends.com/index.php?id=24&option=com_content&view=article,"[{""type"": ""content"", ""id"": ""24"", ""language"": ""*""}]",CLAIM REVIEW,UNAVAILABLE: query inventory does not classify CTA,UNAVAILABLE: query inventory does not measure inlinks,UNAVAILABLE: processing,UNAVAILABLE: not exported,UNAVAILABLE,PRESERVE; individual editorial review pending,PsiTrends site steward,legacy-preservation,No relocation or deletion authorized by missing metrics,Meaningful Joomla query view; retain until exact equivalent and content reviewed,CMS-seeded query crawl2026-09-22,"HTTP status, visible content, locale and links",No mutation; retain paired private pre-release backup
https://psitrends.com/index.php?id=25&option=com_content&view=article,https://psitrends.com/index.php?id=25&option=com_content&view=article,KEEP,en-gb,200,https://psitrends.com/index.php?id=25&option=com_content&view=article,"[{""type"": ""content"", ""id"": ""25"", ""language"": ""*""}]",CLAIM REVIEW,UNAVAILABLE: query inventory does not classify CTA,UNAVAILABLE: query inventory does not measure inlinks,UNAVAILABLE: processing,UNAVAILABLE: not exported,UNAVAILABLE,PRESERVE; individual editorial review pending,PsiTrends site steward,legacy-preservation,No relocation or deletion authorized by missing metrics,Meaningful Joomla query view; retain until exact equivalent and content reviewed,CMS-seeded query crawl2026-09-22,"HTTP status, visible content, locale and links",No mutation; retain paired private pre-release backup
https://psitrends.com/index.php?id=26&option=com_content&view=article,https://psitrends.com/index.php?id=26&option=com_content&view=article,KEEP,en-gb,200,https://psitrends.com/index.php?id=26&option=com_content&view=article,"[{""type"": ""content"", ""id"": ""26"", ""language"": ""*""}]",CLAIM REVIEW,UNAVAILABLE: query inventory does not classify CTA,UNAVAILABLE: query inventory does not measure inlinks,UNAVAILABLE: processing,UNAVAILABLE: not exported,UNAVAILABLE,PRESERVE; individual editorial review pending,PsiTrends site steward,legacy-preservation,No relocation or deletion authorized by missing metrics,Meaningful Joomla query view; retain until exact equivalent and content reviewed,CMS-seeded query crawl2026-09-22,"HTTP status, visible content, locale and links",No mutation; retain paired private pre-release backup
https://psitrends.com/index.php?id=27&option=com_content&view=article,https://psitrends.com/index.php?id=27&option=com_content&view=article,KEEP,en-gb,200,https://psitrends.com/index.php?id=27&option=com_content&view=article,"[{""type"": ""content"", ""id"": ""27"", ""language"": ""*""}]",CLAIM REVIEW,UNAVAILABLE: query inventory does not classify CTA,UNAVAILABLE: query inventory does not measure inlinks,UNAVAILABLE: processing,UNAVAILABLE: not exported,UNAVAILABLE,PRESERVE; individual editorial review pending,PsiTrends site steward,legacy-preservation,No relocation or deletion authorized by missing metrics,Meaningful Joomla query view; retain until exact equivalent and content reviewed,CMS-seeded query crawl2026-09-22,"HTTP status, visible content, locale and links",No mutation; retain paired private pre-release backup
https://psitrends.com/index.php?id=28&option=com_content&view=article,https://psitrends.com/index.php?id=28&option=com_content&view=article,KEEP,en-gb,200,https://psitrends.com/index.php?id=28&option=com_content&view=article,"[{""type"": ""content"", ""id"": ""28"", ""language"": ""*""}]",CLAIM REVIEW,UNAVAILABLE: query inventory does not classify CTA,UNAVAILABLE: query inventory does not measure inlinks,UNAVAILABLE: processing,UNAVAILABLE: not exported,UNAVAILABLE,PRESERVE; individual editorial review pending,PsiTrends site steward,legacy-preservation,No relocation or deletion authorized by missing metrics,Meaningful Joomla query view; retain until exact equivalent and content reviewed,CMS-seeded query crawl2026-09-22,"HTTP status, visible content, locale and links",No mutation; retain paired private pre-release backup
https://psitrends.com/index.php?id=29&option=com_content&view=article,https://psitrends.com/index.php?id=29&option=com_content&view=article,KEEP,en-gb,200,https://psitrends.com/index.php?id=29&option=com_content&view=article,"[{""type"": ""content"", ""id"": ""29"", ""language"": ""*""}]",CLAIM REVIEW,UNAVAILABLE: query inventory does not classify CTA,UNAVAILABLE: query inventory does not measure inlinks,UNAVAILABLE: processing,UNAVAILABLE: not exported,UNAVAILABLE,PRESERVE; individual editorial review pending,PsiTrends site steward,legacy-preservation,No relocation or deletion authorized by missing metrics,Meaningful Joomla query view; retain until exact equivalent and content reviewed,CMS-seeded query crawl2026-09-22,"HTTP status, visible content, locale and links",No mutation; retain paired private pre-release backup
https://psitrends.com/index.php?id=30&option=com_content&view=article,https://psitrends.com/index.php?id=30&option=com_content&view=article,KEEP,en-gb,200,https://psitrends.com/index.php?id=30&option=com_content&view=article,"[{""type"": ""content"", ""id"": ""30"", ""language"": ""*""}]",CLAIM REVIEW,UNAVAILABLE: query inventory does not classify CTA,UNAVAILABLE: query inventory does not measure inlinks,UNAVAILABLE: processing,UNAVAILABLE: not exported,UNAVAILABLE,PRESERVE; individual editorial review pending,PsiTrends site steward,legacy-preservation,No relocation or deletion authorized by missing metrics,Meaningful Joomla query view; retain until exact equivalent and content reviewed,CMS-seeded query crawl2026-09-22,"HTTP status, visible content, locale and links",No mutation; retain paired private pre-release backup
https://psitrends.com/index.php?id=31&option=com_content&view=article,https://psitrends.com/index.php?id=31&option=com_content&view=article,KEEP,en-gb,200,https://psitrends.com/index.php?id=31&option=com_content&view=article,"[{""type"": ""content"", ""id"": ""31"", ""language"": ""*""}]",CLAIM REVIEW,UNAVAILABLE: query inventory does not classify CTA,UNAVAILABLE: query inventory does not measure inlinks,UNAVAILABLE: processing,UNAVAILABLE: not exported,UNAVAILABLE,PRESERVE; individual editorial review pending,PsiTrends site steward,legacy-preservation,No relocation or deletion authorized by missing metrics,Meaningful Joomla query view; retain until exact equivalent and content reviewed,CMS-seeded query crawl2026-09-22,"HTTP status, visible content, locale and links",No mutation; retain paired private pre-release backup
https://psitrends.com/index.php?id=32&option=com_content&view=article,https://psitrends.com/index.php?id=32&option=com_content&view=article,KEEP,en-gb,200,https://psitrends.com/index.php?id=32&option=com_content&view=article,"[{""type"": ""content"", ""id"": ""32"", ""language"": ""*""}]",CLAIM REVIEW,UNAVAILABLE: query inventory does not classify CTA,UNAVAILABLE: query inventory does not measure inlinks,UNAVAILABLE: processing,UNAVAILABLE: not exported,UNAVAILABLE,PRESERVE; individual editorial review pending,PsiTrends site steward,legacy-preservation,No relocation or deletion authorized by missing metrics,Meaningful Joomla query view; retain until exact equivalent and content reviewed,CMS-seeded query crawl2026-09-22,"HTTP status, visible content, locale and links",No mutation; retain paired private pre-release backup
https://psitrends.com/index.php?id=33&option=com_content&view=article,https://psitrends.com/index.php?id=33&option=com_content&view=article,KEEP,en-gb,200,https://psitrends.com/index.php?id=33&option=com_content&view=article,"[{""type"": ""content"", ""id"": ""33"", ""language"": ""*""}]",CLAIM REVIEW,UNAVAILABLE: query inventory does not classify CTA,UNAVAILABLE: query inventory does not measure inlinks,UNAVAILABLE: processing,UNAVAILABLE: not exported,UNAVAILABLE,PRESERVE; individual editorial review pending,PsiTrends site steward,legacy-preservation,No relocation or deletion authorized by missing metrics,Meaningful Joomla query view; retain until exact equivalent and content reviewed,CMS-seeded query crawl2026-09-22,"HTTP status, visible content, locale and links",No mutation; retain paired private pre-release backup
https://psitrends.com/index.php?id=34&option=com_content&view=article,https://psitrends.com/index.php?id=34&option=com_content&view=article,KEEP,en-gb,200,https://psitrends.com/index.php?id=34&option=com_content&view=article,"[{""type"": ""content"", ""id"": ""34"", ""language"": ""*""}]",CLAIM REVIEW,UNAVAILABLE: query inventory does not classify CTA,UNAVAILABLE: query inventory does not measure inlinks,UNAVAILABLE: processing,UNAVAILABLE: not exported,UNAVAILABLE,PRESERVE; individual editorial review pending,PsiTrends site steward,legacy-preservation,No relocation or deletion authorized by missing metrics,Meaningful Joomla query view; retain until exact equivalent and content reviewed,CMS-seeded query crawl2026-09-22,"HTTP status, visible content, locale and links",No mutation; retain paired private pre-release backup
https://psitrends.com/index.php?id=35&option=com_content&view=article,https://psitrends.com/index.php?id=35&option=com_content&view=article,KEEP,en-gb,200,https://psitrends.com/index.php?id=35&option=com_content&view=article,"[{""type"": ""content"", ""id"": ""35"", ""language"": ""*""}]",CLAIM REVIEW,UNAVAILABLE: query inventory does not classify CTA,UNAVAILABLE: query inventory does not measure inlinks,UNAVAILABLE: processing,UNAVAILABLE: not exported,UNAVAILABLE,PRESERVE; individual editorial review pending,PsiTrends site steward,legacy-preservation,No relocation or deletion authorized by missing metrics,Meaningful Joomla query view; retain until exact equivalent and content reviewed,CMS-seeded query crawl2026-09-22,"HTTP status, visible content, locale and links",No mutation; retain paired private pre-release backup
https://psitrends.com/index.php?id=36&option=com_content&view=article,https://psitrends.com/index.php?id=36&option=com_content&view=article,KEEP,en-gb,200,https://psitrends.com/index.php?id=36&option=com_content&view=article,"[{""type"": ""content"", ""id"": ""36"", ""language"": ""*""}]",CLAIM REVIEW,UNAVAILABLE: query inventory does not classify CTA,UNAVAILABLE: query inventory does not measure inlinks,UNAVAILABLE: processing,UNAVAILABLE: not exported,UNAVAILABLE,PRESERVE; individual editorial review pending,PsiTrends site steward,legacy-preservation,No relocation or deletion authorized by missing metrics,Meaningful Joomla query view; retain until exact equivalent and content reviewed,CMS-seeded query crawl2026-09-22,"HTTP status, visible content, locale and links",No mutation; retain paired private pre-release backup
https://psitrends.com/index.php?id=37&option=com_content&view=article,https://psitrends.com/index.php?id=37&option=com_content&view=article,KEEP,en-gb,200,https://psitrends.com/index.php?id=37&option=com_content&view=article,"[{""type"": ""content"", ""id"": ""37"", ""language"": ""*""}]",CLAIM REVIEW,UNAVAILABLE: query inventory does not classify CTA,UNAVAILABLE: query inventory does not measure inlinks,UNAVAILABLE: processing,UNAVAILABLE: not exported,UNAVAILABLE,PRESERVE; individual editorial review pending,PsiTrends site steward,legacy-preservation,No relocation or deletion authorized by missing metrics,Meaningful Joomla query view; retain until exact equivalent and content reviewed,CMS-seeded query crawl2026-09-22,"HTTP status, visible content, locale and links",No mutation; retain paired private pre-release backup
https://psitrends.com/index.php?id=38&option=com_content&view=article,https://psitrends.com/index.php?id=38&option=com_content&view=article,UPDATE,en-gb,500,https://psitrends.com/index.php?id=38&option=com_content&view=article,"[{""type"": ""content"", ""id"": ""38"", ""language"": ""*""}, {""type"": ""menu_exact"", ""id"": ""124"", ""language"": ""*""}]",CLAIM REVIEW,UNAVAILABLE: query inventory does not classify CTA,UNAVAILABLE: query inventory does not measure inlinks,UNAVAILABLE: processing,UNAVAILABLE: not exported,UNAVAILABLE,PRESERVE; individual editorial review pending,PsiTrends site steward,legacy-renderer-data-repair,"Seven-leaf guarded repair, rollback and legacy routing regression pass",Repair verified malformed background field; preserve content and URL,CMS-seeded query crawl2026-09-22,"HTTP status, visible content, locale and links",Private exact-row snapshots plus paired backup
https://psitrends.com/index.php?id=39&option=com_content&view=article,https://psitrends.com/index.php?id=39&option=com_content&view=article,UPDATE,en-gb,500,https://psitrends.com/index.php?id=39&option=com_content&view=article,"[{""type"": ""content"", ""id"": ""39"", ""language"": ""*""}]",CLAIM REVIEW,UNAVAILABLE: query inventory does not classify CTA,UNAVAILABLE: query inventory does not measure inlinks,UNAVAILABLE: processing,UNAVAILABLE: not exported,UNAVAILABLE,PRESERVE; individual editorial review pending,PsiTrends site steward,legacy-renderer-data-repair,"Seven-leaf guarded repair, rollback and legacy routing regression pass",Repair verified malformed background field; preserve content and URL,CMS-seeded query crawl2026-09-22,"HTTP status, visible content, locale and links",Private exact-row snapshots plus paired backup
https://psitrends.com/index.php?id=40&option=com_content&view=article,https://psitrends.com/index.php?id=40&option=com_content&view=article,UPDATE,en-gb,500,https://psitrends.com/index.php?id=40&option=com_content&view=article,"[{""type"": ""content"", ""id"": ""40"", ""language"": ""*""}]",CLAIM REVIEW,UNAVAILABLE: query inventory does not classify CTA,UNAVAILABLE: query inventory does not measure inlinks,UNAVAILABLE: processing,UNAVAILABLE: not exported,UNAVAILABLE,PRESERVE; individual editorial review pending,PsiTrends site steward,legacy-renderer-data-repair,"Seven-leaf guarded repair, rollback and legacy routing regression pass",Repair verified malformed background field; preserve content and URL,CMS-seeded query crawl2026-09-22,"HTTP status, visible content, locale and links",Private exact-row snapshots plus paired backup
https://psitrends.com/index.php?id=41&option=com_content&view=article,https://psitrends.com/index.php?id=41&option=com_content&view=article,UPDATE,en-gb,500,https://psitrends.com/index.php?id=41&option=com_content&view=article,"[{""type"": ""content"", ""id"": ""41"", ""language"": ""*""}, {""type"": ""menu_exact"", ""id"": ""121"", ""language"": ""*""}]",CLAIM REVIEW,UNAVAILABLE: query inventory does not classify CTA,UNAVAILABLE: query inventory does not measure inlinks,UNAVAILABLE: processing,UNAVAILABLE: not exported,UNAVAILABLE,PRESERVE; individual editorial review pending,PsiTrends site steward,legacy-renderer-data-repair,"Seven-leaf guarded repair, rollback and legacy routing regression pass",Repair verified malformed background field; preserve content and URL,CMS-seeded query crawl2026-09-22,"HTTP status, visible content, locale and links",Private exact-row snapshots plus paired backup
https://psitrends.com/index.php?id=42&option=com_content&view=article,https://psitrends.com/index.php?id=42&option=com_content&view=article,UPDATE,en-gb,500,https://psitrends.com/index.php?id=42&option=com_content&view=article,"[{""type"": ""content"", ""id"": ""42"", ""language"": ""*""}]",CLAIM REVIEW,UNAVAILABLE: query inventory does not classify CTA,UNAVAILABLE: query inventory does not measure inlinks,UNAVAILABLE: processing,UNAVAILABLE: not exported,UNAVAILABLE,PRESERVE; individual editorial review pending,PsiTrends site steward,legacy-renderer-data-repair,"Seven-leaf guarded repair, rollback and legacy routing regression pass",Repair verified malformed background field; preserve content and URL,CMS-seeded query crawl2026-09-22,"HTTP status, visible content, locale and links",Private exact-row snapshots plus paired backup
https://psitrends.com/index.php?id=43&option=com_content&view=article,https://psitrends.com/index.php?id=43&option=com_content&view=article,UPDATE,en-gb,500,https://psitrends.com/index.php?id=43&option=com_content&view=article,"[{""type"": ""content"", ""id"": ""43"", ""language"": ""*""}, {""type"": ""menu_exact"", ""id"": ""123"", ""language"": ""*""}]",CLAIM REVIEW,UNAVAILABLE: query inventory does not classify CTA,UNAVAILABLE: query inventory does not measure inlinks,UNAVAILABLE: processing,UNAVAILABLE: not exported,UNAVAILABLE,PRESERVE; individual editorial review pending,PsiTrends site steward,legacy-renderer-data-repair,"Seven-leaf guarded repair, rollback and legacy routing regression pass",Repair verified malformed background field; preserve content and URL,CMS-seeded query crawl2026-09-22,"HTTP status, visible content, locale and links",Private exact-row snapshots plus paired backup
https://psitrends.com/index.php?id=44&option=com_content&view=article,https://psitrends.com/index.php?id=44&option=com_content&view=article,UPDATE,en-gb,500,https://psitrends.com/index.php?id=44&option=com_content&view=article,"[{""type"": ""content"", ""id"": ""44"", ""language"": ""*""}, {""type"": ""menu_exact"", ""id"": ""122"", ""language"": ""*""}]",CLAIM REVIEW,UNAVAILABLE: query inventory does not classify CTA,UNAVAILABLE: query inventory does not measure inlinks,UNAVAILABLE: processing,UNAVAILABLE: not exported,UNAVAILABLE,PRESERVE; individual editorial review pending,PsiTrends site steward,legacy-renderer-data-repair,"Seven-leaf guarded repair, rollback and legacy routing regression pass",Repair verified malformed background field; preserve content and URL,CMS-seeded query crawl2026-09-22,"HTTP status, visible content, locale and links",Private exact-row snapshots plus paired backup
https://psitrends.com/index.php?id=45&option=com_content&view=article,https://psitrends.com/index.php?id=45&option=com_content&view=article,KEEP,en-gb,200,https://psitrends.com/index.php?id=45&option=com_content&view=article,"[{""type"": ""content"", ""id"": ""45"", ""language"": ""*""}]",CLAIM REVIEW,UNAVAILABLE: query inventory does not classify CTA,UNAVAILABLE: query inventory does not measure inlinks,UNAVAILABLE: processing,UNAVAILABLE: not exported,UNAVAILABLE,PRESERVE; individual editorial review pending,PsiTrends site steward,legacy-preservation,No relocation or deletion authorized by missing metrics,Meaningful Joomla query view; retain until exact equivalent and content reviewed,CMS-seeded query crawl2026-09-22,"HTTP status, visible content, locale and links",No mutation; retain paired private pre-release backup
https://psitrends.com/index.php?id=46&option=com_content&view=article,https://psitrends.com/index.php?id=46&option=com_content&view=article,KEEP,en-gb,200,https://psitrends.com/index.php?id=46&option=com_content&view=article,"[{""type"": ""content"", ""id"": ""46"", ""language"": ""*""}, {""type"": ""menu_exact"", ""id"": ""108"", ""language"": ""*""}]",CLAIM REVIEW,UNAVAILABLE: query inventory does not classify CTA,UNAVAILABLE: query inventory does not measure inlinks,UNAVAILABLE: processing,UNAVAILABLE: not exported,UNAVAILABLE,PRESERVE; individual editorial review pending,PsiTrends site steward,legacy-preservation,No relocation or deletion authorized by missing metrics,Meaningful Joomla query view; retain until exact equivalent and content reviewed,CMS-seeded query crawl2026-09-22,"HTTP status, visible content, locale and links",No mutation; retain paired private pre-release backup
https://psitrends.com/index.php?id=47&option=com_content&view=article,https://psitrends.com/index.php?id=47&option=com_content&view=article,KEEP,en-gb,200,https://psitrends.com/index.php?id=47&option=com_content&view=article,"[{""type"": ""content"", ""id"": ""47"", ""language"": ""*""}, {""type"": ""menu_exact"", ""id"": ""109"", ""language"": ""*""}]",CLAIM REVIEW,UNAVAILABLE: query inventory does not classify CTA,UNAVAILABLE: query inventory does not measure inlinks,UNAVAILABLE: processing,UNAVAILABLE: not exported,UNAVAILABLE,PRESERVE; individual editorial review pending,PsiTrends site steward,legacy-preservation,No relocation or deletion authorized by missing metrics,Meaningful Joomla query view; retain until exact equivalent and content reviewed,CMS-seeded query crawl2026-09-22,"HTTP status, visible content, locale and links",No mutation; retain paired private pre-release backup
https://psitrends.com/index.php?id=48&option=com_content&view=article,https://psitrends.com/index.php?id=48&option=com_content&view=article,KEEP,en-gb,200,https://psitrends.com/index.php?id=48&option=com_content&view=article,"[{""type"": ""content"", ""id"": ""48"", ""language"": ""*""}, {""type"": ""menu_exact"", ""id"": ""107"", ""language"": ""*""}]",CLAIM REVIEW,UNAVAILABLE: query inventory does not classify CTA,UNAVAILABLE: query inventory does not measure inlinks,UNAVAILABLE: processing,UNAVAILABLE: not exported,UNAVAILABLE,PRESERVE; individual editorial review pending,PsiTrends site steward,legacy-preservation,No relocation or deletion authorized by missing metrics,Meaningful Joomla query view; retain until exact equivalent and content reviewed,CMS-seeded query crawl2026-09-22,"HTTP status, visible content, locale and links",No mutation; retain paired private pre-release backup
https://psitrends.com/index.php?id=50&option=com_content&view=article,https://psitrends.com/index.php?id=50&option=com_content&view=article,KEEP,en-gb,200,https://psitrends.com/index.php?id=50&option=com_content&view=article,"[{""type"": ""content"", ""id"": ""50"", ""language"": ""*""}]",CLAIM REVIEW,UNAVAILABLE: query inventory does not classify CTA,UNAVAILABLE: query inventory does not measure inlinks,UNAVAILABLE: processing,UNAVAILABLE: not exported,UNAVAILABLE,PRESERVE; individual editorial review pending,PsiTrends site steward,legacy-preservation,No relocation or deletion authorized by missing metrics,Meaningful Joomla query view; retain until exact equivalent and content reviewed,CMS-seeded query crawl2026-09-22,"HTTP status, visible content, locale and links",No mutation; retain paired private pre-release backup
https://psitrends.com/index.php?Itemid=101&id=2&option=com_quix&view=page,https://psitrends.com/index.php?Itemid=101&id=2&option=com_quix&view=page,KEEP,en-gb,200,https://psitrends.com/index.php?Itemid=101&id=2&option=com_quix&view=page,"[{""type"": ""menu_context"", ""id"": ""101"", ""language"": ""*""}]",CLAIM REVIEW,UNAVAILABLE: query inventory does not classify CTA,UNAVAILABLE: query inventory does not measure inlinks,UNAVAILABLE: processing,UNAVAILABLE: not exported,UNAVAILABLE,PRESERVE; individual editorial review pending,PsiTrends site steward,legacy-preservation,No relocation or deletion authorized by missing metrics,Meaningful Joomla query view; retain until exact equivalent and content reviewed,CMS-seeded query crawl2026-09-22,"HTTP status, visible content, locale and links",No mutation; retain paired private pre-release backup
https://psitrends.com/index.php?Itemid=106&id=14&option=com_content&view=article,https://psitrends.com/index.php?Itemid=106&id=14&option=com_content&view=article,KEEP,en-gb,200,https://psitrends.com/index.php?Itemid=106&id=14&option=com_content&view=article,"[{""type"": ""menu_context"", ""id"": ""106"", ""language"": ""*""}]",CLAIM REVIEW,UNAVAILABLE: query inventory does not classify CTA,UNAVAILABLE: query inventory does not measure inlinks,UNAVAILABLE: processing,UNAVAILABLE: not exported,UNAVAILABLE,PRESERVE; individual editorial review pending,PsiTrends site steward,legacy-preservation,No relocation or deletion authorized by missing metrics,Meaningful Joomla query view; retain until exact equivalent and content reviewed,CMS-seeded query crawl2026-09-22,"HTTP status, visible content, locale and links",No mutation; retain paired private pre-release backup
https://psitrends.com/index.php?Itemid=107&id=48&option=com_content&view=article,https://psitrends.com/index.php?Itemid=107&id=48&option=com_content&view=article,KEEP,en-gb,200,https://psitrends.com/index.php?Itemid=107&id=48&option=com_content&view=article,"[{""type"": ""menu_context"", ""id"": ""107"", ""language"": ""*""}]",CLAIM REVIEW,UNAVAILABLE: query inventory does not classify CTA,UNAVAILABLE: query inventory does not measure inlinks,UNAVAILABLE: processing,UNAVAILABLE: not exported,UNAVAILABLE,PRESERVE; individual editorial review pending,PsiTrends site steward,legacy-preservation,No relocation or deletion authorized by missing metrics,Meaningful Joomla query view; retain until exact equivalent and content reviewed,CMS-seeded query crawl2026-09-22,"HTTP status, visible content, locale and links",No mutation; retain paired private pre-release backup
https://psitrends.com/index.php?Itemid=108&id=46&option=com_content&view=article,https://psitrends.com/index.php?Itemid=108&id=46&option=com_content&view=article,KEEP,en-gb,200,https://psitrends.com/index.php?Itemid=108&id=46&option=com_content&view=article,"[{""type"": ""menu_context"", ""id"": ""108"", ""language"": ""*""}]",CLAIM REVIEW,UNAVAILABLE: query inventory does not classify CTA,UNAVAILABLE: query inventory does not measure inlinks,UNAVAILABLE: processing,UNAVAILABLE: not exported,UNAVAILABLE,PRESERVE; individual editorial review pending,PsiTrends site steward,legacy-preservation,No relocation or deletion authorized by missing metrics,Meaningful Joomla query view; retain until exact equivalent and content reviewed,CMS-seeded query crawl2026-09-22,"HTTP status, visible content, locale and links",No mutation; retain paired private pre-release backup
https://psitrends.com/index.php?Itemid=109&id=47&option=com_content&view=article,https://psitrends.com/index.php?Itemid=109&id=47&option=com_content&view=article,KEEP,en-gb,200,https://psitrends.com/index.php?Itemid=109&id=47&option=com_content&view=article,"[{""type"": ""menu_context"", ""id"": ""109"", ""language"": ""*""}]",CLAIM REVIEW,UNAVAILABLE: query inventory does not classify CTA,UNAVAILABLE: query inventory does not measure inlinks,UNAVAILABLE: processing,UNAVAILABLE: not exported,UNAVAILABLE,PRESERVE; individual editorial review pending,PsiTrends site steward,legacy-preservation,No relocation or deletion authorized by missing metrics,Meaningful Joomla query view; retain until exact equivalent and content reviewed,CMS-seeded query crawl2026-09-22,"HTTP status, visible content, locale and links",No mutation; retain paired private pre-release backup
https://psitrends.com/index.php?Itemid=110&id=8&option=com_content&view=article,https://psitrends.com/index.php?Itemid=110&id=8&option=com_content&view=article,KEEP,en-gb,200,https://psitrends.com/index.php?Itemid=110&id=8&option=com_content&view=article,"[{""type"": ""menu_context"", ""id"": ""110"", ""language"": ""*""}]",CLAIM REVIEW,UNAVAILABLE: query inventory does not classify CTA,UNAVAILABLE: query inventory does not measure inlinks,UNAVAILABLE: processing,UNAVAILABLE: not exported,UNAVAILABLE,PRESERVE; individual editorial review pending,PsiTrends site steward,legacy-preservation,No relocation or deletion authorized by missing metrics,Meaningful Joomla query view; retain until exact equivalent and content reviewed,CMS-seeded query crawl2026-09-22,"HTTP status, visible content, locale and links",No mutation; retain paired private pre-release backup
https://psitrends.com/index.php?Itemid=111&id=7&option=com_content&view=article,https://psitrends.com/index.php?Itemid=111&id=7&option=com_content&view=article,KEEP,en-gb,200,https://psitrends.com/index.php?Itemid=111&id=7&option=com_content&view=article,"[{""type"": ""menu_context"", ""id"": ""111"", ""language"": ""*""}]",CLAIM REVIEW,UNAVAILABLE: query inventory does not classify CTA,UNAVAILABLE: query inventory does not measure inlinks,UNAVAILABLE: processing,UNAVAILABLE: not exported,UNAVAILABLE,PRESERVE; individual editorial review pending,PsiTrends site steward,legacy-preservation,No relocation or deletion authorized by missing metrics,Meaningful Joomla query view; retain until exact equivalent and content reviewed,CMS-seeded query crawl2026-09-22,"HTTP status, visible content, locale and links",No mutation; retain paired private pre-release backup
https://psitrends.com/index.php?Itemid=112&id=6&option=com_content&view=article,https://psitrends.com/index.php?Itemid=112&id=6&option=com_content&view=article,KEEP,en-gb,200,https://psitrends.com/index.php?Itemid=112&id=6&option=com_content&view=article,"[{""type"": ""menu_context"", ""id"": ""112"", ""language"": ""*""}]",CLAIM REVIEW,UNAVAILABLE: query inventory does not classify CTA,UNAVAILABLE: query inventory does not measure inlinks,UNAVAILABLE: processing,UNAVAILABLE: not exported,UNAVAILABLE,PRESERVE; individual editorial review pending,PsiTrends site steward,legacy-preservation,No relocation or deletion authorized by missing metrics,Meaningful Joomla query view; retain until exact equivalent and content reviewed,CMS-seeded query crawl2026-09-22,"HTTP status, visible content, locale and links",No mutation; retain paired private pre-release backup
https://psitrends.com/index.php?Itemid=120&id=1&option=com_content&view=article,https://psitrends.com/index.php?Itemid=120&id=1&option=com_content&view=article,KEEP,en-gb,200,https://psitrends.com/index.php?Itemid=120&id=1&option=com_content&view=article,"[{""type"": ""menu_context"", ""id"": ""120"", ""language"": ""*""}]",CLAIM REVIEW,UNAVAILABLE: query inventory does not classify CTA,UNAVAILABLE: query inventory does not measure inlinks,UNAVAILABLE: processing,UNAVAILABLE: not exported,UNAVAILABLE,PRESERVE; individual editorial review pending,PsiTrends site steward,legacy-preservation,No relocation or deletion authorized by missing metrics,Meaningful Joomla query view; retain until exact equivalent and content reviewed,CMS-seeded query crawl2026-09-22,"HTTP status, visible content, locale and links",No mutation; retain paired private pre-release backup
https://psitrends.com/index.php?Itemid=121&id=41&option=com_content&view=article,https://psitrends.com/index.php?Itemid=121&id=41&option=com_content&view=article,UPDATE,en-gb,500,https://psitrends.com/index.php?Itemid=121&id=41&option=com_content&view=article,"[{""type"": ""menu_context"", ""id"": ""121"", ""language"": ""*""}]",CLAIM REVIEW,UNAVAILABLE: query inventory does not classify CTA,UNAVAILABLE: query inventory does not measure inlinks,UNAVAILABLE: processing,UNAVAILABLE: not exported,UNAVAILABLE,PRESERVE; individual editorial review pending,PsiTrends site steward,legacy-renderer-data-repair,"Seven-leaf guarded repair, rollback and legacy routing regression pass",Repair verified malformed background field; preserve content and URL,CMS-seeded query crawl2026-09-22,"HTTP status, visible content, locale and links",Private exact-row snapshots plus paired backup
https://psitrends.com/index.php?Itemid=122&id=44&option=com_content&view=article,https://psitrends.com/index.php?Itemid=122&id=44&option=com_content&view=article,UPDATE,en-gb,500,https://psitrends.com/index.php?Itemid=122&id=44&option=com_content&view=article,"[{""type"": ""menu_context"", ""id"": ""122"", ""language"": ""*""}]",CLAIM REVIEW,UNAVAILABLE: query inventory does not classify CTA,UNAVAILABLE: query inventory does not measure inlinks,UNAVAILABLE: processing,UNAVAILABLE: not exported,UNAVAILABLE,PRESERVE; individual editorial review pending,PsiTrends site steward,legacy-renderer-data-repair,"Seven-leaf guarded repair, rollback and legacy routing regression pass",Repair verified malformed background field; preserve content and URL,CMS-seeded query crawl2026-09-22,"HTTP status, visible content, locale and links",Private exact-row snapshots plus paired backup
https://psitrends.com/index.php?Itemid=123&id=43&option=com_content&view=article,https://psitrends.com/index.php?Itemid=123&id=43&option=com_content&view=article,UPDATE,en-gb,500,https://psitrends.com/index.php?Itemid=123&id=43&option=com_content&view=article,"[{""type"": ""menu_context"", ""id"": ""123"", ""language"": ""*""}]",CLAIM REVIEW,UNAVAILABLE: query inventory does not classify CTA,UNAVAILABLE: query inventory does not measure inlinks,UNAVAILABLE: processing,UNAVAILABLE: not exported,UNAVAILABLE,PRESERVE; individual editorial review pending,PsiTrends site steward,legacy-renderer-data-repair,"Seven-leaf guarded repair, rollback and legacy routing regression pass",Repair verified malformed background field; preserve content and URL,CMS-seeded query crawl2026-09-22,"HTTP status, visible content, locale and links",Private exact-row snapshots plus paired backup
https://psitrends.com/index.php?Itemid=124&id=38&option=com_content&view=article,https://psitrends.com/index.php?Itemid=124&id=38&option=com_content&view=article,UPDATE,en-gb,500,https://psitrends.com/index.php?Itemid=124&id=38&option=com_content&view=article,"[{""type"": ""menu_context"", ""id"": ""124"", ""language"": ""*""}]",CLAIM REVIEW,UNAVAILABLE: query inventory does not classify CTA,UNAVAILABLE: query inventory does not measure inlinks,UNAVAILABLE: processing,UNAVAILABLE: not exported,UNAVAILABLE,PRESERVE; individual editorial review pending,PsiTrends site steward,legacy-renderer-data-repair,"Seven-leaf guarded repair, rollback and legacy routing regression pass",Repair verified malformed background field; preserve content and URL,CMS-seeded query crawl2026-09-22,"HTTP status, visible content, locale and links",Private exact-row snapshots plus paired backup
https://psitrends.com/index.php?Itemid=199&id=14&lang=ru&option=com_quix&view=page,https://psitrends.com/index.php?Itemid=199&id=14&lang=ru&option=com_quix&view=page,KEEP,ru-ru,200,https://psitrends.com/index.php?Itemid=199&id=14&lang=ru&option=com_quix&view=page,"[{""type"": ""menu_context"", ""id"": ""199"", ""language"": ""ru-RU""}]",CLAIM REVIEW,UNAVAILABLE: query inventory does not classify CTA,UNAVAILABLE: query inventory does not measure inlinks,UNAVAILABLE: processing,UNAVAILABLE: not exported,UNAVAILABLE,PRESERVE; individual editorial review pending,PsiTrends site steward,legacy-preservation,No relocation or deletion authorized by missing metrics,Meaningful Joomla query view; retain until exact equivalent and content reviewed,CMS-seeded query crawl2026-09-22,"HTTP status, visible content, locale and links",No mutation; retain paired private pre-release backup
https://psitrends.com/index.php?Itemid=200&id=24&option=com_quix&view=page,https://psitrends.com/index.php?Itemid=200&id=24&option=com_quix&view=page,KEEP,en-gb,200,https://psitrends.com/index.php?Itemid=200&id=24&option=com_quix&view=page,"[{""type"": ""menu_context"", ""id"": ""200"", ""language"": ""*""}]",CLAIM REVIEW,UNAVAILABLE: query inventory does not classify CTA,UNAVAILABLE: query inventory does not measure inlinks,UNAVAILABLE: processing,UNAVAILABLE: not exported,UNAVAILABLE,PRESERVE; individual editorial review pending,PsiTrends site steward,legacy-preservation,No relocation or deletion authorized by missing metrics,Meaningful Joomla query view; retain until exact equivalent and content reviewed,CMS-seeded query crawl2026-09-22,"HTTP status, visible content, locale and links",No mutation; retain paired private pre-release backup
https://psitrends.com/index.php?Itemid=202&id=4&lang=en&option=com_quix&view=page,https://psitrends.com/index.php?Itemid=202&id=4&lang=en&option=com_quix&view=page,KEEP,en-gb,200,https://psitrends.com/index.php?Itemid=202&id=4&lang=en&option=com_quix&view=page,"[{""type"": ""menu_context"", ""id"": ""202"", ""language"": ""en-GB""}]",CLAIM REVIEW,UNAVAILABLE: query inventory does not classify CTA,UNAVAILABLE: query inventory does not measure inlinks,UNAVAILABLE: processing,UNAVAILABLE: not exported,UNAVAILABLE,PRESERVE; individual editorial review pending,PsiTrends site steward,legacy-preservation,No relocation or deletion authorized by missing metrics,Meaningful Joomla query view; retain until exact equivalent and content reviewed,CMS-seeded query crawl2026-09-22,"HTTP status, visible content, locale and links",No mutation; retain paired private pre-release backup
https://psitrends.com/index.php?Itemid=203&id=16&lang=en&option=com_quix&view=page,https://psitrends.com/index.php?Itemid=203&id=16&lang=en&option=com_quix&view=page,KEEP,en-gb,200,https://psitrends.com/index.php?Itemid=203&id=16&lang=en&option=com_quix&view=page,"[{""type"": ""menu_context"", ""id"": ""203"", ""language"": ""en-GB""}]",CLAIM REVIEW,UNAVAILABLE: query inventory does not classify CTA,UNAVAILABLE: query inventory does not measure inlinks,UNAVAILABLE: processing,UNAVAILABLE: not exported,UNAVAILABLE,PRESERVE; individual editorial review pending,PsiTrends site steward,legacy-preservation,No relocation or deletion authorized by missing metrics,Meaningful Joomla query view; retain until exact equivalent and content reviewed,CMS-seeded query crawl2026-09-22,"HTTP status, visible content, locale and links",No mutation; retain paired private pre-release backup
https://psitrends.com/index.php?Itemid=204&id=141&lang=ru&option=com_quix&view=page,https://psitrends.com/index.php?Itemid=204&id=141&lang=ru&option=com_quix&view=page,KEEP,ru-ru,200,https://psitrends.com/index.php?Itemid=204&id=141&lang=ru&option=com_quix&view=page,"[{""type"": ""menu_context"", ""id"": ""204"", ""language"": ""ru-RU""}]",CLAIM REVIEW,UNAVAILABLE: query inventory does not classify CTA,UNAVAILABLE: query inventory does not measure inlinks,UNAVAILABLE: processing,UNAVAILABLE: not exported,UNAVAILABLE,PRESERVE; individual editorial review pending,PsiTrends site steward,legacy-preservation,No relocation or deletion authorized by missing metrics,Meaningful Joomla query view; retain until exact equivalent and content reviewed,CMS-seeded query crawl2026-09-22,"HTTP status, visible content, locale and links",No mutation; retain paired private pre-release backup
https://psitrends.com/index.php?Itemid=205&id=20&option=com_quix&view=page,https://psitrends.com/index.php?Itemid=205&id=20&option=com_quix&view=page,KEEP,en-gb,200,https://psitrends.com/index.php?Itemid=205&id=20&option=com_quix&view=page,"[{""type"": ""menu_context"", ""id"": ""205"", ""language"": ""*""}]",CLAIM REVIEW,UNAVAILABLE: query inventory does not classify CTA,UNAVAILABLE: query inventory does not measure inlinks,UNAVAILABLE: processing,UNAVAILABLE: not exported,UNAVAILABLE,PRESERVE; individual editorial review pending,PsiTrends site steward,legacy-preservation,No relocation or deletion authorized by missing metrics,Meaningful Joomla query view; retain until exact equivalent and content reviewed,CMS-seeded query crawl2026-09-22,"HTTP status, visible content, locale and links",No mutation; retain paired private pre-release backup
https://psitrends.com/index.php?Itemid=206&id=77&lang=en&option=com_quix&view=page,https://psitrends.com/index.php?Itemid=206&id=77&lang=en&option=com_quix&view=page,KEEP,en-gb,200,https://psitrends.com/index.php?Itemid=206&id=77&lang=en&option=com_quix&view=page,"[{""type"": ""menu_context"", ""id"": ""206"", ""language"": ""en-GB""}]",CLAIM REVIEW,UNAVAILABLE: query inventory does not classify CTA,UNAVAILABLE: query inventory does not measure inlinks,UNAVAILABLE: processing,UNAVAILABLE: not exported,UNAVAILABLE,PRESERVE; individual editorial review pending,PsiTrends site steward,legacy-preservation,No relocation or deletion authorized by missing metrics,Meaningful Joomla query view; retain until exact equivalent and content reviewed,CMS-seeded query crawl2026-09-22,"HTTP status, visible content, locale and links",No mutation; retain paired private pre-release backup
https://psitrends.com/index.php?Itemid=207&id=23&lang=en&option=com_quix&view=page,https://psitrends.com/index.php?Itemid=207&id=23&lang=en&option=com_quix&view=page,KEEP,en-gb,200,https://psitrends.com/index.php?Itemid=207&id=23&lang=en&option=com_quix&view=page,"[{""type"": ""menu_context"", ""id"": ""207"", ""language"": ""en-GB""}]",CLAIM REVIEW,UNAVAILABLE: query inventory does not classify CTA,UNAVAILABLE: query inventory does not measure inlinks,UNAVAILABLE: processing,UNAVAILABLE: not exported,UNAVAILABLE,PRESERVE; individual editorial review pending,PsiTrends site steward,legacy-preservation,No relocation or deletion authorized by missing metrics,Meaningful Joomla query view; retain until exact equivalent and content reviewed,CMS-seeded query crawl2026-09-22,"HTTP status, visible content, locale and links",No mutation; retain paired private pre-release backup
https://psitrends.com/index.php?Itemid=208&id=117&lang=en&option=com_quix&view=page,https://psitrends.com/index.php?Itemid=208&id=117&lang=en&option=com_quix&view=page,KEEP,en-gb,200,https://psitrends.com/index.php?Itemid=208&id=117&lang=en&option=com_quix&view=page,"[{""type"": ""menu_context"", ""id"": ""208"", ""language"": ""en-GB""}]",CLAIM REVIEW,UNAVAILABLE: query inventory does not classify CTA,UNAVAILABLE: query inventory does not measure inlinks,UNAVAILABLE: processing,UNAVAILABLE: not exported,UNAVAILABLE,PRESERVE; individual editorial review pending,PsiTrends site steward,legacy-preservation,No relocation or deletion authorized by missing metrics,Meaningful Joomla query view; retain until exact equivalent and content reviewed,CMS-seeded query crawl2026-09-22,"HTTP status, visible content, locale and links",No mutation; retain paired private pre-release backup
https://psitrends.com/index.php?Itemid=209&id=116&lang=ru&option=com_quix&view=page,https://psitrends.com/index.php?Itemid=209&id=116&lang=ru&option=com_quix&view=page,KEEP,ru-ru,200,https://psitrends.com/index.php?Itemid=209&id=116&lang=ru&option=com_quix&view=page,"[{""type"": ""menu_context"", ""id"": ""209"", ""language"": ""ru-RU""}]",CLAIM REVIEW,UNAVAILABLE: query inventory does not classify CTA,UNAVAILABLE: query inventory does not measure inlinks,UNAVAILABLE: processing,UNAVAILABLE: not exported,UNAVAILABLE,PRESERVE; individual editorial review pending,PsiTrends site steward,legacy-preservation,No relocation or deletion authorized by missing metrics,Meaningful Joomla query view; retain until exact equivalent and content reviewed,CMS-seeded query crawl2026-09-22,"HTTP status, visible content, locale and links",No mutation; retain paired private pre-release backup
https://psitrends.com/index.php?Itemid=210&id=83&lang=ru&option=com_quix&view=page,https://psitrends.com/index.php?Itemid=210&id=83&lang=ru&option=com_quix&view=page,KEEP,ru-ru,200,https://psitrends.com/index.php?Itemid=210&id=83&lang=ru&option=com_quix&view=page,"[{""type"": ""menu_context"", ""id"": ""210"", ""language"": ""ru-RU""}]",CLAIM REVIEW,UNAVAILABLE: query inventory does not classify CTA,UNAVAILABLE: query inventory does not measure inlinks,UNAVAILABLE: processing,UNAVAILABLE: not exported,UNAVAILABLE,PRESERVE; individual editorial review pending,PsiTrends site steward,legacy-preservation,No relocation or deletion authorized by missing metrics,Meaningful Joomla query view; retain until exact equivalent and content reviewed,CMS-seeded query crawl2026-09-22,"HTTP status, visible content, locale and links",No mutation; retain paired private pre-release backup
https://psitrends.com/index.php?Itemid=211&id=29&option=com_quix&view=page,https://psitrends.com/index.php?Itemid=211&id=29&option=com_quix&view=page,KEEP,en-gb,200,https://psitrends.com/index.php?Itemid=211&id=29&option=com_quix&view=page,"[{""type"": ""menu_context"", ""id"": ""211"", ""language"": ""*""}]",CLAIM REVIEW,UNAVAILABLE: query inventory does not classify CTA,UNAVAILABLE: query inventory does not measure inlinks,UNAVAILABLE: processing,UNAVAILABLE: not exported,UNAVAILABLE,PRESERVE; individual editorial review pending,PsiTrends site steward,legacy-preservation,No relocation or deletion authorized by missing metrics,Meaningful Joomla query view; retain until exact equivalent and content reviewed,CMS-seeded query crawl2026-09-22,"HTTP status, visible content, locale and links",No mutation; retain paired private pre-release backup
https://psitrends.com/index.php?Itemid=212&id=29&option=com_quix&view=page,https://psitrends.com/index.php?Itemid=212&id=29&option=com_quix&view=page,KEEP,en-gb,200,https://psitrends.com/index.php?Itemid=212&id=29&option=com_quix&view=page,"[{""type"": ""menu_context"", ""id"": ""212"", ""language"": ""*""}]",CLAIM REVIEW,UNAVAILABLE: query inventory does not classify CTA,UNAVAILABLE: query inventory does not measure inlinks,UNAVAILABLE: processing,UNAVAILABLE: not exported,UNAVAILABLE,PRESERVE; individual editorial review pending,PsiTrends site steward,legacy-preservation,No relocation or deletion authorized by missing metrics,Meaningful Joomla query view; retain until exact equivalent and content reviewed,CMS-seeded query crawl2026-09-22,"HTTP status, visible content, locale and links",No mutation; retain paired private pre-release backup
https://psitrends.com/index.php?Itemid=213&id=30&lang=en&option=com_quix&view=page,https://psitrends.com/index.php?Itemid=213&id=30&lang=en&option=com_quix&view=page,KEEP,en-gb,200,https://psitrends.com/index.php?Itemid=213&id=30&lang=en&option=com_quix&view=page,"[{""type"": ""menu_context"", ""id"": ""213"", ""language"": ""en-GB""}]",CLAIM REVIEW,UNAVAILABLE: query inventory does not classify CTA,UNAVAILABLE: query inventory does not measure inlinks,UNAVAILABLE: processing,UNAVAILABLE: not exported,UNAVAILABLE,PRESERVE; individual editorial review pending,PsiTrends site steward,legacy-preservation,No relocation or deletion authorized by missing metrics,Meaningful Joomla query view; retain until exact equivalent and content reviewed,CMS-seeded query crawl2026-09-22,"HTTP status, visible content, locale and links",No mutation; retain paired private pre-release backup
https://psitrends.com/index.php?Itemid=214&id=31&lang=en&option=com_quix&view=page,https://psitrends.com/index.php?Itemid=214&id=31&lang=en&option=com_quix&view=page,KEEP,en-gb,200,https://psitrends.com/index.php?Itemid=214&id=31&lang=en&option=com_quix&view=page,"[{""type"": ""menu_context"", ""id"": ""214"", ""language"": ""en-GB""}]",CLAIM REVIEW,UNAVAILABLE: query inventory does not classify CTA,UNAVAILABLE: query inventory does not measure inlinks,UNAVAILABLE: processing,UNAVAILABLE: not exported,UNAVAILABLE,PRESERVE; individual editorial review pending,PsiTrends site steward,legacy-preservation,No relocation or deletion authorized by missing metrics,Meaningful Joomla query view; retain until exact equivalent and content reviewed,CMS-seeded query crawl2026-09-22,"HTTP status, visible content, locale and links",No mutation; retain paired private pre-release backup
https://psitrends.com/index.php?Itemid=217&id=34&lang=ru&option=com_quix&view=page,https://psitrends.com/index.php?Itemid=217&id=34&lang=ru&option=com_quix&view=page,KEEP,ru-ru,200,https://psitrends.com/index.php?Itemid=217&id=34&lang=ru&option=com_quix&view=page,"[{""type"": ""menu_context"", ""id"": ""217"", ""language"": ""ru-RU""}]",CLAIM REVIEW,UNAVAILABLE: query inventory does not classify CTA,UNAVAILABLE: query inventory does not measure inlinks,UNAVAILABLE: processing,UNAVAILABLE: not exported,UNAVAILABLE,PRESERVE; individual editorial review pending,PsiTrends site steward,legacy-preservation,No relocation or deletion authorized by missing metrics,Meaningful Joomla query view; retain until exact equivalent and content reviewed,CMS-seeded query crawl2026-09-22,"HTTP status, visible content, locale and links",No mutation; retain paired private pre-release backup
https://psitrends.com/index.php?Itemid=219&id=37&option=com_quix&view=page,https://psitrends.com/index.php?Itemid=219&id=37&option=com_quix&view=page,KEEP,en-gb,200,https://psitrends.com/index.php?Itemid=219&id=37&option=com_quix&view=page,"[{""type"": ""menu_context"", ""id"": ""219"", ""language"": ""*""}]",CLAIM REVIEW,UNAVAILABLE: query inventory does not classify CTA,UNAVAILABLE: query inventory does not measure inlinks,UNAVAILABLE: processing,UNAVAILABLE: not exported,UNAVAILABLE,PRESERVE; individual editorial review pending,PsiTrends site steward,legacy-preservation,No relocation or deletion authorized by missing metrics,Meaningful Joomla query view; retain until exact equivalent and content reviewed,CMS-seeded query crawl2026-09-22,"HTTP status, visible content, locale and links",No mutation; retain paired private pre-release backup
https://psitrends.com/index.php?Itemid=220&id=38&lang=en&option=com_quix&view=page,https://psitrends.com/index.php?Itemid=220&id=38&lang=en&option=com_quix&view=page,KEEP,en-gb,200,https://psitrends.com/index.php?Itemid=220&id=38&lang=en&option=com_quix&view=page,"[{""type"": ""menu_context"", ""id"": ""220"", ""language"": ""en-GB""}]",CLAIM REVIEW,UNAVAILABLE: query inventory does not classify CTA,UNAVAILABLE: query inventory does not measure inlinks,UNAVAILABLE: processing,UNAVAILABLE: not exported,UNAVAILABLE,PRESERVE; individual editorial review pending,PsiTrends site steward,legacy-preservation,No relocation or deletion authorized by missing metrics,Meaningful Joomla query view; retain until exact equivalent and content reviewed,CMS-seeded query crawl2026-09-22,"HTTP status, visible content, locale and links",No mutation; retain paired private pre-release backup
https://psitrends.com/index.php?Itemid=221&id=39&option=com_quix&view=page,https://psitrends.com/index.php?Itemid=221&id=39&option=com_quix&view=page,KEEP,en-gb,200,https://psitrends.com/index.php?Itemid=221&id=39&option=com_quix&view=page,"[{""type"": ""menu_context"", ""id"": ""221"", ""language"": ""*""}]",CLAIM REVIEW,UNAVAILABLE: query inventory does not classify CTA,UNAVAILABLE: query inventory does not measure inlinks,UNAVAILABLE: processing,UNAVAILABLE: not exported,UNAVAILABLE,PRESERVE; individual editorial review pending,PsiTrends site steward,legacy-preservation,No relocation or deletion authorized by missing metrics,Meaningful Joomla query view; retain until exact equivalent and content reviewed,CMS-seeded query crawl2026-09-22,"HTTP status, visible content, locale and links",No mutation; retain paired private pre-release backup
https://psitrends.com/index.php?Itemid=222&id=40&lang=en&option=com_quix&view=page,https://psitrends.com/index.php?Itemid=222&id=40&lang=en&option=com_quix&view=page,KEEP,en-gb,200,https://psitrends.com/index.php?Itemid=222&id=40&lang=en&option=com_quix&view=page,"[{""type"": ""menu_context"", ""id"": ""222"", ""language"": ""en-GB""}]",CLAIM REVIEW,UNAVAILABLE: query inventory does not classify CTA,UNAVAILABLE: query inventory does not measure inlinks,UNAVAILABLE: processing,UNAVAILABLE: not exported,UNAVAILABLE,PRESERVE; individual editorial review pending,PsiTrends site steward,legacy-preservation,No relocation or deletion authorized by missing metrics,Meaningful Joomla query view; retain until exact equivalent and content reviewed,CMS-seeded query crawl2026-09-22,"HTTP status, visible content, locale and links",No mutation; retain paired private pre-release backup
https://psitrends.com/index.php?Itemid=223&id=41&lang=en&option=com_quix&view=page,https://psitrends.com/index.php?Itemid=223&id=41&lang=en&option=com_quix&view=page,KEEP,en-gb,200,https://psitrends.com/index.php?Itemid=223&id=41&lang=en&option=com_quix&view=page,"[{""type"": ""menu_context"", ""id"": ""223"", ""language"": ""en-GB""}]",CLAIM REVIEW,UNAVAILABLE: query inventory does not classify CTA,UNAVAILABLE: query inventory does not measure inlinks,UNAVAILABLE: processing,UNAVAILABLE: not exported,UNAVAILABLE,PRESERVE; individual editorial review pending,PsiTrends site steward,legacy-preservation,No relocation or deletion authorized by missing metrics,Meaningful Joomla query view; retain until exact equivalent and content reviewed,CMS-seeded query crawl2026-09-22,"HTTP status, visible content, locale and links",No mutation; retain paired private pre-release backup
https://psitrends.com/index.php?Itemid=225&id=42&option=com_quix&view=page,https://psitrends.com/index.php?Itemid=225&id=42&option=com_quix&view=page,KEEP,en-gb,200,https://psitrends.com/index.php?Itemid=225&id=42&option=com_quix&view=page,"[{""type"": ""menu_context"", ""id"": ""225"", ""language"": ""*""}]",CLAIM REVIEW,UNAVAILABLE: query inventory does not classify CTA,UNAVAILABLE: query inventory does not measure inlinks,UNAVAILABLE: processing,UNAVAILABLE: not exported,UNAVAILABLE,PRESERVE; individual editorial review pending,PsiTrends site steward,legacy-preservation,No relocation or deletion authorized by missing metrics,Meaningful Joomla query view; retain until exact equivalent and content reviewed,CMS-seeded query crawl2026-09-22,"HTTP status, visible content, locale and links",No mutation; retain paired private pre-release backup
https://psitrends.com/index.php?Itemid=227&id=44&lang=en&option=com_quix&view=page,https://psitrends.com/index.php?Itemid=227&id=44&lang=en&option=com_quix&view=page,KEEP,en-gb,200,https://psitrends.com/index.php?Itemid=227&id=44&lang=en&option=com_quix&view=page,"[{""type"": ""menu_context"", ""id"": ""227"", ""language"": ""en-GB""}]",CLAIM REVIEW,UNAVAILABLE: query inventory does not classify CTA,UNAVAILABLE: query inventory does not measure inlinks,UNAVAILABLE: processing,UNAVAILABLE: not exported,UNAVAILABLE,PRESERVE; individual editorial review pending,PsiTrends site steward,legacy-preservation,No relocation or deletion authorized by missing metrics,Meaningful Joomla query view; retain until exact equivalent and content reviewed,CMS-seeded query crawl2026-09-22,"HTTP status, visible content, locale and links",No mutation; retain paired private pre-release backup
https://psitrends.com/index.php?Itemid=228&id=50&lang=en&option=com_quix&view=page,https://psitrends.com/index.php?Itemid=228&id=50&lang=en&option=com_quix&view=page,KEEP,en-gb,200,https://psitrends.com/index.php?Itemid=228&id=50&lang=en&option=com_quix&view=page,"[{""type"": ""menu_context"", ""id"": ""228"", ""language"": ""en-GB""}]",CLAIM REVIEW,UNAVAILABLE: query inventory does not classify CTA,UNAVAILABLE: query inventory does not measure inlinks,UNAVAILABLE: processing,UNAVAILABLE: not exported,UNAVAILABLE,PRESERVE; individual editorial review pending,PsiTrends site steward,legacy-preservation,No relocation or deletion authorized by missing metrics,Meaningful Joomla query view; retain until exact equivalent and content reviewed,CMS-seeded query crawl2026-09-22,"HTTP status, visible content, locale and links",No mutation; retain paired private pre-release backup
https://psitrends.com/index.php?Itemid=229&id=52&lang=en&option=com_quix&view=page,https://psitrends.com/index.php?Itemid=229&id=52&lang=en&option=com_quix&view=page,KEEP,en-gb,200,https://psitrends.com/index.php?Itemid=229&id=52&lang=en&option=com_quix&view=page,"[{""type"": ""menu_context"", ""id"": ""229"", ""language"": ""en-GB""}]",CLAIM REVIEW,UNAVAILABLE: query inventory does not classify CTA,UNAVAILABLE: query inventory does not measure inlinks,UNAVAILABLE: processing,UNAVAILABLE: not exported,UNAVAILABLE,PRESERVE; individual editorial review pending,PsiTrends site steward,legacy-preservation,No relocation or deletion authorized by missing metrics,Meaningful Joomla query view; retain until exact equivalent and content reviewed,CMS-seeded query crawl2026-09-22,"HTTP status, visible content, locale and links",No mutation; retain paired private pre-release backup
https://psitrends.com/index.php?Itemid=231&id=54&lang=en&option=com_quix&view=page,https://psitrends.com/index.php?Itemid=231&id=54&lang=en&option=com_quix&view=page,KEEP,en-gb,200,https://psitrends.com/index.php?Itemid=231&id=54&lang=en&option=com_quix&view=page,"[{""type"": ""menu_context"", ""id"": ""231"", ""language"": ""en-GB""}]",CLAIM REVIEW,UNAVAILABLE: query inventory does not classify CTA,UNAVAILABLE: query inventory does not measure inlinks,UNAVAILABLE: processing,UNAVAILABLE: not exported,UNAVAILABLE,PRESERVE; individual editorial review pending,PsiTrends site steward,legacy-preservation,No relocation or deletion authorized by missing metrics,Meaningful Joomla query view; retain until exact equivalent and content reviewed,CMS-seeded query crawl2026-09-22,"HTTP status, visible content, locale and links",No mutation; retain paired private pre-release backup
https://psitrends.com/index.php?Itemid=252&id=60&lang=ru&option=com_quix&view=page,https://psitrends.com/index.php?Itemid=252&id=60&lang=ru&option=com_quix&view=page,KEEP,ru-ru,200,https://psitrends.com/index.php?Itemid=252&id=60&lang=ru&option=com_quix&view=page,"[{""type"": ""menu_context"", ""id"": ""252"", ""language"": ""ru-RU""}]",CLAIM REVIEW,UNAVAILABLE: query inventory does not classify CTA,UNAVAILABLE: query inventory does not measure inlinks,UNAVAILABLE: processing,UNAVAILABLE: not exported,UNAVAILABLE,PRESERVE; individual editorial review pending,PsiTrends site steward,legacy-preservation,No relocation or deletion authorized by missing metrics,Meaningful Joomla query view; retain until exact equivalent and content reviewed,CMS-seeded query crawl2026-09-22,"HTTP status, visible content, locale and links",No mutation; retain paired private pre-release backup
https://psitrends.com/index.php?Itemid=253&id=62&lang=ru&option=com_quix&view=page,https://psitrends.com/index.php?Itemid=253&id=62&lang=ru&option=com_quix&view=page,KEEP,ru-ru,200,https://psitrends.com/index.php?Itemid=253&id=62&lang=ru&option=com_quix&view=page,"[{""type"": ""menu_context"", ""id"": ""253"", ""language"": ""ru-RU""}]",CLAIM REVIEW,UNAVAILABLE: query inventory does not classify CTA,UNAVAILABLE: query inventory does not measure inlinks,UNAVAILABLE: processing,UNAVAILABLE: not exported,UNAVAILABLE,PRESERVE; individual editorial review pending,PsiTrends site steward,legacy-preservation,No relocation or deletion authorized by missing metrics,Meaningful Joomla query view; retain until exact equivalent and content reviewed,CMS-seeded query crawl2026-09-22,"HTTP status, visible content, locale and links",No mutation; retain paired private pre-release backup
https://psitrends.com/index.php?Itemid=254&id=61&lang=ru&option=com_quix&view=page,https://psitrends.com/index.php?Itemid=254&id=61&lang=ru&option=com_quix&view=page,KEEP,ru-ru,200,https://psitrends.com/index.php?Itemid=254&id=61&lang=ru&option=com_quix&view=page,"[{""type"": ""menu_context"", ""id"": ""254"", ""language"": ""ru-RU""}]",CLAIM REVIEW,UNAVAILABLE: query inventory does not classify CTA,UNAVAILABLE: query inventory does not measure inlinks,UNAVAILABLE: processing,UNAVAILABLE: not exported,UNAVAILABLE,PRESERVE; individual editorial review pending,PsiTrends site steward,legacy-preservation,No relocation or deletion authorized by missing metrics,Meaningful Joomla query view; retain until exact equivalent and content reviewed,CMS-seeded query crawl2026-09-22,"HTTP status, visible content, locale and links",No mutation; retain paired private pre-release backup
https://psitrends.com/index.php?Itemid=256&id=65&lang=ru&option=com_quix&view=page,https://psitrends.com/index.php?Itemid=256&id=65&lang=ru&option=com_quix&view=page,KEEP,ru-ru,200,https://psitrends.com/index.php?Itemid=256&id=65&lang=ru&option=com_quix&view=page,"[{""type"": ""menu_context"", ""id"": ""256"", ""language"": ""ru-RU""}]",CLAIM REVIEW,UNAVAILABLE: query inventory does not classify CTA,UNAVAILABLE: query inventory does not measure inlinks,UNAVAILABLE: processing,UNAVAILABLE: not exported,UNAVAILABLE,PRESERVE; individual editorial review pending,PsiTrends site steward,legacy-preservation,No relocation or deletion authorized by missing metrics,Meaningful Joomla query view; retain until exact equivalent and content reviewed,CMS-seeded query crawl2026-09-22,"HTTP status, visible content, locale and links",No mutation; retain paired private pre-release backup
https://psitrends.com/index.php?Itemid=257&id=66&lang=ru&option=com_quix&view=page,https://psitrends.com/index.php?Itemid=257&id=66&lang=ru&option=com_quix&view=page,KEEP,ru-ru,200,https://psitrends.com/index.php?Itemid=257&id=66&lang=ru&option=com_quix&view=page,"[{""type"": ""menu_context"", ""id"": ""257"", ""language"": ""ru-RU""}]",CLAIM REVIEW,UNAVAILABLE: query inventory does not classify CTA,UNAVAILABLE: query inventory does not measure inlinks,UNAVAILABLE: processing,UNAVAILABLE: not exported,UNAVAILABLE,PRESERVE; individual editorial review pending,PsiTrends site steward,legacy-preservation,No relocation or deletion authorized by missing metrics,Meaningful Joomla query view; retain until exact equivalent and content reviewed,CMS-seeded query crawl2026-09-22,"HTTP status, visible content, locale and links",No mutation; retain paired private pre-release backup
https://psitrends.com/index.php?Itemid=258&id=67&lang=ru&option=com_quix&view=page,https://psitrends.com/index.php?Itemid=258&id=67&lang=ru&option=com_quix&view=page,KEEP,ru-ru,200,https://psitrends.com/index.php?Itemid=258&id=67&lang=ru&option=com_quix&view=page,"[{""type"": ""menu_context"", ""id"": ""258"", ""language"": ""ru-RU""}]",CLAIM REVIEW,UNAVAILABLE: query inventory does not classify CTA,UNAVAILABLE: query inventory does not measure inlinks,UNAVAILABLE: processing,UNAVAILABLE: not exported,UNAVAILABLE,PRESERVE; individual editorial review pending,PsiTrends site steward,legacy-preservation,No relocation or deletion authorized by missing metrics,Meaningful Joomla query view; retain until exact equivalent and content reviewed,CMS-seeded query crawl2026-09-22,"HTTP status, visible content, locale and links",No mutation; retain paired private pre-release backup
https://psitrends.com/index.php?Itemid=260&id=70&option=com_quix&view=page,https://psitrends.com/index.php?Itemid=260&id=70&option=com_quix&view=page,KEEP,en-gb,200,https://psitrends.com/index.php?Itemid=260&id=70&option=com_quix&view=page,"[{""type"": ""menu_context"", ""id"": ""260"", ""language"": ""*""}]",CLAIM REVIEW,UNAVAILABLE: query inventory does not classify CTA,UNAVAILABLE: query inventory does not measure inlinks,UNAVAILABLE: processing,UNAVAILABLE: not exported,UNAVAILABLE,PRESERVE; individual editorial review pending,PsiTrends site steward,legacy-preservation,No relocation or deletion authorized by missing metrics,Meaningful Joomla query view; retain until exact equivalent and content reviewed,CMS-seeded query crawl2026-09-22,"HTTP status, visible content, locale and links",No mutation; retain paired private pre-release backup
https://psitrends.com/index.php?Itemid=262&id=71&lang=en&option=com_quix&view=page,https://psitrends.com/index.php?Itemid=262&id=71&lang=en&option=com_quix&view=page,KEEP,en-gb,200,https://psitrends.com/index.php?Itemid=262&id=71&lang=en&option=com_quix&view=page,"[{""type"": ""menu_context"", ""id"": ""262"", ""language"": ""en-GB""}]",CLAIM REVIEW,UNAVAILABLE: query inventory does not classify CTA,UNAVAILABLE: query inventory does not measure inlinks,UNAVAILABLE: processing,UNAVAILABLE: not exported,UNAVAILABLE,PRESERVE; individual editorial review pending,PsiTrends site steward,legacy-preservation,No relocation or deletion authorized by missing metrics,Meaningful Joomla query view; retain until exact equivalent and content reviewed,CMS-seeded query crawl2026-09-22,"HTTP status, visible content, locale and links",No mutation; retain paired private pre-release backup
https://psitrends.com/index.php?option=com_wrapper&view=wrapper,https://psitrends.com/index.php?option=com_wrapper&view=wrapper,KEEP,en-gb,200,https://psitrends.com/index.php?option=com_wrapper&view=wrapper,"[{""type"": ""menu_exact"", ""id"": ""263"", ""language"": ""ru-RU""}]",CLAIM REVIEW,UNAVAILABLE: query inventory does not classify CTA,UNAVAILABLE: query inventory does not measure inlinks,UNAVAILABLE: processing,UNAVAILABLE: not exported,UNAVAILABLE,PRESERVE; individual editorial review pending,PsiTrends site steward,legacy-preservation,No relocation or deletion authorized by missing metrics,Meaningful Joomla query view; retain until exact equivalent and content reviewed,CMS-seeded query crawl2026-09-22,"HTTP status, visible content, locale and links",No mutation; retain paired private pre-release backup
https://psitrends.com/index.php?Itemid=263&lang=ru&option=com_wrapper&view=wrapper,https://psitrends.com/index.php?Itemid=263&lang=ru&option=com_wrapper&view=wrapper,KEEP,ru-ru,200,https://psitrends.com/index.php?Itemid=263&lang=ru&option=com_wrapper&view=wrapper,"[{""type"": ""menu_context"", ""id"": ""263"", ""language"": ""ru-RU""}]",CLAIM REVIEW,UNAVAILABLE: query inventory does not classify CTA,UNAVAILABLE: query inventory does not measure inlinks,UNAVAILABLE: processing,UNAVAILABLE: not exported,UNAVAILABLE,PRESERVE; individual editorial review pending,PsiTrends site steward,legacy-preservation,No relocation or deletion authorized by missing metrics,Meaningful Joomla query view; retain until exact equivalent and content reviewed,CMS-seeded query crawl2026-09-22,"HTTP status, visible content, locale and links",No mutation; retain paired private pre-release backup
https://psitrends.com/index.php?Itemid=264&id=72&lang=en&option=com_quix&view=page,https://psitrends.com/index.php?Itemid=264&id=72&lang=en&option=com_quix&view=page,KEEP,en-gb,200,https://psitrends.com/index.php?Itemid=264&id=72&lang=en&option=com_quix&view=page,"[{""type"": ""menu_context"", ""id"": ""264"", ""language"": ""en-GB""}]",CLAIM REVIEW,UNAVAILABLE: query inventory does not classify CTA,UNAVAILABLE: query inventory does not measure inlinks,UNAVAILABLE: processing,UNAVAILABLE: not exported,UNAVAILABLE,PRESERVE; individual editorial review pending,PsiTrends site steward,legacy-preservation,No relocation or deletion authorized by missing metrics,Meaningful Joomla query view; retain until exact equivalent and content reviewed,CMS-seeded query crawl2026-09-22,"HTTP status, visible content, locale and links",No mutation; retain paired private pre-release backup
https://psitrends.com/index.php?Itemid=265&id=73&option=com_quix&view=page,https://psitrends.com/index.php?Itemid=265&id=73&option=com_quix&view=page,KEEP,en-gb,200,https://psitrends.com/index.php?Itemid=265&id=73&option=com_quix&view=page,"[{""type"": ""menu_context"", ""id"": ""265"", ""language"": ""*""}]",CLAIM REVIEW,UNAVAILABLE: query inventory does not classify CTA,UNAVAILABLE: query inventory does not measure inlinks,UNAVAILABLE: processing,UNAVAILABLE: not exported,UNAVAILABLE,PRESERVE; individual editorial review pending,PsiTrends site steward,legacy-preservation,No relocation or deletion authorized by missing metrics,Meaningful Joomla query view; retain until exact equivalent and content reviewed,CMS-seeded query crawl2026-09-22,"HTTP status, visible content, locale and links",No mutation; retain paired private pre-release backup
https://psitrends.com/index.php?id=74&option=com_quix&view=page,https://psitrends.com/index.php?id=74&option=com_quix&view=page,KEEP,en-gb,200,https://psitrends.com/index.php?id=74&option=com_quix&view=page,"[{""type"": ""menu_exact"", ""id"": ""267"", ""language"": ""*""}]",CLAIM REVIEW,UNAVAILABLE: query inventory does not classify CTA,UNAVAILABLE: query inventory does not measure inlinks,UNAVAILABLE: processing,UNAVAILABLE: not exported,UNAVAILABLE,PRESERVE; individual editorial review pending,PsiTrends site steward,legacy-preservation,No relocation or deletion authorized by missing metrics,Meaningful Joomla query view; retain until exact equivalent and content reviewed,CMS-seeded query crawl2026-09-22,"HTTP status, visible content, locale and links",No mutation; retain paired private pre-release backup
https://psitrends.com/index.php?Itemid=267&id=74&option=com_quix&view=page,https://psitrends.com/index.php?Itemid=267&id=74&option=com_quix&view=page,KEEP,en-gb,200,https://psitrends.com/index.php?Itemid=267&id=74&option=com_quix&view=page,"[{""type"": ""menu_context"", ""id"": ""267"", ""language"": ""*""}]",CLAIM REVIEW,UNAVAILABLE: query inventory does not classify CTA,UNAVAILABLE: query inventory does not measure inlinks,UNAVAILABLE: processing,UNAVAILABLE: not exported,UNAVAILABLE,PRESERVE; individual editorial review pending,PsiTrends site steward,legacy-preservation,No relocation or deletion authorized by missing metrics,Meaningful Joomla query view; retain until exact equivalent and content reviewed,CMS-seeded query crawl2026-09-22,"HTTP status, visible content, locale and links",No mutation; retain paired private pre-release backup
https://psitrends.com/index.php?id=75&option=com_quix&view=page,https://psitrends.com/index.php?id=75&option=com_quix&view=page,KEEP,en-gb,200,https://psitrends.com/index.php?id=75&option=com_quix&view=page,"[{""type"": ""menu_exact"", ""id"": ""268"", ""language"": ""*""}]",CLAIM REVIEW,UNAVAILABLE: query inventory does not classify CTA,UNAVAILABLE: query inventory does not measure inlinks,UNAVAILABLE: processing,UNAVAILABLE: not exported,UNAVAILABLE,PRESERVE; individual editorial review pending,PsiTrends site steward,legacy-preservation,No relocation or deletion authorized by missing metrics,Meaningful Joomla query view; retain until exact equivalent and content reviewed,CMS-seeded query crawl2026-09-22,"HTTP status, visible content, locale and links",No mutation; retain paired private pre-release backup
https://psitrends.com/index.php?Itemid=268&id=75&option=com_quix&view=page,https://psitrends.com/index.php?Itemid=268&id=75&option=com_quix&view=page,KEEP,en-gb,200,https://psitrends.com/index.php?Itemid=268&id=75&option=com_quix&view=page,"[{""type"": ""menu_context"", ""id"": ""268"", ""language"": ""*""}]",CLAIM REVIEW,UNAVAILABLE: query inventory does not classify CTA,UNAVAILABLE: query inventory does not measure inlinks,UNAVAILABLE: processing,UNAVAILABLE: not exported,UNAVAILABLE,PRESERVE; individual editorial review pending,PsiTrends site steward,legacy-preservation,No relocation or deletion authorized by missing metrics,Meaningful Joomla query view; retain until exact equivalent and content reviewed,CMS-seeded query crawl2026-09-22,"HTTP status, visible content, locale and links",No mutation; retain paired private pre-release backup
https://psitrends.com/index.php?Itemid=269&id=76&lang=en&option=com_quix&view=page,https://psitrends.com/index.php?Itemid=269&id=76&lang=en&option=com_quix&view=page,KEEP,en-gb,200,https://psitrends.com/index.php?Itemid=269&id=76&lang=en&option=com_quix&view=page,"[{""type"": ""menu_context"", ""id"": ""269"", ""language"": ""en-GB""}]",CLAIM REVIEW,UNAVAILABLE: query inventory does not classify CTA,UNAVAILABLE: query inventory does not measure inlinks,UNAVAILABLE: processing,UNAVAILABLE: not exported,UNAVAILABLE,PRESERVE; individual editorial review pending,PsiTrends site steward,legacy-preservation,No relocation or deletion authorized by missing metrics,Meaningful Joomla query view; retain until exact equivalent and content reviewed,CMS-seeded query crawl2026-09-22,"HTTP status, visible content, locale and links",No mutation; retain paired private pre-release backup
https://psitrends.com/index.php?Itemid=272&id=80&lang=en&option=com_quix&view=page,https://psitrends.com/index.php?Itemid=272&id=80&lang=en&option=com_quix&view=page,KEEP,en-gb,200,https://psitrends.com/index.php?Itemid=272&id=80&lang=en&option=com_quix&view=page,"[{""type"": ""menu_context"", ""id"": ""272"", ""language"": ""en-GB""}]",CLAIM REVIEW,UNAVAILABLE: query inventory does not classify CTA,UNAVAILABLE: query inventory does not measure inlinks,UNAVAILABLE: processing,UNAVAILABLE: not exported,UNAVAILABLE,PRESERVE; individual editorial review pending,PsiTrends site steward,legacy-preservation,No relocation or deletion authorized by missing metrics,Meaningful Joomla query view; retain until exact equivalent and content reviewed,CMS-seeded query crawl2026-09-22,"HTTP status, visible content, locale and links",No mutation; retain paired private pre-release backup
https://psitrends.com/index.php?Itemid=273&id=81&option=com_quix&view=page,https://psitrends.com/index.php?Itemid=273&id=81&option=com_quix&view=page,KEEP,en-gb,200,https://psitrends.com/index.php?Itemid=273&id=81&option=com_quix&view=page,"[{""type"": ""menu_context"", ""id"": ""273"", ""language"": ""*""}]",CLAIM REVIEW,UNAVAILABLE: query inventory does not classify CTA,UNAVAILABLE: query inventory does not measure inlinks,UNAVAILABLE: processing,UNAVAILABLE: not exported,UNAVAILABLE,PRESERVE; individual editorial review pending,PsiTrends site steward,legacy-preservation,No relocation or deletion authorized by missing metrics,Meaningful Joomla query view; retain until exact equivalent and content reviewed,CMS-seeded query crawl2026-09-22,"HTTP status, visible content, locale and links",No mutation; retain paired private pre-release backup
https://psitrends.com/index.php?Itemid=275&id=84&lang=ru&option=com_quix&view=page,https://psitrends.com/index.php?Itemid=275&id=84&lang=ru&option=com_quix&view=page,KEEP,ru-ru,200,https://psitrends.com/index.php?Itemid=275&id=84&lang=ru&option=com_quix&view=page,"[{""type"": ""menu_context"", ""id"": ""275"", ""language"": ""ru-RU""}]",CLAIM REVIEW,UNAVAILABLE: query inventory does not classify CTA,UNAVAILABLE: query inventory does not measure inlinks,UNAVAILABLE: processing,UNAVAILABLE: not exported,UNAVAILABLE,PRESERVE; individual editorial review pending,PsiTrends site steward,legacy-preservation,No relocation or deletion authorized by missing metrics,Meaningful Joomla query view; retain until exact equivalent and content reviewed,CMS-seeded query crawl2026-09-22,"HTTP status, visible content, locale and links",No mutation; retain paired private pre-release backup
https://psitrends.com/index.php?Itemid=277&id=86&lang=ru&option=com_quix&view=page,https://psitrends.com/index.php?Itemid=277&id=86&lang=ru&option=com_quix&view=page,KEEP,ru-ru,200,https://psitrends.com/index.php?Itemid=277&id=86&lang=ru&option=com_quix&view=page,"[{""type"": ""menu_context"", ""id"": ""277"", ""language"": ""ru-RU""}]",CLAIM REVIEW,UNAVAILABLE: query inventory does not classify CTA,UNAVAILABLE: query inventory does not measure inlinks,UNAVAILABLE: processing,UNAVAILABLE: not exported,UNAVAILABLE,PRESERVE; individual editorial review pending,PsiTrends site steward,legacy-preservation,No relocation or deletion authorized by missing metrics,Meaningful Joomla query view; retain until exact equivalent and content reviewed,CMS-seeded query crawl2026-09-22,"HTTP status, visible content, locale and links",No mutation; retain paired private pre-release backup
https://psitrends.com/index.php?Itemid=278&id=87&lang=ru&option=com_quix&view=page,https://psitrends.com/index.php?Itemid=278&id=87&lang=ru&option=com_quix&view=page,KEEP,ru-ru,200,https://psitrends.com/index.php?Itemid=278&id=87&lang=ru&option=com_quix&view=page,"[{""type"": ""menu_context"", ""id"": ""278"", ""language"": ""ru-RU""}]",CLAIM REVIEW,UNAVAILABLE: query inventory does not classify CTA,UNAVAILABLE: query inventory does not measure inlinks,UNAVAILABLE: processing,UNAVAILABLE: not exported,UNAVAILABLE,PRESERVE; individual editorial review pending,PsiTrends site steward,legacy-preservation,No relocation or deletion authorized by missing metrics,Meaningful Joomla query view; retain until exact equivalent and content reviewed,CMS-seeded query crawl2026-09-22,"HTTP status, visible content, locale and links",No mutation; retain paired private pre-release backup
https://psitrends.com/index.php?Itemid=279&id=82&lang=en&option=com_quix&view=page,https://psitrends.com/index.php?Itemid=279&id=82&lang=en&option=com_quix&view=page,KEEP,en-gb,200,https://psitrends.com/index.php?Itemid=279&id=82&lang=en&option=com_quix&view=page,"[{""type"": ""menu_context"", ""id"": ""279"", ""language"": ""en-GB""}]",CLAIM REVIEW,UNAVAILABLE: query inventory does not classify CTA,UNAVAILABLE: query inventory does not measure inlinks,UNAVAILABLE: processing,UNAVAILABLE: not exported,UNAVAILABLE,PRESERVE; individual editorial review pending,PsiTrends site steward,legacy-preservation,No relocation or deletion authorized by missing metrics,Meaningful Joomla query view; retain until exact equivalent and content reviewed,CMS-seeded query crawl2026-09-22,"HTTP status, visible content, locale and links",No mutation; retain paired private pre-release backup
https://psitrends.com/index.php?Itemid=283&id=91&lang=ru&option=com_quix&view=page,https://psitrends.com/index.php?Itemid=283&id=91&lang=ru&option=com_quix&view=page,KEEP,ru-ru,200,https://psitrends.com/index.php?Itemid=283&id=91&lang=ru&option=com_quix&view=page,"[{""type"": ""menu_context"", ""id"": ""283"", ""language"": ""ru-RU""}]",CLAIM REVIEW,UNAVAILABLE: query inventory does not classify CTA,UNAVAILABLE: query inventory does not measure inlinks,UNAVAILABLE: processing,UNAVAILABLE: not exported,UNAVAILABLE,PRESERVE; individual editorial review pending,PsiTrends site steward,legacy-preservation,No relocation or deletion authorized by missing metrics,Meaningful Joomla query view; retain until exact equivalent and content reviewed,CMS-seeded query crawl2026-09-22,"HTTP status, visible content, locale and links",No mutation; retain paired private pre-release backup
https://psitrends.com/index.php?Itemid=284&id=93&lang=ru&option=com_quix&view=page,https://psitrends.com/index.php?Itemid=284&id=93&lang=ru&option=com_quix&view=page,KEEP,ru-ru,200,https://psitrends.com/index.php?Itemid=284&id=93&lang=ru&option=com_quix&view=page,"[{""type"": ""menu_context"", ""id"": ""284"", ""language"": ""ru-RU""}]",CLAIM REVIEW,UNAVAILABLE: query inventory does not classify CTA,UNAVAILABLE: query inventory does not measure inlinks,UNAVAILABLE: processing,UNAVAILABLE: not exported,UNAVAILABLE,PRESERVE; individual editorial review pending,PsiTrends site steward,legacy-preservation,No relocation or deletion authorized by missing metrics,Meaningful Joomla query view; retain until exact equivalent and content reviewed,CMS-seeded query crawl2026-09-22,"HTTP status, visible content, locale and links",No mutation; retain paired private pre-release backup
https://psitrends.com/index.php?Itemid=285&id=94&lang=ru&option=com_quix&view=page,https://psitrends.com/index.php?Itemid=285&id=94&lang=ru&option=com_quix&view=page,KEEP,ru-ru,200,https://psitrends.com/index.php?Itemid=285&id=94&lang=ru&option=com_quix&view=page,"[{""type"": ""menu_context"", ""id"": ""285"", ""language"": ""ru-RU""}]",CLAIM REVIEW,UNAVAILABLE: query inventory does not classify CTA,UNAVAILABLE: query inventory does not measure inlinks,UNAVAILABLE: processing,UNAVAILABLE: not exported,UNAVAILABLE,PRESERVE; individual editorial review pending,PsiTrends site steward,legacy-preservation,No relocation or deletion authorized by missing metrics,Meaningful Joomla query view; retain until exact equivalent and content reviewed,CMS-seeded query crawl2026-09-22,"HTTP status, visible content, locale and links",No mutation; retain paired private pre-release backup
https://psitrends.com/index.php?Itemid=288&id=98&lang=ru&option=com_quix&view=page,https://psitrends.com/index.php?Itemid=288&id=98&lang=ru&option=com_quix&view=page,KEEP,ru-ru,200,https://psitrends.com/index.php?Itemid=288&id=98&lang=ru&option=com_quix&view=page,"[{""type"": ""menu_context"", ""id"": ""288"", ""language"": ""ru-RU""}]",CLAIM REVIEW,UNAVAILABLE: query inventory does not classify CTA,UNAVAILABLE: query inventory does not measure inlinks,UNAVAILABLE: processing,UNAVAILABLE: not exported,UNAVAILABLE,PRESERVE; individual editorial review pending,PsiTrends site steward,legacy-preservation,No relocation or deletion authorized by missing metrics,Meaningful Joomla query view; retain until exact equivalent and content reviewed,CMS-seeded query crawl2026-09-22,"HTTP status, visible content, locale and links",No mutation; retain paired private pre-release backup
https://psitrends.com/index.php?Itemid=292&id=99&lang=ru&option=com_quix&view=page,https://psitrends.com/index.php?Itemid=292&id=99&lang=ru&option=com_quix&view=page,KEEP,ru-ru,200,https://psitrends.com/index.php?Itemid=292&id=99&lang=ru&option=com_quix&view=page,"[{""type"": ""menu_context"", ""id"": ""292"", ""language"": ""ru-RU""}]",CLAIM REVIEW,UNAVAILABLE: query inventory does not classify CTA,UNAVAILABLE: query inventory does not measure inlinks,UNAVAILABLE: processing,UNAVAILABLE: not exported,UNAVAILABLE,PRESERVE; individual editorial review pending,PsiTrends site steward,legacy-preservation,No relocation or deletion authorized by missing metrics,Meaningful Joomla query view; retain until exact equivalent and content reviewed,CMS-seeded query crawl2026-09-22,"HTTP status, visible content, locale and links",No mutation; retain paired private pre-release backup
https://psitrends.com/index.php?Itemid=293&id=100&lang=ru&option=com_quix&view=page,https://psitrends.com/index.php?Itemid=293&id=100&lang=ru&option=com_quix&view=page,KEEP,ru-ru,200,https://psitrends.com/index.php?Itemid=293&id=100&lang=ru&option=com_quix&view=page,"[{""type"": ""menu_context"", ""id"": ""293"", ""language"": ""ru-RU""}]",CLAIM REVIEW,UNAVAILABLE: query inventory does not classify CTA,UNAVAILABLE: query inventory does not measure inlinks,UNAVAILABLE: processing,UNAVAILABLE: not exported,UNAVAILABLE,PRESERVE; individual editorial review pending,PsiTrends site steward,legacy-preservation,No relocation or deletion authorized by missing metrics,Meaningful Joomla query view; retain until exact equivalent and content reviewed,CMS-seeded query crawl2026-09-22,"HTTP status, visible content, locale and links",No mutation; retain paired private pre-release backup
https://psitrends.com/index.php?Itemid=294&id=101&lang=ru&option=com_quix&view=page,https://psitrends.com/index.php?Itemid=294&id=101&lang=ru&option=com_quix&view=page,KEEP,ru-ru,200,https://psitrends.com/index.php?Itemid=294&id=101&lang=ru&option=com_quix&view=page,"[{""type"": ""menu_context"", ""id"": ""294"", ""language"": ""ru-RU""}]",CLAIM REVIEW,UNAVAILABLE: query inventory does not classify CTA,UNAVAILABLE: query inventory does not measure inlinks,UNAVAILABLE: processing,UNAVAILABLE: not exported,UNAVAILABLE,PRESERVE; individual editorial review pending,PsiTrends site steward,legacy-preservation,No relocation or deletion authorized by missing metrics,Meaningful Joomla query view; retain until exact equivalent and content reviewed,CMS-seeded query crawl2026-09-22,"HTTP status, visible content, locale and links",No mutation; retain paired private pre-release backup
https://psitrends.com/index.php?Itemid=295&id=102&lang=ru&option=com_quix&view=page,https://psitrends.com/index.php?Itemid=295&id=102&lang=ru&option=com_quix&view=page,KEEP,ru-ru,200,https://psitrends.com/index.php?Itemid=295&id=102&lang=ru&option=com_quix&view=page,"[{""type"": ""menu_context"", ""id"": ""295"", ""language"": ""ru-RU""}]",CLAIM REVIEW,UNAVAILABLE: query inventory does not classify CTA,UNAVAILABLE: query inventory does not measure inlinks,UNAVAILABLE: processing,UNAVAILABLE: not exported,UNAVAILABLE,PRESERVE; individual editorial review pending,PsiTrends site steward,legacy-preservation,No relocation or deletion authorized by missing metrics,Meaningful Joomla query view; retain until exact equivalent and content reviewed,CMS-seeded query crawl2026-09-22,"HTTP status, visible content, locale and links",No mutation; retain paired private pre-release backup
https://psitrends.com/index.php?Itemid=296&id=103&lang=ru&option=com_quix&view=page,https://psitrends.com/index.php?Itemid=296&id=103&lang=ru&option=com_quix&view=page,KEEP,ru-ru,200,https://psitrends.com/index.php?Itemid=296&id=103&lang=ru&option=com_quix&view=page,"[{""type"": ""menu_context"", ""id"": ""296"", ""language"": ""ru-RU""}]",CLAIM REVIEW,UNAVAILABLE: query inventory does not classify CTA,UNAVAILABLE: query inventory does not measure inlinks,UNAVAILABLE: processing,UNAVAILABLE: not exported,UNAVAILABLE,PRESERVE; individual editorial review pending,PsiTrends site steward,legacy-preservation,No relocation or deletion authorized by missing metrics,Meaningful Joomla query view; retain until exact equivalent and content reviewed,CMS-seeded query crawl2026-09-22,"HTTP status, visible content, locale and links",No mutation; retain paired private pre-release backup
https://psitrends.com/index.php?Itemid=297&id=104&lang=ru&option=com_quix&view=page,https://psitrends.com/index.php?Itemid=297&id=104&lang=ru&option=com_quix&view=page,KEEP,ru-ru,200,https://psitrends.com/index.php?Itemid=297&id=104&lang=ru&option=com_quix&view=page,"[{""type"": ""menu_context"", ""id"": ""297"", ""language"": ""ru-RU""}]",CLAIM REVIEW,UNAVAILABLE: query inventory does not classify CTA,UNAVAILABLE: query inventory does not measure inlinks,UNAVAILABLE: processing,UNAVAILABLE: not exported,UNAVAILABLE,PRESERVE; individual editorial review pending,PsiTrends site steward,legacy-preservation,No relocation or deletion authorized by missing metrics,Meaningful Joomla query view; retain until exact equivalent and content reviewed,CMS-seeded query crawl2026-09-22,"HTTP status, visible content, locale and links",No mutation; retain paired private pre-release backup
https://psitrends.com/index.php?Itemid=302&id=73&lang=en&option=com_quix&view=page,https://psitrends.com/index.php?Itemid=302&id=73&lang=en&option=com_quix&view=page,KEEP,en-gb,200,https://psitrends.com/index.php?Itemid=302&id=73&lang=en&option=com_quix&view=page,"[{""type"": ""menu_context"", ""id"": ""302"", ""language"": ""en-GB""}]",CLAIM REVIEW,UNAVAILABLE: query inventory does not classify CTA,UNAVAILABLE: query inventory does not measure inlinks,UNAVAILABLE: processing,UNAVAILABLE: not exported,UNAVAILABLE,PRESERVE; individual editorial review pending,PsiTrends site steward,legacy-preservation,No relocation or deletion authorized by missing metrics,Meaningful Joomla query view; retain until exact equivalent and content reviewed,CMS-seeded query crawl2026-09-22,"HTTP status, visible content, locale and links",No mutation; retain paired private pre-release backup
https://psitrends.com/index.php?Itemid=303&id=88&lang=en&option=com_quix&view=page,https://psitrends.com/index.php?Itemid=303&id=88&lang=en&option=com_quix&view=page,KEEP,en-gb,200,https://psitrends.com/index.php?Itemid=303&id=88&lang=en&option=com_quix&view=page,"[{""type"": ""menu_context"", ""id"": ""303"", ""language"": ""en-GB""}]",CLAIM REVIEW,UNAVAILABLE: query inventory does not classify CTA,UNAVAILABLE: query inventory does not measure inlinks,UNAVAILABLE: processing,UNAVAILABLE: not exported,UNAVAILABLE,PRESERVE; individual editorial review pending,PsiTrends site steward,legacy-preservation,No relocation or deletion authorized by missing metrics,Meaningful Joomla query view; retain until exact equivalent and content reviewed,CMS-seeded query crawl2026-09-22,"HTTP status, visible content, locale and links",No mutation; retain paired private pre-release backup
https://psitrends.com/index.php?Itemid=307&id=108&lang=en&option=com_quix&view=page,https://psitrends.com/index.php?Itemid=307&id=108&lang=en&option=com_quix&view=page,KEEP,en-gb,200,https://psitrends.com/index.php?Itemid=307&id=108&lang=en&option=com_quix&view=page,"[{""type"": ""menu_context"", ""id"": ""307"", ""language"": ""en-GB""}]",CLAIM REVIEW,UNAVAILABLE: query inventory does not classify CTA,UNAVAILABLE: query inventory does not measure inlinks,UNAVAILABLE: processing,UNAVAILABLE: not exported,UNAVAILABLE,PRESERVE; individual editorial review pending,PsiTrends site steward,legacy-preservation,No relocation or deletion authorized by missing metrics,Meaningful Joomla query view; retain until exact equivalent and content reviewed,CMS-seeded query crawl2026-09-22,"HTTP status, visible content, locale and links",No mutation; retain paired private pre-release backup
https://psitrends.com/index.php?Itemid=308&id=109&lang=en&option=com_quix&view=page,https://psitrends.com/index.php?Itemid=308&id=109&lang=en&option=com_quix&view=page,KEEP,en-gb,200,https://psitrends.com/index.php?Itemid=308&id=109&lang=en&option=com_quix&view=page,"[{""type"": ""menu_context"", ""id"": ""308"", ""language"": ""en-GB""}]",CLAIM REVIEW,UNAVAILABLE: query inventory does not classify CTA,UNAVAILABLE: query inventory does not measure inlinks,UNAVAILABLE: processing,UNAVAILABLE: not exported,UNAVAILABLE,PRESERVE; individual editorial review pending,PsiTrends site steward,legacy-preservation,No relocation or deletion authorized by missing metrics,Meaningful Joomla query view; retain until exact equivalent and content reviewed,CMS-seeded query crawl2026-09-22,"HTTP status, visible content, locale and links",No mutation; retain paired private pre-release backup
https://psitrends.com/index.php?Itemid=312&id=56&lang=en&option=com_quix&view=page,https://psitrends.com/index.php?Itemid=312&id=56&lang=en&option=com_quix&view=page,KEEP,en-gb,200,https://psitrends.com/index.php?Itemid=312&id=56&lang=en&option=com_quix&view=page,"[{""type"": ""menu_context"", ""id"": ""312"", ""language"": ""en-GB""}]",CLAIM REVIEW,UNAVAILABLE: query inventory does not classify CTA,UNAVAILABLE: query inventory does not measure inlinks,UNAVAILABLE: processing,UNAVAILABLE: not exported,UNAVAILABLE,PRESERVE; individual editorial review pending,PsiTrends site steward,legacy-preservation,No relocation or deletion authorized by missing metrics,Meaningful Joomla query view; retain until exact equivalent and content reviewed,CMS-seeded query crawl2026-09-22,"HTTP status, visible content, locale and links",No mutation; retain paired private pre-release backup
https://psitrends.com/index.php?Itemid=314&id=112&lang=ru&option=com_quix&view=page,https://psitrends.com/index.php?Itemid=314&id=112&lang=ru&option=com_quix&view=page,KEEP,ru-ru,200,https://psitrends.com/index.php?Itemid=314&id=112&lang=ru&option=com_quix&view=page,"[{""type"": ""menu_context"", ""id"": ""314"", ""language"": ""ru-RU""}]",CLAIM REVIEW,UNAVAILABLE: query inventory does not classify CTA,UNAVAILABLE: query inventory does not measure inlinks,UNAVAILABLE: processing,UNAVAILABLE: not exported,UNAVAILABLE,PRESERVE; individual editorial review pending,PsiTrends site steward,legacy-preservation,No relocation or deletion authorized by missing metrics,Meaningful Joomla query view; retain until exact equivalent and content reviewed,CMS-seeded query crawl2026-09-22,"HTTP status, visible content, locale and links",No mutation; retain paired private pre-release backup
https://psitrends.com/index.php?Itemid=315&id=113&lang=ru&option=com_quix&view=page,https://psitrends.com/index.php?Itemid=315&id=113&lang=ru&option=com_quix&view=page,KEEP,ru-ru,200,https://psitrends.com/index.php?Itemid=315&id=113&lang=ru&option=com_quix&view=page,"[{""type"": ""menu_context"", ""id"": ""315"", ""language"": ""ru-RU""}]",CLAIM REVIEW,UNAVAILABLE: query inventory does not classify CTA,UNAVAILABLE: query inventory does not measure inlinks,UNAVAILABLE: processing,UNAVAILABLE: not exported,UNAVAILABLE,PRESERVE; individual editorial review pending,PsiTrends site steward,legacy-preservation,No relocation or deletion authorized by missing metrics,Meaningful Joomla query view; retain until exact equivalent and content reviewed,CMS-seeded query crawl2026-09-22,"HTTP status, visible content, locale and links",No mutation; retain paired private pre-release backup
https://psitrends.com/index.php?Itemid=317&id=111&lang=ru&option=com_quix&view=page,https://psitrends.com/index.php?Itemid=317&id=111&lang=ru&option=com_quix&view=page,KEEP,ru-ru,200,https://psitrends.com/index.php?Itemid=317&id=111&lang=ru&option=com_quix&view=page,"[{""type"": ""menu_context"", ""id"": ""317"", ""language"": ""ru-RU""}]",CLAIM REVIEW,UNAVAILABLE: query inventory does not classify CTA,UNAVAILABLE: query inventory does not measure inlinks,UNAVAILABLE: processing,UNAVAILABLE: not exported,UNAVAILABLE,PRESERVE; individual editorial review pending,PsiTrends site steward,legacy-preservation,No relocation or deletion authorized by missing metrics,Meaningful Joomla query view; retain until exact equivalent and content reviewed,CMS-seeded query crawl2026-09-22,"HTTP status, visible content, locale and links",No mutation; retain paired private pre-release backup
https://psitrends.com/index.php?Itemid=318&id=85&lang=ru&option=com_quix&view=page,https://psitrends.com/index.php?Itemid=318&id=85&lang=ru&option=com_quix&view=page,KEEP,ru-ru,200,https://psitrends.com/index.php?Itemid=318&id=85&lang=ru&option=com_quix&view=page,"[{""type"": ""menu_context"", ""id"": ""318"", ""language"": ""ru-RU""}]",CLAIM REVIEW,UNAVAILABLE: query inventory does not classify CTA,UNAVAILABLE: query inventory does not measure inlinks,UNAVAILABLE: processing,UNAVAILABLE: not exported,UNAVAILABLE,PRESERVE; individual editorial review pending,PsiTrends site steward,legacy-preservation,No relocation or deletion authorized by missing metrics,Meaningful Joomla query view; retain until exact equivalent and content reviewed,CMS-seeded query crawl2026-09-22,"HTTP status, visible content, locale and links",No mutation; retain paired private pre-release backup
https://psitrends.com/index.php?Itemid=320&id=33&lang=ru&option=com_quix&view=page,https://psitrends.com/index.php?Itemid=320&id=33&lang=ru&option=com_quix&view=page,KEEP,ru-ru,200,https://psitrends.com/index.php?Itemid=320&id=33&lang=ru&option=com_quix&view=page,"[{""type"": ""menu_context"", ""id"": ""320"", ""language"": ""ru-RU""}]",CLAIM REVIEW,UNAVAILABLE: query inventory does not classify CTA,UNAVAILABLE: query inventory does not measure inlinks,UNAVAILABLE: processing,UNAVAILABLE: not exported,UNAVAILABLE,PRESERVE; individual editorial review pending,PsiTrends site steward,legacy-preservation,No relocation or deletion authorized by missing metrics,Meaningful Joomla query view; retain until exact equivalent and content reviewed,CMS-seeded query crawl2026-09-22,"HTTP status, visible content, locale and links",No mutation; retain paired private pre-release backup
https://psitrends.com/index.php?Itemid=323&id=89&lang=ru&option=com_quix&view=page,https://psitrends.com/index.php?Itemid=323&id=89&lang=ru&option=com_quix&view=page,KEEP,ru-ru,200,https://psitrends.com/index.php?Itemid=323&id=89&lang=ru&option=com_quix&view=page,"[{""type"": ""menu_context"", ""id"": ""323"", ""language"": ""ru-RU""}]",CLAIM REVIEW,UNAVAILABLE: query inventory does not classify CTA,UNAVAILABLE: query inventory does not measure inlinks,UNAVAILABLE: processing,UNAVAILABLE: not exported,UNAVAILABLE,PRESERVE; individual editorial review pending,PsiTrends site steward,legacy-preservation,No relocation or deletion authorized by missing metrics,Meaningful Joomla query view; retain until exact equivalent and content reviewed,CMS-seeded query crawl2026-09-22,"HTTP status, visible content, locale and links",No mutation; retain paired private pre-release backup
https://psitrends.com/index.php?Itemid=324&id=28&lang=ru&option=com_quix&view=page,https://psitrends.com/index.php?Itemid=324&id=28&lang=ru&option=com_quix&view=page,KEEP,ru-ru,200,https://psitrends.com/index.php?Itemid=324&id=28&lang=ru&option=com_quix&view=page,"[{""type"": ""menu_context"", ""id"": ""324"", ""language"": ""ru-RU""}]",CLAIM REVIEW,UNAVAILABLE: query inventory does not classify CTA,UNAVAILABLE: query inventory does not measure inlinks,UNAVAILABLE: processing,UNAVAILABLE: not exported,UNAVAILABLE,PRESERVE; individual editorial review pending,PsiTrends site steward,legacy-preservation,No relocation or deletion authorized by missing metrics,Meaningful Joomla query view; retain until exact equivalent and content reviewed,CMS-seeded query crawl2026-09-22,"HTTP status, visible content, locale and links",No mutation; retain paired private pre-release backup
https://psitrends.com/index.php?Itemid=325&id=53&lang=ru&option=com_quix&view=page,https://psitrends.com/index.php?Itemid=325&id=53&lang=ru&option=com_quix&view=page,KEEP,ru-ru,200,https://psitrends.com/index.php?Itemid=325&id=53&lang=ru&option=com_quix&view=page,"[{""type"": ""menu_context"", ""id"": ""325"", ""language"": ""ru-RU""}]",CLAIM REVIEW,UNAVAILABLE: query inventory does not classify CTA,UNAVAILABLE: query inventory does not measure inlinks,UNAVAILABLE: processing,UNAVAILABLE: not exported,UNAVAILABLE,PRESERVE; individual editorial review pending,PsiTrends site steward,legacy-preservation,No relocation or deletion authorized by missing metrics,Meaningful Joomla query view; retain until exact equivalent and content reviewed,CMS-seeded query crawl2026-09-22,"HTTP status, visible content, locale and links",No mutation; retain paired private pre-release backup
https://psitrends.com/index.php?Itemid=326&id=57&lang=ru&option=com_quix&view=page,https://psitrends.com/index.php?Itemid=326&id=57&lang=ru&option=com_quix&view=page,KEEP,ru-ru,200,https://psitrends.com/index.php?Itemid=326&id=57&lang=ru&option=com_quix&view=page,"[{""type"": ""menu_context"", ""id"": ""326"", ""language"": ""ru-RU""}]",CLAIM REVIEW,UNAVAILABLE: query inventory does not classify CTA,UNAVAILABLE: query inventory does not measure inlinks,UNAVAILABLE: processing,UNAVAILABLE: not exported,UNAVAILABLE,PRESERVE; individual editorial review pending,PsiTrends site steward,legacy-preservation,No relocation or deletion authorized by missing metrics,Meaningful Joomla query view; retain until exact equivalent and content reviewed,CMS-seeded query crawl2026-09-22,"HTTP status, visible content, locale and links",No mutation; retain paired private pre-release backup
https://psitrends.com/index.php?Itemid=327&id=121&lang=ru&option=com_quix&view=page,https://psitrends.com/index.php?Itemid=327&id=121&lang=ru&option=com_quix&view=page,KEEP,ru-ru,200,https://psitrends.com/index.php?Itemid=327&id=121&lang=ru&option=com_quix&view=page,"[{""type"": ""menu_context"", ""id"": ""327"", ""language"": ""ru-RU""}]",CLAIM REVIEW,UNAVAILABLE: query inventory does not classify CTA,UNAVAILABLE: query inventory does not measure inlinks,UNAVAILABLE: processing,UNAVAILABLE: not exported,UNAVAILABLE,PRESERVE; individual editorial review pending,PsiTrends site steward,legacy-preservation,No relocation or deletion authorized by missing metrics,Meaningful Joomla query view; retain until exact equivalent and content reviewed,CMS-seeded query crawl2026-09-22,"HTTP status, visible content, locale and links",No mutation; retain paired private pre-release backup
https://psitrends.com/index.php?Itemid=330&id=120&lang=en&option=com_quix&view=page,https://psitrends.com/index.php?Itemid=330&id=120&lang=en&option=com_quix&view=page,KEEP,en-gb,200,https://psitrends.com/index.php?Itemid=330&id=120&lang=en&option=com_quix&view=page,"[{""type"": ""menu_context"", ""id"": ""330"", ""language"": ""en-GB""}]",CLAIM REVIEW,UNAVAILABLE: query inventory does not classify CTA,UNAVAILABLE: query inventory does not measure inlinks,UNAVAILABLE: processing,UNAVAILABLE: not exported,UNAVAILABLE,PRESERVE; individual editorial review pending,PsiTrends site steward,legacy-preservation,No relocation or deletion authorized by missing metrics,Meaningful Joomla query view; retain until exact equivalent and content reviewed,CMS-seeded query crawl2026-09-22,"HTTP status, visible content, locale and links",No mutation; retain paired private pre-release backup
https://psitrends.com/index.php?Itemid=332&id=122&lang=en&option=com_quix&view=page,https://psitrends.com/index.php?Itemid=332&id=122&lang=en&option=com_quix&view=page,KEEP,en-gb,200,https://psitrends.com/index.php?Itemid=332&id=122&lang=en&option=com_quix&view=page,"[{""type"": ""menu_context"", ""id"": ""332"", ""language"": ""en-GB""}]",CLAIM REVIEW,UNAVAILABLE: query inventory does not classify CTA,UNAVAILABLE: query inventory does not measure inlinks,UNAVAILABLE: processing,UNAVAILABLE: not exported,UNAVAILABLE,PRESERVE; individual editorial review pending,PsiTrends site steward,legacy-preservation,No relocation or deletion authorized by missing metrics,Meaningful Joomla query view; retain until exact equivalent and content reviewed,CMS-seeded query crawl2026-09-22,"HTTP status, visible content, locale and links",No mutation; retain paired private pre-release backup
https://psitrends.com/index.php?Itemid=333&id=32&lang=en&option=com_quix&view=page,https://psitrends.com/index.php?Itemid=333&id=32&lang=en&option=com_quix&view=page,KEEP,en-gb,200,https://psitrends.com/index.php?Itemid=333&id=32&lang=en&option=com_quix&view=page,"[{""type"": ""menu_context"", ""id"": ""333"", ""language"": ""en-GB""}]",CLAIM REVIEW,UNAVAILABLE: query inventory does not classify CTA,UNAVAILABLE: query inventory does not measure inlinks,UNAVAILABLE: processing,UNAVAILABLE: not exported,UNAVAILABLE,PRESERVE; individual editorial review pending,PsiTrends site steward,legacy-preservation,No relocation or deletion authorized by missing metrics,Meaningful Joomla query view; retain until exact equivalent and content reviewed,CMS-seeded query crawl2026-09-22,"HTTP status, visible content, locale and links",No mutation; retain paired private pre-release backup
https://psitrends.com/index.php?Itemid=334&id=123&lang=ru&option=com_quix&view=page,https://psitrends.com/index.php?Itemid=334&id=123&lang=ru&option=com_quix&view=page,KEEP,ru-ru,200,https://psitrends.com/index.php?Itemid=334&id=123&lang=ru&option=com_quix&view=page,"[{""type"": ""menu_context"", ""id"": ""334"", ""language"": ""ru-RU""}]",CLAIM REVIEW,UNAVAILABLE: query inventory does not classify CTA,UNAVAILABLE: query inventory does not measure inlinks,UNAVAILABLE: processing,UNAVAILABLE: not exported,UNAVAILABLE,PRESERVE; individual editorial review pending,PsiTrends site steward,legacy-preservation,No relocation or deletion authorized by missing metrics,Meaningful Joomla query view; retain until exact equivalent and content reviewed,CMS-seeded query crawl2026-09-22,"HTTP status, visible content, locale and links",No mutation; retain paired private pre-release backup
https://psitrends.com/index.php?Itemid=335&id=124&lang=ru&option=com_quix&view=page,https://psitrends.com/index.php?Itemid=335&id=124&lang=ru&option=com_quix&view=page,KEEP,ru-ru,200,https://psitrends.com/index.php?Itemid=335&id=124&lang=ru&option=com_quix&view=page,"[{""type"": ""menu_context"", ""id"": ""335"", ""language"": ""ru-RU""}]",CLAIM REVIEW,UNAVAILABLE: query inventory does not classify CTA,UNAVAILABLE: query inventory does not measure inlinks,UNAVAILABLE: processing,UNAVAILABLE: not exported,UNAVAILABLE,PRESERVE; individual editorial review pending,PsiTrends site steward,legacy-preservation,No relocation or deletion authorized by missing metrics,Meaningful Joomla query view; retain until exact equivalent and content reviewed,CMS-seeded query crawl2026-09-22,"HTTP status, visible content, locale and links",No mutation; retain paired private pre-release backup
https://psitrends.com/index.php?Itemid=336&id=125&lang=ru&option=com_quix&view=page,https://psitrends.com/index.php?Itemid=336&id=125&lang=ru&option=com_quix&view=page,KEEP,ru-ru,200,https://psitrends.com/index.php?Itemid=336&id=125&lang=ru&option=com_quix&view=page,"[{""type"": ""menu_context"", ""id"": ""336"", ""language"": ""ru-RU""}]",CLAIM REVIEW,UNAVAILABLE: query inventory does not classify CTA,UNAVAILABLE: query inventory does not measure inlinks,UNAVAILABLE: processing,UNAVAILABLE: not exported,UNAVAILABLE,PRESERVE; individual editorial review pending,PsiTrends site steward,legacy-preservation,No relocation or deletion authorized by missing metrics,Meaningful Joomla query view; retain until exact equivalent and content reviewed,CMS-seeded query crawl2026-09-22,"HTTP status, visible content, locale and links",No mutation; retain paired private pre-release backup
https://psitrends.com/index.php?Itemid=337&id=126&lang=ru&option=com_quix&view=page,https://psitrends.com/index.php?Itemid=337&id=126&lang=ru&option=com_quix&view=page,KEEP,ru-ru,200,https://psitrends.com/index.php?Itemid=337&id=126&lang=ru&option=com_quix&view=page,"[{""type"": ""menu_context"", ""id"": ""337"", ""language"": ""ru-RU""}]",CLAIM REVIEW,UNAVAILABLE: query inventory does not classify CTA,UNAVAILABLE: query inventory does not measure inlinks,UNAVAILABLE: processing,UNAVAILABLE: not exported,UNAVAILABLE,PRESERVE; individual editorial review pending,PsiTrends site steward,legacy-preservation,No relocation or deletion authorized by missing metrics,Meaningful Joomla query view; retain until exact equivalent and content reviewed,CMS-seeded query crawl2026-09-22,"HTTP status, visible content, locale and links",No mutation; retain paired private pre-release backup
https://psitrends.com/index.php?Itemid=338&id=127&lang=en&option=com_quix&view=page,https://psitrends.com/index.php?Itemid=338&id=127&lang=en&option=com_quix&view=page,KEEP,en-gb,200,https://psitrends.com/index.php?Itemid=338&id=127&lang=en&option=com_quix&view=page,"[{""type"": ""menu_context"", ""id"": ""338"", ""language"": ""en-GB""}]",CLAIM REVIEW,UNAVAILABLE: query inventory does not classify CTA,UNAVAILABLE: query inventory does not measure inlinks,UNAVAILABLE: processing,UNAVAILABLE: not exported,UNAVAILABLE,PRESERVE; individual editorial review pending,PsiTrends site steward,legacy-preservation,No relocation or deletion authorized by missing metrics,Meaningful Joomla query view; retain until exact equivalent and content reviewed,CMS-seeded query crawl2026-09-22,"HTTP status, visible content, locale and links",No mutation; retain paired private pre-release backup
https://psitrends.com/index.php?Itemid=339&id=128&lang=en&option=com_quix&view=page,https://psitrends.com/index.php?Itemid=339&id=128&lang=en&option=com_quix&view=page,KEEP,en-gb,200,https://psitrends.com/index.php?Itemid=339&id=128&lang=en&option=com_quix&view=page,"[{""type"": ""menu_context"", ""id"": ""339"", ""language"": ""en-GB""}]",CLAIM REVIEW,UNAVAILABLE: query inventory does not classify CTA,UNAVAILABLE: query inventory does not measure inlinks,UNAVAILABLE: processing,UNAVAILABLE: not exported,UNAVAILABLE,PRESERVE; individual editorial review pending,PsiTrends site steward,legacy-preservation,No relocation or deletion authorized by missing metrics,Meaningful Joomla query view; retain until exact equivalent and content reviewed,CMS-seeded query crawl2026-09-22,"HTTP status, visible content, locale and links",No mutation; retain paired private pre-release backup
https://psitrends.com/index.php?Itemid=340&id=129&lang=en&option=com_quix&view=page,https://psitrends.com/index.php?Itemid=340&id=129&lang=en&option=com_quix&view=page,KEEP,en-gb,200,https://psitrends.com/index.php?Itemid=340&id=129&lang=en&option=com_quix&view=page,"[{""type"": ""menu_context"", ""id"": ""340"", ""language"": ""en-GB""}]",CLAIM REVIEW,UNAVAILABLE: query inventory does not classify CTA,UNAVAILABLE: query inventory does not measure inlinks,UNAVAILABLE: processing,UNAVAILABLE: not exported,UNAVAILABLE,PRESERVE; individual editorial review pending,PsiTrends site steward,legacy-preservation,No relocation or deletion authorized by missing metrics,Meaningful Joomla query view; retain until exact equivalent and content reviewed,CMS-seeded query crawl2026-09-22,"HTTP status, visible content, locale and links",No mutation; retain paired private pre-release backup
https://psitrends.com/index.php?Itemid=341&id=130&lang=en&option=com_quix&view=page,https://psitrends.com/index.php?Itemid=341&id=130&lang=en&option=com_quix&view=page,KEEP,en-gb,200,https://psitrends.com/index.php?Itemid=341&id=130&lang=en&option=com_quix&view=page,"[{""type"": ""menu_context"", ""id"": ""341"", ""language"": ""en-GB""}]",CLAIM REVIEW,UNAVAILABLE: query inventory does not classify CTA,UNAVAILABLE: query inventory does not measure inlinks,UNAVAILABLE: processing,UNAVAILABLE: not exported,UNAVAILABLE,PRESERVE; individual editorial review pending,PsiTrends site steward,legacy-preservation,No relocation or deletion authorized by missing metrics,Meaningful Joomla query view; retain until exact equivalent and content reviewed,CMS-seeded query crawl2026-09-22,"HTTP status, visible content, locale and links",No mutation; retain paired private pre-release backup
https://psitrends.com/index.php?Itemid=342&id=131&lang=ru&option=com_quix&view=page,https://psitrends.com/index.php?Itemid=342&id=131&lang=ru&option=com_quix&view=page,KEEP,ru-ru,200,https://psitrends.com/index.php?Itemid=342&id=131&lang=ru&option=com_quix&view=page,"[{""type"": ""menu_context"", ""id"": ""342"", ""language"": ""ru-RU""}]",CLAIM REVIEW,UNAVAILABLE: query inventory does not classify CTA,UNAVAILABLE: query inventory does not measure inlinks,UNAVAILABLE: processing,UNAVAILABLE: not exported,UNAVAILABLE,PRESERVE; individual editorial review pending,PsiTrends site steward,legacy-preservation,No relocation or deletion authorized by missing metrics,Meaningful Joomla query view; retain until exact equivalent and content reviewed,CMS-seeded query crawl2026-09-22,"HTTP status, visible content, locale and links",No mutation; retain paired private pre-release backup
https://psitrends.com/index.php?Itemid=343&id=132&lang=ru&option=com_quix&view=page,https://psitrends.com/index.php?Itemid=343&id=132&lang=ru&option=com_quix&view=page,KEEP,ru-ru,200,https://psitrends.com/index.php?Itemid=343&id=132&lang=ru&option=com_quix&view=page,"[{""type"": ""menu_context"", ""id"": ""343"", ""language"": ""ru-RU""}]",CLAIM REVIEW,UNAVAILABLE: query inventory does not classify CTA,UNAVAILABLE: query inventory does not measure inlinks,UNAVAILABLE: processing,UNAVAILABLE: not exported,UNAVAILABLE,PRESERVE; individual editorial review pending,PsiTrends site steward,legacy-preservation,No relocation or deletion authorized by missing metrics,Meaningful Joomla query view; retain until exact equivalent and content reviewed,CMS-seeded query crawl2026-09-22,"HTTP status, visible content, locale and links",No mutation; retain paired private pre-release backup
https://psitrends.com/index.php?Itemid=344&id=133&lang=ru&option=com_quix&view=page,https://psitrends.com/index.php?Itemid=344&id=133&lang=ru&option=com_quix&view=page,KEEP,ru-ru,200,https://psitrends.com/index.php?Itemid=344&id=133&lang=ru&option=com_quix&view=page,"[{""type"": ""menu_context"", ""id"": ""344"", ""language"": ""ru-RU""}]",CLAIM REVIEW,UNAVAILABLE: query inventory does not classify CTA,UNAVAILABLE: query inventory does not measure inlinks,UNAVAILABLE: processing,UNAVAILABLE: not exported,UNAVAILABLE,PRESERVE; individual editorial review pending,PsiTrends site steward,legacy-preservation,No relocation or deletion authorized by missing metrics,Meaningful Joomla query view; retain until exact equivalent and content reviewed,CMS-seeded query crawl2026-09-22,"HTTP status, visible content, locale and links",No mutation; retain paired private pre-release backup
https://psitrends.com/index.php?Itemid=345&id=134&lang=ru&option=com_quix&view=page,https://psitrends.com/index.php?Itemid=345&id=134&lang=ru&option=com_quix&view=page,KEEP,ru-ru,200,https://psitrends.com/index.php?Itemid=345&id=134&lang=ru&option=com_quix&view=page,"[{""type"": ""menu_context"", ""id"": ""345"", ""language"": ""ru-RU""}]",CLAIM REVIEW,UNAVAILABLE: query inventory does not classify CTA,UNAVAILABLE: query inventory does not measure inlinks,UNAVAILABLE: processing,UNAVAILABLE: not exported,UNAVAILABLE,PRESERVE; individual editorial review pending,PsiTrends site steward,legacy-preservation,No relocation or deletion authorized by missing metrics,Meaningful Joomla query view; retain until exact equivalent and content reviewed,CMS-seeded query crawl2026-09-22,"HTTP status, visible content, locale and links",No mutation; retain paired private pre-release backup
https://psitrends.com/index.php?Itemid=346&id=135&lang=en&option=com_quix&view=page,https://psitrends.com/index.php?Itemid=346&id=135&lang=en&option=com_quix&view=page,KEEP,en-gb,200,https://psitrends.com/index.php?Itemid=346&id=135&lang=en&option=com_quix&view=page,"[{""type"": ""menu_context"", ""id"": ""346"", ""language"": ""en-GB""}]",CLAIM REVIEW,UNAVAILABLE: query inventory does not classify CTA,UNAVAILABLE: query inventory does not measure inlinks,UNAVAILABLE: processing,UNAVAILABLE: not exported,UNAVAILABLE,PRESERVE; individual editorial review pending,PsiTrends site steward,legacy-preservation,No relocation or deletion authorized by missing metrics,Meaningful Joomla query view; retain until exact equivalent and content reviewed,CMS-seeded query crawl2026-09-22,"HTTP status, visible content, locale and links",No mutation; retain paired private pre-release backup
https://psitrends.com/index.php?Itemid=347&id=136&lang=en&option=com_quix&view=page,https://psitrends.com/index.php?Itemid=347&id=136&lang=en&option=com_quix&view=page,KEEP,en-gb,200,https://psitrends.com/index.php?Itemid=347&id=136&lang=en&option=com_quix&view=page,"[{""type"": ""menu_context"", ""id"": ""347"", ""language"": ""en-GB""}]",CLAIM REVIEW,UNAVAILABLE: query inventory does not classify CTA,UNAVAILABLE: query inventory does not measure inlinks,UNAVAILABLE: processing,UNAVAILABLE: not exported,UNAVAILABLE,PRESERVE; individual editorial review pending,PsiTrends site steward,legacy-preservation,No relocation or deletion authorized by missing metrics,Meaningful Joomla query view; retain until exact equivalent and content reviewed,CMS-seeded query crawl2026-09-22,"HTTP status, visible content, locale and links",No mutation; retain paired private pre-release backup
https://psitrends.com/index.php?Itemid=348&id=137&lang=en&option=com_quix&view=page,https://psitrends.com/index.php?Itemid=348&id=137&lang=en&option=com_quix&view=page,KEEP,en-gb,200,https://psitrends.com/index.php?Itemid=348&id=137&lang=en&option=com_quix&view=page,"[{""type"": ""menu_context"", ""id"": ""348"", ""language"": ""en-GB""}]",CLAIM REVIEW,UNAVAILABLE: query inventory does not classify CTA,UNAVAILABLE: query inventory does not measure inlinks,UNAVAILABLE: processing,UNAVAILABLE: not exported,UNAVAILABLE,PRESERVE; individual editorial review pending,PsiTrends site steward,legacy-preservation,No relocation or deletion authorized by missing metrics,Meaningful Joomla query view; retain until exact equivalent and content reviewed,CMS-seeded query crawl2026-09-22,"HTTP status, visible content, locale and links",No mutation; retain paired private pre-release backup
https://psitrends.com/index.php?Itemid=349&id=138&lang=en&option=com_quix&view=page,https://psitrends.com/index.php?Itemid=349&id=138&lang=en&option=com_quix&view=page,KEEP,en-gb,200,https://psitrends.com/index.php?Itemid=349&id=138&lang=en&option=com_quix&view=page,"[{""type"": ""menu_context"", ""id"": ""349"", ""language"": ""en-GB""}]",CLAIM REVIEW,UNAVAILABLE: query inventory does not classify CTA,UNAVAILABLE: query inventory does not measure inlinks,UNAVAILABLE: processing,UNAVAILABLE: not exported,UNAVAILABLE,PRESERVE; individual editorial review pending,PsiTrends site steward,legacy-preservation,No relocation or deletion authorized by missing metrics,Meaningful Joomla query view; retain until exact equivalent and content reviewed,CMS-seeded query crawl2026-09-22,"HTTP status, visible content, locale and links",No mutation; retain paired private pre-release backup
https://psitrends.com/index.php?Itemid=350&id=140&lang=ru&option=com_quix&view=page,https://psitrends.com/index.php?Itemid=350&id=140&lang=ru&option=com_quix&view=page,KEEP,ru-ru,200,https://psitrends.com/index.php?Itemid=350&id=140&lang=ru&option=com_quix&view=page,"[{""type"": ""menu_context"", ""id"": ""350"", ""language"": ""ru-RU""}]",CLAIM REVIEW,UNAVAILABLE: query inventory does not classify CTA,UNAVAILABLE: query inventory does not measure inlinks,UNAVAILABLE: processing,UNAVAILABLE: not exported,UNAVAILABLE,PRESERVE; individual editorial review pending,PsiTrends site steward,legacy-preservation,No relocation or deletion authorized by missing metrics,Meaningful Joomla query view; retain until exact equivalent and content reviewed,CMS-seeded query crawl2026-09-22,"HTTP status, visible content, locale and links",No mutation; retain paired private pre-release backup
https://psitrends.com/index.php?Itemid=351&id=139&lang=en&option=com_quix&view=page,https://psitrends.com/index.php?Itemid=351&id=139&lang=en&option=com_quix&view=page,KEEP,en-gb,200,https://psitrends.com/index.php?Itemid=351&id=139&lang=en&option=com_quix&view=page,"[{""type"": ""menu_context"", ""id"": ""351"", ""language"": ""en-GB""}]",CLAIM REVIEW,UNAVAILABLE: query inventory does not classify CTA,UNAVAILABLE: query inventory does not measure inlinks,UNAVAILABLE: processing,UNAVAILABLE: not exported,UNAVAILABLE,PRESERVE; individual editorial review pending,PsiTrends site steward,legacy-preservation,No relocation or deletion authorized by missing metrics,Meaningful Joomla query view; retain until exact equivalent and content reviewed,CMS-seeded query crawl2026-09-22,"HTTP status, visible content, locale and links",No mutation; retain paired private pre-release backup
https://sales-bwa-photo.pages.dev/hypnotherapy-toronto,https://psitrends.com/hypnotherapy-toronto,301,en,,,,CURRENT OFFER,,,UNAVAILABLE: processing,UNAVAILABLE: not exported,UNAVAILABLE,READY; target production verification required,PsiTrends site steward,first-party-service-migration,"First-party200, canonical/indexability, consent and CTA verified",Consolidate exact interim service equivalents without duplicate indexed pages,Existing service source; native preview; exact redirect tests,Six301 variants; query preservation; final200; no loops; CF root unchanged,Previous Cloudflare deployment; revert migration flag only with canonical review
https://sales-bwa-photo.pages.dev/hypnotherapy-toronto.html,https://psitrends.com/hypnotherapy-toronto,301,en,,,,CURRENT OFFER,,,UNAVAILABLE: processing,UNAVAILABLE: not exported,UNAVAILABLE,READY; target production verification required,PsiTrends site steward,first-party-service-migration,"First-party200, canonical/indexability, consent and CTA verified",Consolidate exact interim service equivalents without duplicate indexed pages,Existing service source; native preview; exact redirect tests,Six301 variants; query preservation; final200; no loops; CF root unchanged,Previous Cloudflare deployment; revert migration flag only with canonical review
https://sales-bwa-photo.pages.dev/hypnotherapy-toronto/,https://psitrends.com/hypnotherapy-toronto,301,en,,,,CURRENT OFFER,,,UNAVAILABLE: processing,UNAVAILABLE: not exported,UNAVAILABLE,READY; target production verification required,PsiTrends site steward,first-party-service-migration,"First-party200, canonical/indexability, consent and CTA verified",Consolidate exact interim service equivalents without duplicate indexed pages,Existing service source; native preview; exact redirect tests,Six301 variants; query preservation; final200; no loops; CF root unchanged,Previous Cloudflare deployment; revert migration flag only with canonical review
https://sales-bwa-photo.pages.dev/systemic-constellations-toronto,https://psitrends.com/systemic-constellations-toronto,301,en,,,,CURRENT OFFER,,,UNAVAILABLE: processing,UNAVAILABLE: not exported,UNAVAILABLE,READY; target production verification required,PsiTrends site steward,first-party-service-migration,"First-party200, canonical/indexability, consent and CTA verified",Consolidate exact interim service equivalents without duplicate indexed pages,Existing service source; native preview; exact redirect tests,Six301 variants; query preservation; final200; no loops; CF root unchanged,Previous Cloudflare deployment; revert migration flag only with canonical review
https://sales-bwa-photo.pages.dev/systemic-constellations-toronto.html,https://psitrends.com/systemic-constellations-toronto,301,en,,,,CURRENT OFFER,,,UNAVAILABLE: processing,UNAVAILABLE: not exported,UNAVAILABLE,READY; target production verification required,PsiTrends site steward,first-party-service-migration,"First-party200, canonical/indexability, consent and CTA verified",Consolidate exact interim service equivalents without duplicate indexed pages,Existing service source; native preview; exact redirect tests,Six301 variants; query preservation; final200; no loops; CF root unchanged,Previous Cloudflare deployment; revert migration flag only with canonical review
https://sales-bwa-photo.pages.dev/systemic-constellations-toronto/,https://psitrends.com/systemic-constellations-toronto,301,en,,,,CURRENT OFFER,,,UNAVAILABLE: processing,UNAVAILABLE: not exported,UNAVAILABLE,READY; target production verification required,PsiTrends site steward,first-party-service-migration,"First-party200, canonical/indexability, consent and CTA verified",Consolidate exact interim service equivalents without duplicate indexed pages,Existing service source; native preview; exact redirect tests,Six301 variants; query preservation; final200; no loops; CF root unchanged,Previous Cloudflare deployment; revert migration flag only with canonical review
